# Probe 0 (0.135 -0.07 0)
# Probe 1 (0.07 0 0)
# Probe 2 (0.04 0 -0.12)
# Probe 3 (0 0 0.1)
#       Probe             0             1             2             3
#        Time
        5e-05       41301.1         19246       17298.7       5738.41
       0.0001      -295.063      -125.207      -111.701      -41.0114
      0.00015       91.9054       39.1945       43.1975       9.00509
       0.0002       73.7524       37.1107       40.8984        7.1871
      0.00025       55.5176       35.2888       38.5732       5.88643
       0.0003       44.1735       32.5062       36.0788       4.90752
      0.00035       33.3038       29.7998       33.6417        4.1508
       0.0004       24.9698       27.6332       31.5745       3.55733
      0.00045       18.3255       25.5371       29.9007       3.08354
       0.0005       13.8103       24.1115       28.4145       2.70352
      0.00055       9.38325       22.5609       27.2065       2.39645
       0.0006       6.70188       21.4013       26.0935       2.14422
      0.00065     -0.306994       20.2558       25.2098       1.93783
       0.0007       1.53148       19.3489       24.3373       1.76699
      0.00075       2.92483         18.27       23.6123       1.62395
       0.0008      0.518493       17.3727        23.021       1.50455
      0.00085     -0.356433       16.7425        22.474       1.40242
       0.0009      -1.02638       16.0277       21.9952       1.31427
      0.00095     -0.458426       15.4162       21.5624       1.24203
        0.001     -0.976113       14.9324       21.1901        1.1815
      0.00105      -1.23633       14.4312       20.8381       1.12271
       0.0011     -0.790227       13.8469       20.5396        1.0777
      0.00115       -3.7371       13.5805       20.2701       1.03592
       0.0012      -5.44983       13.4764       20.0247      0.998394
      0.00125      -2.60192       12.7817       19.8048      0.967979
       0.0013      -2.43518       12.3909       19.6092      0.941333
      0.00135      -2.51043       12.0938        19.427      0.917445
       0.0014      -1.72455       11.7171       19.2715      0.897206
      0.00145      -1.29925       11.4118       19.1266      0.878633
       0.0015      -1.02869       11.1344       18.9937      0.862227
      0.00155     -0.954197       10.8683        18.873      0.846465
       0.0016     -0.754636       10.6398       18.7608      0.833457
      0.00165     -0.717181       10.4304       18.6558      0.821871
       0.0017      -0.67169       10.2156       18.5657       0.81105
      0.00175      -1.00272       10.0674       18.4816      0.801263
       0.0018       1.46802       9.65834       18.4007      0.793136
      0.00185     -0.344461        9.6401       18.3192      0.784157
       0.0019     -0.714417       9.50751        18.258      0.777146
      0.00195     -0.279175       9.30055       18.1946      0.770926
        0.002     -0.728107       9.18468       18.1356      0.765379
      0.00205      -1.17039       9.07785       18.0793      0.759963
       0.0021     -0.424419       8.80564       18.0261      0.755794
      0.00215     -0.635482       8.67717       17.9751       0.75076
       0.0022     -0.625596       8.53144       17.9261       0.74739
      0.00225     -0.871537       8.40003       17.8813      0.743755
       0.0023     -0.645146       8.27727       17.8349      0.740534
      0.00235      -0.93987       8.14971       17.8072      0.737544
       0.0024     -0.991883       8.02555       17.7693      0.734749
      0.00245     -0.937656       7.87646       17.7385      0.732685
       0.0025     -0.321753       7.72782       17.7052      0.730646
      0.00255     -0.754073       7.65206       17.6948      0.731016
       0.0026     -0.626184       7.51195       17.6529      0.724053
      0.00265     -0.629042       7.43388       17.6393      0.724701
       0.0027     -0.540115       7.33998       17.6248      0.725907
      0.00275      -1.09701       7.27421       17.6079      0.721768
       0.0028     -0.244145       7.09864       17.5844      0.720358
      0.00285    -0.0829199       6.98386       17.5673      0.719694
       0.0029     0.0213079        6.9167       17.5429      0.715029
      0.00295      -0.77651       6.97305       17.5414       0.71677
        0.003      0.253997       6.69373       17.5144      0.712342
      0.00305      0.993024       6.58307       17.5047      0.711036
       0.0031      0.598768       6.55878       17.4923      0.710512
      0.00315      0.637534       6.49719       17.4823      0.708927
       0.0032      0.016516       6.48689       17.4853       0.70963
      0.00325      0.696304       6.36964        17.463      0.707327
       0.0033       1.77694       6.30207        17.442      0.704474
      0.00335       1.07462       6.24597       17.4599      0.708004
       0.0034      0.254974           6.3       17.4497      0.704717
      0.00345       1.20861       6.12809       17.4313      0.701757
       0.0035       1.08217       6.10289       17.4365      0.705059
      0.00355       1.42873       5.97723        17.427      0.702863
       0.0036       1.52749       5.91357       17.4193       0.70096
      0.00365       6.36317       5.48746       17.4144      0.702294
       0.0037       1.95789       5.77028        17.421      0.699628
      0.00375       3.41461       5.61015       17.4214      0.698448
       0.0038        2.2034       5.61721       17.4241      0.698088
      0.00385       2.30156       5.62203       17.4311      0.698583
       0.0039       2.70741       5.58383        17.429      0.696541
      0.00395       2.68802       5.52273        17.434      0.695724
        0.004       2.37379       5.49741       17.4364      0.695173
      0.00405       2.55317       5.38054        17.444      0.693342
       0.0041       2.62942       5.32094       17.4371      0.690977
      0.00415       2.09448       5.37086       17.4538      0.693724
       0.0042       2.70336       5.26644       17.4496       0.68966
      0.00425       2.90318       5.26165       17.4699      0.692557
       0.0043       3.05712       5.20505       17.4656      0.688041
      0.00435       3.18489       5.18807       17.4841      0.690423
       0.0044       3.78109       5.12159        17.486      0.688493
      0.00445        3.3303       5.10215       17.5097      0.687899
       0.0045       3.63891       5.08175         17.52      0.687355
      0.00455       3.52944        5.0777       17.5323      0.686383
       0.0046        3.7334       5.07251        17.546      0.685712
      0.00465       3.94115       5.06256       17.5582      0.685372
       0.0047        3.6445       5.05084       17.5752      0.684534
      0.00475       3.90572       5.02862       17.5881      0.684011
       0.0048        4.0374       4.98972       17.6071      0.683187
      0.00485       3.99266       4.97387       17.6266      0.682793
       0.0049       4.15547       4.94777       17.6473      0.682111
      0.00495       4.28966       4.90824       17.6629      0.681331
        0.005       4.36424        4.8952       17.6857      0.680582
      0.00505       4.31747       4.93791       17.6959      0.680199
       0.0051       4.40438       4.93929       17.7194      0.679471
      0.00515       4.52205        4.8896       17.7504      0.679265
       0.0052       4.59041       4.85857        17.768      0.678163
      0.00525       3.86754       4.94343       17.7857      0.677699
       0.0053       4.74994       4.83499       17.8067      0.677318
      0.00535       3.80268        4.9669       17.8221      0.676291
       0.0054        5.0097       4.91391       17.8474      0.676281
      0.00545       5.11726       4.93397       17.8645      0.675224
       0.0055       5.43872       4.90668        17.886      0.674824
      0.00555       5.19756       4.92113       17.9166      0.674121
       0.0056         5.222       4.92394       17.9488      0.673518
      0.00565        7.3122       4.78102       17.9689      0.673109
       0.0057       5.56103       4.91577       18.0004      0.672622
      0.00575       5.58566       4.95773       18.0188      0.671708
       0.0058       5.87721       4.95224        18.041      0.671412
      0.00585       5.80912       4.94266       18.0568      0.670823
       0.0059       5.81728       4.97637       18.0826      0.669963
      0.00595       5.91814       4.98354          18.1      0.669538
        0.006       5.81586       5.03803       18.1263      0.669047
      0.00605       6.05868       5.03977       18.1561      0.668569
       0.0061       6.08598       5.05226       18.1782      0.667337
      0.00615       6.44488       5.09379       18.2018      0.667644
       0.0062       6.66626       5.12465       18.2197      0.666658
      0.00625       6.48748       5.18826       18.2442      0.666457
       0.0063       7.27736       5.16872       18.2694       0.66593
      0.00635       6.59836       5.25373       18.2929       0.66523
       0.0064       6.97854       5.23861       18.3202      0.664973
      0.00645       6.90294       5.26984        18.344      0.663815
       0.0065       7.26951       5.29252       18.3638      0.663572
      0.00655       6.96342       5.32739        18.401      0.662928
       0.0066       6.98124       5.33862       18.4254      0.662314
      0.00665        7.1984       5.36441        18.446      0.662194
       0.0067       7.23645       5.44979       18.4619      0.661396
      0.00675       7.23722       5.46908       18.4849      0.660801
       0.0068       7.36515       5.50953        18.507      0.660579
      0.00685       9.12584        5.3891       18.5255      0.659853
       0.0069       7.11631       5.56589       18.5577      0.659385
      0.00695        7.6403       5.57156       18.5788      0.659106
        0.007       9.65911       5.61414       18.5788       0.65846
      0.00705       8.52902       5.69718       18.6115      0.657883
       0.0071       7.90982       5.69831       18.6473      0.657296
      0.00715       7.97437        5.7837       18.6667      0.656915
       0.0072       8.14142       5.82281       18.6858      0.656402
      0.00725       8.24078       5.94721       18.7527      0.655835
       0.0073       8.08112       5.91381       18.7466      0.656153
      0.00735       8.09204       5.94753       18.7386      0.652636
       0.0074        8.8205       5.97107       18.7562      0.655782
      0.00745       8.70513       5.94224       18.7784      0.654077
       0.0075       8.80436       6.02769       18.7993      0.653384
      0.00755       8.39173       6.12386       18.8146      0.652734
       0.0076        8.5147       6.19132       18.8207      0.652214
      0.00765       8.85156       6.41687       18.9845      0.652723
       0.0077       8.57685       6.28708       18.8952      0.650749
      0.00775         8.695       6.31885       18.9113      0.651365
       0.0078       8.62495       6.32244       18.9206      0.650533
      0.00785       8.77804       6.39624       18.9383       0.64991
       0.0079       9.58307       6.41252       18.9558      0.649871
      0.00795       10.1959       6.34727       18.9847      0.648939
        0.008       8.98764       6.51953       19.0047      0.648856
      0.00805       9.02447       6.56811       19.0262      0.648206
       0.0081       9.15022       6.59662       19.0468       0.64754
      0.00815       10.7959        6.5109       19.0695      0.647443
       0.0082       11.5064       6.59047       19.0714      0.647189
      0.00825       9.39476       6.76986        19.089      0.643357
       0.0083       10.1625       6.82725       19.1163      0.648782
      0.00835       9.48925       6.87471       19.1209      0.645558
       0.0084       9.48222       6.93306         19.14       0.64482
      0.00845       9.71017       7.11604       19.2542      0.644741
       0.0085       9.57925       7.04972       19.1803      0.643824
      0.00855       9.69683       7.13468       19.2151      0.644083
       0.0086       9.66536        7.1249       19.2127      0.642081
      0.00865       11.1026       7.10136       19.2187      0.643693
       0.0087       9.76198       7.20173       19.2352      0.641072
      0.00875       9.69563       7.30248       19.2505      0.643825
       0.0088        10.074       7.35607       19.2638      0.641596
      0.00885       9.78716       7.34715       19.2851      0.640805
       0.0089       9.90207       7.40276       19.2958      0.640475
      0.00895       10.4518       7.42314       19.3098      0.640963
        0.009       10.5335       7.53596       19.3202      0.640559
      0.00905       10.0934       7.59229       19.3334      0.638775
       0.0091       9.98047       7.61625       19.3389      0.636329
      0.00915       10.0446       7.68886       19.3686      0.640919
       0.0092       10.1375       7.73139       19.3713      0.636624
      0.00925       10.1682        7.8716       19.3891      0.638893
       0.0093       10.2192       7.78702       19.3936      0.635021
      0.00935       11.0844       7.75684       19.4166      0.639067
       0.0094       10.1931       7.85123       19.4297      0.635647
      0.00945       10.2904       7.89403        19.441      0.637088
       0.0095       10.2527       7.96106       19.4543      0.635598
      0.00955       10.2724       8.00375       19.4645      0.635265
       0.0096       10.3631       8.06334       19.4787      0.635004
      0.00965        11.302       8.34904       19.6942      0.634117
       0.0097       10.4591       8.20727       19.5183      0.634074
      0.00975       10.4805       8.24336        19.515      0.634607
       0.0098       10.4436       8.24902        19.508      0.634389
      0.00985       10.7765       8.28377       19.5109      0.629232
       0.0099       10.8797       8.37532       19.5337      0.634994
      0.00995       10.6364       8.44088       19.5374      0.631972
         0.01       11.7554       8.53228       19.5428      0.632739
      0.01005       10.7387       8.57914       19.5583       0.63054
       0.0101       10.8939       8.63624       19.5774      0.631963
      0.01015       10.8785       8.65009        19.573      0.630599
       0.0102       10.8643        8.7087       19.5631      0.630588
      0.01025       10.4979       8.79158       19.5831      0.630594
       0.0103        10.874       8.82209       19.5986      0.630023
      0.01035       10.9669       8.88641       19.6126      0.629392
       0.0104       11.5643       8.92945       19.6073      0.625874
      0.01045       11.7388       9.00624       19.6349        0.6322
       0.0105       11.4757       9.06721       19.6342      0.629473
      0.01055       10.9716       9.10342        19.638      0.628748
       0.0106       11.7251       9.14344       19.6327      0.624296
      0.01065       11.0598       9.25616       19.6688      0.629051
       0.0107       11.0897        9.3221       19.6732      0.626118
      0.01075       11.2744       9.35957       19.6848      0.627732
       0.0108       12.2418       9.30413       19.6769      0.625122
      0.01085       11.6148       9.44888       19.6916      0.627178
       0.0109       11.2616       9.49919        19.697      0.625244
      0.01095       11.3586       9.53808       19.6915      0.626341
        0.011       11.8501       9.57109        19.702      0.624274
      0.01105       11.2924       9.65722       19.7106      0.622692
       0.0111       11.6786       9.70543       19.7288      0.626103
      0.01115       11.3276       9.79498       19.7318      0.623637
       0.0112        12.157       9.85917       19.7343      0.623792
      0.01125       11.4893       9.91117       19.7457      0.621783
       0.0113       11.5129       9.97955       19.7685       0.62405
      0.01135       11.7791       10.0323       19.7593      0.623103
       0.0114         12.81       9.95338       19.7743      0.621231
      0.01145       11.5967       10.1429        19.773      0.622154
       0.0115       11.6913       10.1799       19.7758      0.619631
      0.01155       11.7575       10.2539       19.7925      0.622256
       0.0116        14.853       10.1859        19.768      0.620842
      0.01165       12.5035       10.2762       19.8052      0.621156
       0.0117       13.0643       10.3157       19.7971      0.617603
      0.01175       12.9181       10.4905       19.8067      0.621318
       0.0118       12.0978       10.5281       19.8179      0.619171
      0.01185       12.0509       10.5768       19.8189      0.619323
       0.0119       11.6732       10.6464       19.8181      0.617857
      0.01195       12.2495       10.6732       19.8356      0.620656
        0.012       12.1318        10.746        19.835      0.619126
      0.01205       12.1182        10.795       19.8368      0.616972
       0.0121       12.1547        10.861       19.8399      0.616912
      0.01215       12.0213       10.9484       19.8464      0.619027
       0.0122       12.2323       10.9693       19.8494      0.617171
      0.01225       13.2445       11.0293       19.8362      0.614797
       0.0123       12.3241       11.0903       19.8589      0.619545
      0.01235       12.7108       11.1347       19.8537      0.617148
       0.0124       12.4456       11.1897       19.8601      0.616087
      0.01245       12.4467       11.2345       19.8619      0.612783
       0.0125       12.4791       11.2961       19.8855       0.61827
      0.01255       12.6283       11.3389       19.8827       0.61614
       0.0126       13.5432       11.3109        19.875       0.61468
      0.01265       12.8481       11.4252       19.8807      0.614124
       0.0127       12.6824       11.5125       19.8854      0.611874
      0.01275       12.7703       11.5853        19.908      0.616902
       0.0128       13.1051       11.6551       19.9001      0.614757
      0.01285        12.739       11.6907       19.9065      0.613831
       0.0129       13.1844       11.7458       19.9019      0.611603
      0.01295       11.8607       11.9192       19.9247      0.613927
        0.013       12.7838       11.8683       19.9381      0.613123
      0.01305       12.7457       11.9165       19.9406      0.612656
       0.0131       13.3148       11.9124       19.9374      0.610698
      0.01315        12.954       12.0346       19.9499      0.612906
       0.0132       13.2568       12.0616       19.9493      0.609641
      0.01325       13.0409       12.1195       19.9481      0.611156
       0.0133       13.1171       12.1989       19.9528      0.607832
      0.01335       13.4398       12.2012       19.9637       0.61122
       0.0134       13.1667        12.299       19.9654      0.610221
      0.01345       13.0894       12.3424       19.9615        0.6085
       0.0135       13.2991       12.3811        19.963      0.607801
      0.01355       13.3213       12.4428       19.9669      0.604028
       0.0136       15.5372       12.4031        19.968      0.608746
      0.01365       13.4668       12.5442       19.9965      0.607546
       0.0137       13.8415       12.5551       19.9957      0.605662
      0.01375       13.6057       12.6737       19.9963      0.604113
       0.0138       13.4321        12.708       20.0038      0.603072
      0.01385       13.3832       12.7842       20.0235       0.60639
       0.0139       13.7735        12.805        20.021      0.605036
      0.01395       13.4304       12.8953       20.0216      0.603926
        0.014        13.478        12.923        20.014      0.600854
      0.01405       14.9301       12.9896       20.0427      0.612117
       0.0141       13.6232       13.0751       20.0553      0.610555
      0.01415       13.9659       13.1385       20.0591      0.605892
       0.0142        13.746       13.1733        20.079      0.607886
      0.01425        14.032       13.2372       20.0748      0.604418
       0.0143       15.6035       13.1455       20.0663      0.601954
      0.01435       13.9485       13.3166        20.073      0.603102
       0.0144       13.8216       13.3739       20.0805      0.601044
      0.01445       13.5443       13.4689       20.0815      0.596105
       0.0145       13.8285        13.464       20.0847      0.596741
      0.01455       13.9741       13.4956       20.0829      0.591636
       0.0146       14.3511       13.5652       20.0866      0.589629
      0.01465       14.6279       13.6605       20.0986      0.592709
       0.0147       13.9761        13.672       20.1098      0.590657
      0.01475       14.2063       13.6817       20.0955      0.584299
       0.0148       14.0036       13.7528        20.098      0.583327
      0.01485       14.6215       13.7573       20.1106      0.585231
       0.0149       14.1063       13.8423       20.1091      0.582558
      0.01495       14.7362       13.8571       20.1068       0.57969
        0.015       13.8193       13.9348       20.1083      0.577205
      0.01505       13.7741       14.1843       20.2617      0.626641
       0.0151       14.2341       14.1828       20.2595      0.625435
      0.01515        14.341       14.2151       20.2591      0.623168
       0.0152       14.5725       14.2664       20.2608      0.623399
      0.01525       14.3909       14.3185       20.2675      0.619533
       0.0153       14.7715       14.3443       20.2878      0.621686
      0.01535       14.4736       14.4175       20.2907      0.619949
       0.0154       14.4655       14.4351       20.2648      0.614643
      0.01545        14.554       14.5067        20.296      0.615103
       0.0155       14.4943       14.5678       20.3014      0.611693
      0.01555       14.5168       14.6258       20.3052      0.611224
       0.0156       15.1485        14.725       20.3177      0.612847
      0.01565       14.9743       14.6972       20.3306      0.610659
       0.0157       14.7526       14.7735       20.3387       0.60739
      0.01575        14.886       14.7921        20.319      0.603885
       0.0158       14.7111       14.8727       20.3328      0.604346
      0.01585        14.676       14.9165       20.3367       0.60409
       0.0159       14.8169       14.9649       20.3325      0.600605
      0.01595       14.8395       15.0122        20.337      0.598098
        0.016       14.7842       15.0586       20.3469      0.597536
      0.01605        15.235       15.0818       20.3433      0.596646
       0.0161       14.9857       15.1762       20.3747      0.598833
      0.01615       14.8546       15.2007       20.3653      0.596723
       0.0162       15.1014       15.2845       20.3943      0.596372
      0.01625       14.9655        15.324       20.3964      0.597975
       0.0163       14.9994       15.3724       20.4051      0.594746
      0.01635       14.9455       15.4693       20.4086      0.593555
       0.0164        17.738       15.2166       20.4314       0.59702
      0.01645       15.4458        15.486       20.4446       0.59694
       0.0165       15.6206       15.5463       20.4533      0.594653
      0.01655       15.5087       15.6253       20.4539      0.594162
       0.0166       15.5419       15.6687       20.4627      0.592432
      0.01665       15.3506       15.7262       20.4697      0.591668
       0.0167       16.1189       15.7738       20.4945      0.596419
      0.01675        15.521       15.8357       20.5069      0.594623
       0.0168       15.4979       15.8915       20.5118      0.593861
      0.01685       15.5054       15.9325       20.5204      0.592464
       0.0169       15.5421       15.9723       20.5254      0.592508
      0.01695       15.6296       16.0234         20.53      0.589252
        0.017       15.7508       16.1886       20.6588      0.594025
      0.01705       16.0039       16.1404       20.5635      0.591465
       0.0171       15.7013       16.1678       20.5702      0.593628
      0.01715       15.8234       16.2114       20.5767      0.590644
       0.0172       16.1053        16.288        20.583      0.587943
      0.01725       16.0379       16.3448       20.6054      0.592753
       0.0173       16.5626       16.3443       20.6103      0.589603
      0.01735       15.8794       16.4257       20.6264      0.588954
       0.0174       16.0113       16.4494       20.6313      0.587544
      0.01745       16.1071       16.5214        20.652      0.592795
       0.0175       16.3088       16.5966       20.6533      0.591973
      0.01755       16.0384       16.6065       20.6437      0.586219
       0.0176       16.0252       16.6664       20.6626      0.588172
      0.01765       16.0529       16.7076       20.6669      0.585827
       0.0177       16.0897       16.7735       20.7016      0.591168
      0.01775       16.1546       16.8123        20.703      0.587663
       0.0178       16.3014       16.8491       20.7136      0.587203
      0.01785       16.2184       16.8758       20.7026      0.587574
       0.0179       16.2041       16.9489       20.7283      0.586988
      0.01795        16.222       17.0033       20.7394      0.584694
        0.018       17.1647       16.9991       20.7662      0.588478
      0.01805       16.4405       17.1054       20.7788      0.587633
       0.0181       20.3475       16.7429       20.7653      0.583279
      0.01815       16.4484       17.1978        20.791      0.585503
       0.0182       16.5594        17.229        20.815      0.586838
      0.01825       16.7672       17.2705       20.8158       0.58696
       0.0183       16.9989       17.2788       20.8212      0.584677
      0.01835       17.2361        17.315       20.8239      0.583769
       0.0184       16.7894       17.4072       20.8366      0.582852
      0.01845       16.8908       17.4567         20.86       0.58545
       0.0185        16.939       17.5038       20.8659      0.582696
      0.01855       16.8295       17.5405        20.882      0.582952
       0.0186       16.8434       17.5986       20.9103      0.585614
      0.01865       16.8505       17.6408       20.9175      0.585475
       0.0187       16.9627        17.684        20.925      0.582859
      0.01875       16.9064       17.7093       20.9205      0.579303
       0.0188       17.4963       17.7348       20.9351      0.581696
      0.01885       16.9982       17.8094       20.9493      0.580392
       0.0189       17.6326       17.8549       20.9492      0.579194
      0.01895       17.0435       17.8994       20.9749      0.583064
        0.019       17.0309       17.9467       20.9825      0.581254
      0.01905       17.0166       17.9657       20.9743       0.57809
       0.0191       17.1724        17.999       20.9802      0.575472
      0.01915       17.1112       18.0721       21.0117      0.577485
       0.0192       19.8375       17.8806       20.9986      0.572656
      0.01925       17.8195       18.0678        21.003      0.573026
       0.0193       17.5973       18.1844       21.0068      0.570092
      0.01935       17.3285       18.2013       21.0199      0.568495
       0.0194       17.3343        18.229       21.0157      0.566189
      0.01945        17.345       18.2689       21.0236      0.562569
       0.0195       17.3798       18.3067       21.0489      0.565841
      0.01955       17.3428       18.3491       21.0522      0.564145
       0.0196       17.3618       18.3643       21.0409       0.55858
      0.01965        17.369       18.4179       21.0616      0.558915
       0.0197       17.5014       18.4417       21.0653      0.557096
      0.01975       17.9805       18.4645        21.064      0.556353
       0.0198       17.8716       18.4893        21.076      0.553438
      0.01985       17.4355       18.5627        21.085      0.551359
       0.0199       17.9393       18.5791       21.0927      0.548865
      0.01995        17.503       18.6498       21.0992      0.547838
         0.02       17.5681        18.699       21.1239      0.551119
      0.02005       19.2912       18.8137       21.2657      0.601883
       0.0201       18.0179       18.9246       21.2883      0.600105
      0.02015       18.2559       18.9266       21.2971      0.597898
       0.0202        18.096       18.9289       21.3065      0.596377
      0.02025       17.7887       19.0202       21.3131      0.593766
       0.0203       17.9529       19.0409       21.3167      0.592576
      0.02035       18.0282       19.0775       21.3187      0.589642
       0.0204       18.0932       19.0973       21.3309      0.588996
      0.02045       17.8676       19.1934       21.3369      0.586064
       0.0205       18.3151       19.2009       21.3354      0.585457
      0.02055       18.1615       19.2142       21.3477      0.583942
       0.0206       18.9272        19.205       21.3447       0.58068
      0.02065       18.1366       19.2771       21.3586      0.581967
       0.0207       18.7465       19.2504       21.3605      0.579638
      0.02075       18.1653       19.3534       21.3722      0.577637
       0.0208       18.1528       19.3626       21.3636      0.573577
      0.02085        20.045       19.3423       21.3698      0.573689
       0.0209       19.0404       19.4925        21.417      0.571568
      0.02095        17.412       19.5763       21.3933      0.569692
        0.021       19.4055       19.4969       21.3986      0.568304
      0.02105       18.8546        19.531       21.4101      0.567603
       0.0211       18.3755       19.5773       21.4223      0.567124
      0.02115       18.3013       19.6078       21.4205      0.563841
       0.0212       18.7516       19.6473       21.4212        0.5638
      0.02125       18.3233       19.6886       21.4558      0.567373
       0.0213        18.328       19.7086       21.4501      0.564778
      0.02135       18.4761       19.7355       21.4603       0.56303
       0.0214       18.4879       19.7808       21.4803       0.56603
      0.02145       19.3072       19.7215       21.4835       0.56425
       0.0215       18.4103       19.8576       21.4973      0.563714
      0.02155        18.239       19.8317       21.5083       0.56168
       0.0216       18.4376       19.9133        21.514      0.562182
      0.02165       18.4752       19.9482       21.5231      0.562072
       0.0217       18.4915       19.9879        21.544      0.564057
      0.02175       18.5028       20.0135       21.5459      0.563381
       0.0218       19.8091        19.923        21.551      0.560892
      0.02185       18.8766       20.0828       21.5574      0.559597
       0.0219       18.9293       20.1225       21.5689      0.559361
      0.02195       18.5903       20.1302       21.5756      0.562753
        0.022       18.9532       20.1917       21.5871        0.5575
      0.02205       19.8577       20.2273       21.6057      0.562379
       0.0221       18.7374       20.2528       21.6282      0.561558
      0.02215       19.0229       20.2737       21.6152      0.557528
       0.0222       18.6276       20.3151       21.6558      0.559318
      0.02225       18.6658        20.344       21.6496      0.560362
       0.0223       18.8418       20.3753       21.6529      0.557075
      0.02235       18.7985       20.4056       21.6607      0.555759
       0.0224       18.8116       20.4511       21.6905      0.558723
      0.02245       18.8328       20.4821        21.697      0.558014
       0.0225       18.8427       20.5103        21.709      0.558117
      0.02255       18.9596       20.5564       21.7323      0.554626
       0.0226       18.9081       20.5547       21.7156      0.555928
      0.02265       20.1503       20.5773       21.7128      0.553831
       0.0227       15.8786       20.4566       21.8051      0.558251
      0.02275       18.8018       20.6384        21.743      0.554129
       0.0228        19.036       20.6665       21.7479       0.55249
      0.02285       19.1826       20.7023       21.7539      0.553061
       0.0229       19.1615       20.7232       21.7729      0.555438
      0.02295        19.536       20.7432        21.778      0.553556
        0.023       19.7354       20.8075       21.7825      0.552143
      0.02305       20.3802       20.7322       21.7901      0.551105
       0.0231       19.2444       20.8872       21.8545      0.554137
      0.02315       18.9823       20.8965       21.8169      0.551605
       0.0232       19.1592       20.8978        21.825       0.55249
      0.02325       19.3325       20.9095       21.8297      0.550184
       0.0233       20.0952        20.965       21.8258      0.549992
      0.02335       19.3214        20.973       21.8442      0.550199
       0.0234       19.2484       20.9946       21.8562      0.550127
      0.02345       19.2807       21.0237       21.8649      0.549828
       0.0235       20.5212       21.0131       21.8799      0.553573
      0.02355       19.3267       21.0463       21.8633      0.549632
       0.0236       19.2956       21.1003       21.8892      0.549412
      0.02365       19.5838       21.0948       21.8969      0.548408
       0.0237       19.0283       21.1873       21.9046      0.548867
      0.02375       19.3611       21.1823       21.9126      0.548153
       0.0238        19.831       21.1589       21.9308      0.549567
      0.02385       19.4065       21.2337       21.9395       0.55017
       0.0239       19.3949       21.2351       21.9364      0.545853
      0.02395       19.3846       21.2694       21.9431      0.545457
        0.024       19.4543       21.2927       21.9589       0.54884
      0.02405       19.7382       21.2934       21.9361      0.541174
       0.0241       20.1828       21.2702        21.941       0.53903
      0.02415       19.8401       21.3662       21.9681      0.542368
       0.0242       19.5732       21.3613       21.9816      0.540781
      0.02425       19.5256       21.4032       21.9879      0.540469
       0.0243       19.6788        21.427       21.9912      0.539766
      0.02435       19.5014       21.4401       21.9965      0.540297
       0.0244       19.5021       21.4646       22.0045      0.538019
      0.02445       19.6211       21.4825       22.0177      0.537288
       0.0245       19.6339       21.5018       22.0211      0.537672
      0.02455       19.6522       21.5388       22.0264      0.536362
       0.0246       21.8537       21.4833       22.0411      0.541095
      0.02465       19.6774       21.5808       22.0511      0.537677
       0.0247        19.667       21.5984       22.0594       0.53607
      0.02475       19.7521       21.6173       22.0656      0.536571
       0.0248       19.7462       21.6421       22.0673      0.537081
      0.02485       19.0313       21.7956       22.0745      0.536548
       0.0249       18.8706       21.3651       22.1212      0.534237
      0.02495       19.7796       21.6718       22.1045      0.537438
        0.025       19.9488       21.7272       22.0974      0.535024
      0.02505       20.1145        21.752       22.1044      0.531872
       0.0251       20.0717       21.7428       22.1134      0.531656
      0.02515       19.8993       21.7991       22.1362      0.534664
       0.0252       19.9291       21.8036       22.1393        0.5331
      0.02525       19.8665       21.8402       22.1492      0.533034
       0.0253       19.9175        21.837       22.1374      0.526022
      0.02535       21.9788       21.8767       22.1745      0.529599
       0.0254       19.9463        21.884       22.1565      0.528896
      0.02545       20.1204       21.8835       22.1383      0.528077
       0.0255       21.2797       21.7905       22.1764      0.527457
      0.02555       20.0686       21.9337       22.1874      0.528007
       0.0256       21.1388       21.9445       22.1824      0.526359
      0.02565       20.1218       21.9883        22.197      0.525978
       0.0257        19.995       22.0006        22.206      0.524704
      0.02575       20.4306       22.0324       22.2046      0.522708
       0.0258       20.0338       22.0447        22.217      0.523999
      0.02585       20.3144        22.052       22.2178      0.522128
       0.0259       20.1896        22.072       22.2247      0.522537
      0.02595        20.917       22.0442       22.2224       0.52095
        0.026       20.3455        22.094       22.2359      0.520648
      0.02605       20.2757       22.1397       22.2685      0.526348
       0.0261        19.932       22.1985       22.2765      0.525138
      0.02615       20.9403       22.1277       22.2754       0.52353
       0.0262       20.3368       22.2001        22.287      0.523699
      0.02625       21.0184       22.1526       22.3051      0.524929
       0.0263       20.3207       22.2446       22.3147      0.523647
      0.02635       20.7604       22.2432       22.3165      0.521457
       0.0264       21.5295       22.1737       22.3161      0.520444
      0.02645       20.5027       22.2781       22.3265      0.521031
       0.0265       20.4767       22.2925       22.3368      0.519894
      0.02655       20.4323       22.3057       22.3376      0.518157
       0.0266       20.1594       22.3533       22.3456      0.517277
      0.02665       20.4217       22.3402       22.3518      0.516449
       0.0267       20.5324       22.3467        22.356      0.514156
      0.02675       20.4573       22.3709       22.3639      0.514003
       0.0268       20.8701       22.3767       22.3779      0.516163
      0.02685       20.5712       22.4065       22.3863      0.515054
       0.0269       20.4722       22.4209       22.3942      0.513439
      0.02695       20.7561       22.4501       22.3947      0.511801
        0.027       21.8799       22.4567       22.3835      0.509612
      0.02705       21.3011       22.4429       22.3989      0.510259
       0.0271       20.8565       22.4675       22.4141      0.507087
      0.02715       20.5086       22.4583       22.4002      0.509043
       0.0272       20.5797       22.5298       22.4459      0.507691
      0.02725       21.6337        22.487       22.4382      0.505894
       0.0273       20.6122       22.5808       22.4502      0.507354
      0.02735       20.6323       22.5678       22.4596      0.506471
       0.0274       20.6555       22.5835       22.4693       0.50507
      0.02745       20.7835        22.573       22.4621      0.502144
       0.0275        20.652       22.5997       22.4748      0.502157
      0.02755       20.9721       22.6061       22.4845      0.498739
       0.0276       20.6878       22.6375       22.4991      0.502984
      0.02765       20.6611       22.6582        22.508      0.501493
       0.0277       20.5573       22.6901       22.5149      0.499197
      0.02775       20.6784       22.6872       22.5199       0.49695
       0.0278       21.8011       22.6924       22.5099      0.496475
      0.02785       21.6591       22.6893       22.5188       0.49564
       0.0279       21.4744       22.6459       22.5338      0.494572
      0.02795       20.7908       22.7505       22.5579      0.497539
        0.028       20.8457        22.764       22.5637      0.497246
      0.02805       20.7102       22.7585       22.5514      0.488686
       0.0281       21.0836       22.7733       22.5528      0.488968
      0.02815       20.8767       22.7758       22.5723      0.492493
       0.0282       21.2635       22.8162       22.5728      0.489984
      0.02825       21.4251       22.8113       22.5738      0.487143
       0.0283       20.3892       22.8704       22.5911       0.48888
      0.02835       22.2191       22.8269       22.5769      0.483088
       0.0284       21.0552       22.8459       22.5991      0.484555
      0.02845       20.9519       22.8474       22.6049      0.482737
       0.0285       21.0656       22.8752       22.6191      0.483995
      0.02855       21.0183       22.8928       22.6299      0.483418
       0.0286       21.0074       22.8915        22.629      0.478077
      0.02865       21.2689       22.8862       22.6352      0.478038
       0.0287       21.8125        22.802       22.6361      0.475247
      0.02875       20.9878       22.9306       22.6474      0.476093
       0.0288       21.1314       22.9346       22.6503      0.473523
      0.02885       21.0383        22.959       22.6708      0.475106
       0.0289       21.0999       22.9643        22.677      0.475292
      0.02895       21.8478       22.9502       22.6549       0.46816
        0.029       22.1827       22.8985        22.678      0.467132
      0.02905       21.5104       22.9809       22.7202       0.47188
       0.0291       21.2726       23.0449       22.7199      0.471658
      0.02915       22.2559       22.9748       22.7159      0.468357
       0.0292       20.9971       22.8835       22.6405      0.462365
      0.02925       21.1205       23.0625       22.7429      0.464285
       0.0293       21.1068       23.0642       22.7447      0.463056
      0.02935        21.099       23.1199       22.7453      0.460437
       0.0294       21.4041       23.0841       22.7455      0.457097
      0.02945       21.2746       23.0913       22.7587      0.456548
       0.0295       21.2749       23.0939       22.7625       0.45404
      0.02955       21.3744       23.0551       22.7666      0.452128
       0.0296       21.9549       23.1082       22.7577      0.452968
      0.02965       21.5134       23.1099       22.7739      0.448959
       0.0297       21.4157       23.1294       22.7763      0.447564
      0.02975        21.286       23.1402       22.7825      0.445085
       0.0298       22.3625       23.0911       22.7759      0.441049
      0.02985       21.4523       23.1741       22.8082      0.443575
       0.0299       21.3624       23.1718       22.8106      0.441697
      0.02995       21.9594       23.1097       22.8154      0.437759
         0.03        21.438       23.2069       22.8023      0.432315
      0.03005       21.3159       23.2121       22.8434      0.441586
       0.0301       21.3746       23.2178        22.847       0.43749
      0.03015        21.474       23.2262        22.849      0.434316
       0.0302       21.4301        23.251       22.8755      0.438899
      0.03025       21.3991       23.2281        22.861      0.432065
       0.0303        21.364       23.2491        22.867      0.427053
      0.03035       21.6152       23.2862       22.8908      0.431018
       0.0304       21.4968       23.2857       22.8948      0.426831
      0.03045       20.8649       23.3333        22.887      0.422044
       0.0305       21.4331       23.2683       22.8953      0.418756
      0.03055       21.4503       23.3173        22.927      0.420578
       0.0306       21.8723       23.3117       22.9249      0.416907
      0.03065       22.0208       23.2278       22.9135      0.412484
       0.0307        21.729       23.3027       22.9328      0.410932
      0.03075       21.5739       23.3413        22.936      0.408039
       0.0308       22.7783       23.3071        23.028      0.406735
      0.03085       22.6984       23.3415        22.941      0.402061
       0.0309       21.5736       23.3586       22.9595      0.399979
      0.03095       21.6045       23.3612       22.9646      0.398066
        0.031       21.7221       23.3655       22.9694      0.393325
      0.03105       21.6283        23.369       22.9694      0.390914
       0.0311       21.4498       23.4048       22.9736      0.388922
      0.03115       21.7229        23.386       22.9913      0.389766
       0.0312       21.7087       23.3987       22.9972      0.386546
      0.03125       21.6808       23.4072        23.003      0.383153
       0.0313       21.6465       23.4011       23.0019      0.376948
      0.03135       22.7872        23.286       23.0058       0.37281
       0.0314       21.3881       23.4526       23.0149      0.371159
      0.03145       21.8724        23.448       23.0275      0.371155
       0.0315       22.0556       23.4663       23.0271      0.366892
      0.03155       21.7738       23.4433       23.0397      0.362316
       0.0316       21.9671       23.4426       23.0431       0.35959
      0.03165       23.4035       23.4337       23.0512      0.359363
       0.0317       21.7437       23.4698       23.0608      0.354009
      0.03175        21.961       23.4728       23.0612       0.35136
       0.0318       21.9768        23.498       23.0664      0.346527
      0.03185       21.6608       23.5114       23.0752      0.343718
       0.0319       22.9253       23.3433        23.091      0.342554
      0.03195       22.6796       23.4607       23.0916      0.338499
        0.032       21.9035       23.4968       23.1007      0.334925
      0.03205        22.085        23.486       23.1071      0.331928
       0.0321        22.276       23.5381       23.1055      0.327175
      0.03215       21.8554       23.5443       23.1276      0.326329
       0.0322       21.7991        23.541       23.1325      0.322742
      0.03225       21.8307        23.547       23.1371      0.315797
       0.0323       21.9561       23.5591       23.1397      0.313952
      0.03235       21.8602       23.5864       23.1764      0.312692
       0.0324       23.0742       23.5684       23.1445      0.307099
      0.03245       22.3022       23.5734       23.1584      0.301482
       0.0325       22.6791       23.4872       23.1607      0.297253
      0.03255       22.0197       23.5905       23.1693      0.294235
       0.0326       21.4874       23.6198       23.1767      0.290987
      0.03265        21.912       23.5883       23.1813      0.286811
       0.0327       22.3474       23.5668       23.1996      0.284615
      0.03275       21.8665       23.6065       23.2034      0.281796
       0.0328       22.2758       23.6105       23.1866      0.272272
      0.03285       22.0616       23.5837       23.1951      0.268164
       0.0329       21.8704       23.5956       23.1961       0.26594
      0.03295        21.854       23.6245       23.2235      0.264401
        0.033       21.8868       23.6258       23.2289      0.258075
      0.03305       22.0061       23.6242       23.2312      0.252279
       0.0331       22.2945       23.6493       23.2296      0.247379
      0.03315       21.9985       23.6311       23.2397      0.243407
       0.0332       21.9312       23.6576       23.2606      0.242591
      0.03325       22.2024        23.657       23.2579      0.237272
       0.0333       22.2765       23.6502       23.2675      0.231889
      0.03335       21.9894       23.6625       23.2651      0.226928
       0.0334       21.9409       23.6537       23.2594      0.221128
      0.03345       22.0086       23.6631       23.2583      0.212794
       0.0335       22.1307       23.7305       23.3199      0.216679
      0.03355       23.5658       23.4875       23.2799      0.208097
       0.0336       21.9559       23.6796        23.289      0.204359
      0.03365       24.0376       23.5838        23.275      0.195755
       0.0337       22.6015       23.7246       23.3078      0.196619
      0.03375       22.0607       23.7176        23.316      0.194222
       0.0338       22.1333       23.6964       23.3066      0.181193
      0.03385       22.1625       23.7158       23.3229      0.179215
       0.0339       21.9328       23.7218       23.3256      0.174825
      0.03395       21.9464       23.7261       23.3287       0.17119
        0.034       21.9418       23.7274       23.3346      0.161975
      0.03405       22.2431       23.7488       23.3513      0.159559
       0.0341       21.5932       23.8112       23.3647      0.153071
      0.03415       21.9094       23.7533       23.3582      0.150221
       0.0342       21.9841       23.7607       23.3637      0.142508
      0.03425       21.9192       23.7596       23.3649       0.13553
       0.0343       21.9309       23.7601         23.37      0.130843
      0.03435       21.9736       23.7608        23.371       0.12348
       0.0344       21.9697       23.7737       23.3881      0.122296
      0.03445       22.2565       23.7711       23.3868      0.116536
       0.0345       21.9477       23.7779       23.3906       0.11211
      0.03455       22.0008       23.7781       23.3932      0.106536
       0.0346       22.1209       23.7739       23.3997     0.0989795
      0.03465       22.2804       23.7954       23.3998     0.0921581
       0.0347       22.3101       23.8219       23.4295     0.0913538
      0.03475       23.5526       23.6558       23.4302      0.083993
       0.0348       22.0156       23.8163       23.4382     0.0796628
      0.03485        22.048       23.8296       23.4467     0.0721344
       0.0349       22.9627       23.8059        23.436     0.0658507
      0.03495       22.1949       23.8256       23.4468     0.0617153
        0.035       22.2799       23.8273       23.4507     0.0556757
      0.03505       22.0522        23.836       23.4577     0.0513449
       0.0351       22.0334       23.8442       23.4632      0.045047
      0.03515       22.0443       23.8671       23.4852     0.0456167
       0.0352       22.0765       23.8427       23.4685     0.0364752
      0.03525       22.1243       23.8216       23.4806     0.0267465
       0.0353       24.0186       23.7807       23.4885     0.0271631
      0.03535       22.0647       23.8688       23.4917     0.0190009
       0.0354       22.0303       23.8781       23.4979     0.0126267
      0.03545       23.3299       23.8528       23.4832    0.00595321
       0.0355       22.4883        23.895       23.5263    0.00991811
      0.03555       22.1814       23.9014       23.5298  -0.000834613
       0.0356        22.264       24.0951        23.703    -0.0115653
      0.03565       22.1148       23.9184       23.5354    -0.0181714
       0.0357       22.0528         23.87       23.5175    -0.0183135
      0.03575       24.0773       23.9248       23.5179    -0.0290123
       0.0358        22.073       23.9466       23.5468    -0.0328092
      0.03585       22.4301       23.9251       23.5494    -0.0402538
       0.0359       22.2208       23.9412       23.5521     -0.046474
      0.03595        22.388       23.9249       23.5542    -0.0532048
        0.036       22.2154       23.9428        23.561    -0.0596574
      0.03605       22.2981       23.9511       23.5591    -0.0655202
       0.0361       22.2309       23.9609       23.5842     -0.067615
      0.03615       22.1183       23.9792       23.5872    -0.0744328
       0.0362       23.7114       23.8132       23.5807     -0.080249
      0.03625       22.4348       23.9451       23.5675    -0.0893693
       0.0363       22.1561       23.9891       23.5961    -0.0915456
      0.03635       22.4955       23.9692       23.5936    -0.0966262
       0.0364       22.1787       23.9889       23.6025     -0.102747
      0.03645       23.3304       24.0035       23.5914     -0.110552
       0.0365       22.2652        24.018       23.6273     -0.111517
      0.03655       22.4847       24.0433       23.6296     -0.118621
       0.0366       21.7099       24.0841       23.6351     -0.122413
      0.03665       22.1732       24.0449       23.6406     -0.129713
       0.0367       22.2741       24.0341       23.6385     -0.134572
      0.03675        22.229       24.0523        23.645      -0.14136
       0.0368       22.4181       24.0679       23.6545     -0.143244
      0.03685       22.9775       24.0119       23.6712     -0.145311
       0.0369       22.6476       24.0547       23.6817     -0.150083
      0.03695       22.7179       24.0511       23.6619     -0.162215
        0.037       22.8979       24.0852       23.6742     -0.164266
      0.03705       22.2695       24.1113       23.6851     -0.167441
       0.0371       22.1517       24.1147       23.6888      -0.17282
      0.03715       22.1996       24.1158       23.6893     -0.178637
       0.0372       22.5645       24.0527        23.701     -0.185936
      0.03725       24.0936       23.9733        23.706     -0.186922
       0.0373       22.6062       24.0851       23.6981     -0.192852
      0.03735       24.7718       23.9896       23.6774     -0.200012
       0.0374       22.2895       24.1505        23.728     -0.200386
      0.03745       22.3731        24.167       23.7354     -0.207268
       0.0375       22.3564       24.1588       23.7329     -0.209477
      0.03755       22.3486       24.1735       23.7355     -0.216449
       0.0376       22.4543       24.1884         23.74     -0.221954
      0.03765       22.4382       24.1611        23.725     -0.233567
       0.0377       22.2896          24.2       23.7485     -0.234573
      0.03775       22.3423       24.2039       23.7515     -0.239915
       0.0378       22.3299        24.207       23.7562     -0.243795
      0.03785       22.7876       24.2013       23.7533     -0.250719
       0.0379       22.4083       24.2285       23.7654     -0.256542
      0.03795       22.4379       24.2399       23.7682     -0.262849
        0.038       22.4002       24.2602       23.7993     -0.259729
      0.03805       22.9656       24.2162       23.8089     -0.259591
       0.0381       22.3498       24.3029       23.8193     -0.265947
      0.03815       22.3762       24.3296        23.843     -0.265649
       0.0382        22.423       24.3296       23.8445     -0.269804
      0.03825       22.5781       24.3197       23.8297      -0.28224
       0.0383        22.542       24.3299       23.8348     -0.286335
      0.03835       22.6175       24.3019       23.8321     -0.288135
       0.0384       22.3943       24.3304       23.8634     -0.291503
      0.03845       22.9051       24.3845       23.8565     -0.296343
       0.0385       22.6949       24.3695       23.8496     -0.307586
      0.03855       22.4896       24.3701       23.8577     -0.312356
       0.0386       22.8491       24.4055       23.8786     -0.313634
      0.03865       23.7517        24.322       23.8757     -0.319436
       0.0387       22.5018       24.4281       23.8924      -0.32611
      0.03875        22.579       24.4268       23.8921     -0.330354
       0.0388       22.5021       24.4184       23.8743     -0.342227
      0.03885       22.3479       24.3742       23.9016      -0.34258
       0.0389       22.4792       24.4494       23.8988      -0.34824
      0.03895       22.7137       24.4439       23.9009     -0.353013
        0.039       22.4849       24.4588       23.9049     -0.358064
      0.03905       22.6574        24.513       23.9388     -0.353005
       0.0391       22.5306       24.5304       23.9474      -0.35594
      0.03915       22.6607       24.5309       23.9434     -0.364234
       0.0392       22.6987       24.5468       23.9555     -0.365409
      0.03925       22.6105       24.5556       23.9588     -0.370944
       0.0393       22.5472        24.591       23.9861     -0.370135
      0.03935       22.5083       24.5824        23.983     -0.375688
       0.0394       23.0431       24.6032        23.986     -0.380799
      0.03945       24.0374       24.4542       23.9893     -0.388418
       0.0395       22.5879       24.5481       23.9329     -0.395213
      0.03955       22.9543       24.8128       24.1611     -0.394917
       0.0396       22.6611       24.6525       24.0082     -0.403752
      0.03965       23.8059        24.621       24.0024     -0.407989
       0.0397       23.3623       24.6664       24.0305      -0.40693
      0.03975         22.35       24.7661        24.025        -0.413
       0.0398        22.699       24.7036       24.0286      -0.41859
      0.03985       22.6166       24.7157       24.0409      -0.42116
       0.0399       22.6602       24.7229       24.0423     -0.425462
      0.03995       23.6702       24.7707       24.0288     -0.431723
         0.04       23.5103       24.7988       24.0576     -0.431322
      0.04005       22.9965       24.7335       24.0536     -0.440351
       0.0401       22.8278       24.7738        24.062     -0.443531
      0.04015       23.1127       24.7907       24.0649     -0.448744
       0.0402       22.7404       24.8309       24.0812     -0.455449
      0.04025       22.8339       24.8528       24.0987     -0.453265
       0.0403       22.8594       24.8689        24.101     -0.455352
      0.04035       22.7897       24.8668        24.089     -0.466073
       0.0404        22.813       24.8732       24.0951     -0.470085
      0.04045       22.6555       24.9425        24.129     -0.465304
       0.0405       22.9382       24.9393       24.1306     -0.470682
      0.04055       23.0988       24.9402       24.1363     -0.474755
       0.0406       22.9908       24.9253       24.1227     -0.482524
      0.04065       22.8647       24.9598       24.1432     -0.482261
       0.0407       22.8762       24.9641       24.1475     -0.483644
      0.04075       22.9368       24.9896        24.153     -0.488837
       0.0408         23.83       25.0146       24.1546     -0.493278
      0.04085        25.077       24.9732       24.1687     -0.493288
       0.0409       23.2455        25.039       24.1922     -0.494918
      0.04095       23.4608        25.014       24.1831     -0.503695
        0.041       23.1727       25.0588       24.1906     -0.504955
      0.04105       23.4139       25.1111       24.2135     -0.502223
       0.0411       23.7882       25.1378       24.2113       -0.5055
      0.04115       23.1718       25.1268       24.2159     -0.511032
       0.0412       23.3725       25.1189       24.2238     -0.514715
      0.04125       23.3085        25.128       24.2382     -0.512298
       0.0413       22.4476       25.2894       24.2371     -0.517425
      0.04135       23.3673       25.2013       24.2484     -0.518389
       0.0414       23.3333       25.2169       24.2589     -0.521468
      0.04145        24.894       25.1575       24.2802     -0.521726
       0.0415       23.4717        25.263       24.2886     -0.522288
      0.04155       23.3975       25.2758       24.2803     -0.529743
       0.0416       23.4751       25.2926        24.291     -0.532119
      0.04165       24.1186       25.3042       24.3143     -0.528198
       0.0417        23.654       25.3425       24.3103     -0.533923
      0.04175       24.7715       25.2298       24.3172     -0.537291
       0.0418       23.5317       25.3836       24.3302     -0.537219
      0.04185       23.4999       25.4082       24.3396     -0.538963
       0.0419       23.5182       25.4166       24.3435     -0.541677
      0.04195       24.0463       25.4493       24.3498     -0.540992
        0.042       23.6414       25.5027       24.4095     -0.541573
      0.04205       24.3556       25.4707       24.3671     -0.546282
       0.0421       24.0372       25.4887       24.3739     -0.549865
      0.04215       23.7363       25.5081       24.3879     -0.553124
       0.0422       23.6514       25.5303       24.3966     -0.553621
      0.04225       23.6851       25.5484       24.4028     -0.556666
       0.0423       23.8637       25.5678       24.4102     -0.558828
      0.04235       23.8679       25.5844       24.4147     -0.559674
       0.0424       23.8073       25.5974       24.4235     -0.562487
      0.04245       23.9567       25.6211       24.4285     -0.565978
       0.0425       23.8118       25.6526       24.4422     -0.566869
      0.04255       23.8146       25.6673       24.4468     -0.570183
       0.0426       24.2864       25.6789        24.459     -0.570239
      0.04265       23.9173       25.7076        24.467     -0.572291
       0.0427       24.0802        25.736       24.4774     -0.574137
      0.04275       24.4696       25.7483       24.5273     -0.571161
       0.0428       23.8571       25.7739       24.4979     -0.578553
      0.04285       24.0224       25.7986        24.508      -0.57982
       0.0429       23.9514       25.8173       24.5156     -0.581534
      0.04295       24.1181       25.8452       24.5262     -0.582429
        0.043       24.0215       25.8652       24.5351     -0.583508
      0.04305       23.9412       25.8557       24.5351     -0.584991
       0.0431       24.6846        25.897       24.5482     -0.591034
      0.04315       24.0639       25.9293       24.5626     -0.591905
       0.0432       24.3881       25.9611       24.5684     -0.594091
      0.04325       24.8636       25.9169       24.6063       -0.5938
       0.0433       24.0484        26.034       24.6168     -0.595541
      0.04335        25.409       26.0396       24.6112     -0.599771
       0.0434       24.2376       26.0455        24.611      -0.60604
      0.04345       24.6845       26.0857        24.615     -0.607992
       0.0435       24.2496       26.1186       24.6574     -0.606383
      0.04355       26.8171       26.0764       24.6281     -0.606971
       0.0436       24.9912       26.1028       24.6737     -0.609202
      0.04365       24.5031        26.175       24.6811     -0.619467
       0.0437       24.4386       26.1879       24.6771      -0.61543
      0.04375       25.6864       26.1288        24.677     -0.617492
       0.0438       25.2774       26.1871       24.7097     -0.612674
      0.04385       24.5208       26.2478       24.7029     -0.617213
       0.0439       24.5147       26.2774       24.7195     -0.620362
      0.04395       24.5254       26.3046       24.7306     -0.621844
        0.044       24.6065       26.3093       24.7355      -0.62634
      0.04405       24.5462       26.3468       24.7496     -0.626172
       0.0441       24.6285       26.3906       24.7615     -0.628694
      0.04415       24.6839       26.3944       24.7735     -0.630502
       0.0442       24.6942       26.4365       24.7836     -0.631555
      0.04425       24.6325       26.4658       24.7974     -0.633813
       0.0443       25.4104        26.441       24.7996     -0.636102
      0.04435        24.743       26.5053       24.8153     -0.636805
       0.0444       24.6722       26.5451       24.8293     -0.639573
      0.04445       25.4335       26.6264       24.8235     -0.641503
       0.0445       24.8089       26.5931       24.8435     -0.642174
      0.04455       25.6718       26.6248       24.8469     -0.645143
       0.0446       24.7935       26.6374       24.8671     -0.646784
      0.04465       24.7415       26.6691        24.883     -0.647218
       0.0447       24.8577       26.6926       24.8944     -0.652563
      0.04475       25.3946       26.6879       24.9018     -0.652589
       0.0448       24.8714       26.7167       24.9109     -0.650977
      0.04485       25.0903       26.8312       24.9715     -0.654927
       0.0449       26.4152       26.6597       24.9406     -0.656015
      0.04495       25.0366       26.8283        24.959     -0.655967
        0.045       25.0055       26.8415       24.9574      -0.66087
      0.04505       25.0088       26.8709       24.9693     -0.661579
       0.0451       24.9663       26.9484       24.9759     -0.664392
      0.04515       25.1438       26.9274       24.9924     -0.663663
       0.0452         25.98       26.9471       24.9933     -0.665991
      0.04525       25.2131       26.9603       25.0097     -0.665667
       0.0453       25.9956       26.9229       25.0217     -0.667677
      0.04535       25.4239       27.0004       25.0338     -0.670883
       0.0454       25.3465        27.042       25.0322     -0.674535
      0.04545       25.3486       27.0723       25.0445     -0.676171
       0.0455       26.1667       27.0469       25.0704     -0.673117
      0.04555       25.4694       27.1283       25.0729     -0.677987
       0.0456       27.2014       26.9836       25.0819     -0.680656
      0.04565       25.4906       27.1663       25.0988     -0.680035
       0.0457       25.4618       27.1998       25.1128     -0.681896
      0.04575       25.6291       27.1971       25.1241     -0.682425
       0.0458       25.7426       27.2476       25.1347      -0.68362
      0.04585       25.6657        27.273       25.1479     -0.685872
       0.0459       25.6178       27.2771       25.1473     -0.691905
      0.04595       25.7097       27.3122        25.157     -0.691844
        0.046       25.6941       27.3432       25.1714     -0.692204
      0.04605       25.8791       27.3755       25.1821     -0.693295
       0.0461       25.5159        27.428        25.197     -0.695298
      0.04615       26.0797       27.3929       25.2138     -0.695538
       0.0462       26.1105       27.4463       25.2232     -0.696737
      0.04625       25.8073       27.4832       25.2402     -0.697272
       0.0463       26.9039       27.4641       25.2407     -0.700029
      0.04635         26.07       27.5203       25.2607     -0.699685
       0.0464       25.8715       27.5122       25.2345     -0.707314
      0.04645       25.8909       27.6021        25.292     -0.702509
       0.0465       26.0207       27.6275       25.2976     -0.703775
      0.04655       26.1879       27.6355       25.3135     -0.707393
       0.0466       26.0949       27.6586       25.2978      -0.71263
      0.04665       28.3451       27.5672       25.3699     -0.709733
       0.0467       26.1202       27.7063       25.3383     -0.712327
      0.04675       27.3907       27.6166       25.3455     -0.715473
       0.0468       26.0536       27.7839       25.3648     -0.713525
      0.04685       26.2999       27.8041       25.3744     -0.716136
       0.0469       26.4112       27.8263        25.385     -0.717128
      0.04695       26.0423       27.8017       25.3815     -0.721955
        0.047       26.4202       27.8411        25.407     -0.723983
      0.04705       26.5581       27.8957       25.4141     -0.724345
       0.0471       26.2994       27.9311       25.4249     -0.726184
      0.04715       26.7303        27.952       25.4395     -0.724522
       0.0472       26.4387       27.9902       25.4583     -0.725842
      0.04725       26.4041       28.0064       25.4687     -0.731667
       0.0473        26.431       28.0588       25.4586     -0.735695
      0.04735       26.4354       28.0428       25.4738     -0.735277
       0.0474       26.4943       28.0732       25.4942     -0.736739
      0.04745       26.4279       28.1243       25.5213     -0.733981
       0.0475       26.5668       28.1093       25.5069     -0.740514
      0.04755       26.5172        28.162        25.529     -0.741698
       0.0476       26.6953       28.2235       25.5702     -0.739867
      0.04765       30.4033       27.7968       25.5688     -0.741568
       0.0477       27.5357        28.185        25.556     -0.747135
      0.04775       26.6928        28.264       25.5807     -0.746137
       0.0478       26.7533       28.2916       25.5957     -0.747996
      0.04785       26.7953       28.2669       25.6046     -0.748066
       0.0479       26.8721       28.2749       25.6084     -0.755454
      0.04795        26.891       28.3542       25.6209     -0.755625
        0.048       26.9071       28.5228       25.7714     -0.751691
      0.04805       26.9659       28.4016       25.6518     -0.757798
       0.0481         26.94       28.4504       25.6709     -0.753699
      0.04815       27.4087       28.4378       25.6797     -0.754909
       0.0482       27.1912       28.4886       25.7016     -0.759394
      0.04825       27.0893       28.5284       25.7134     -0.757621
       0.0483       26.9758       28.5672       25.7271     -0.760743
      0.04835       27.0604       28.5719       25.7126     -0.768248
       0.0484       26.8282       28.6933       25.7272     -0.768448
      0.04845       27.2142       28.6491        25.741     -0.767689
       0.0485        28.802       28.5629       25.7742     -0.765226
      0.04855       27.0031       28.6639       25.7663     -0.773045
       0.0486       27.7558       28.6543       25.7847     -0.775324
      0.04865       27.4144       28.7441       25.8028      -0.77583
       0.0487       28.3223       28.9998       26.0258     -0.773871
      0.04875       27.9146       28.8067       25.8242     -0.780888
       0.0488       27.2499       28.8306       25.8396     -0.777597
      0.04885       27.6508        28.891       25.8541     -0.781293
       0.0489       27.2337        28.892       25.8544     -0.788639
      0.04895       27.8433       28.8654       25.8696     -0.789629
        0.049       27.3492       28.9662       25.9104     -0.785361
      0.04905       27.3502       29.0029       25.9253     -0.787193
       0.0491       27.4232       29.0128       25.9044     -0.798679
      0.04915       30.4388       28.6991       25.9299     -0.794967
       0.0492       30.8809       28.9467       25.9201     -0.797953
      0.04925        27.835       29.0785       25.9688     -0.795904
       0.0493       27.8322        29.102       25.9574     -0.802805
      0.04935       27.7743       29.2031       26.0327     -0.799615
       0.0494       27.6929       29.1607       25.9875     -0.804836
      0.04945       28.9382       29.1868       25.9914      -0.80601
       0.0495       27.7705       29.2231       26.0175     -0.806091
      0.04955       28.3474       29.1893       26.0329     -0.808022
       0.0496       28.0557       29.2697       26.0497     -0.810087
      0.04965       27.9325       29.3063       26.0639     -0.811645
       0.0497       27.6083       29.3884       26.0794     -0.813381
      0.04975        27.752       29.3591       26.0705     -0.820765
       0.0498       27.8216       29.4215       26.1192     -0.818768
      0.04985       27.6604        29.434       26.1172     -0.821355
       0.0499       27.9618       29.4735       26.1338     -0.823722
      0.04995       27.9179       29.4954       26.1485     -0.823526
         0.05       27.9535       29.5356       26.1665      -0.82717
      0.05005       27.8465       29.5182       26.1431     -0.837245
       0.0501       28.8807       29.5594       26.1689     -0.836663
      0.05015       28.1417       29.6172       26.1803     -0.839892
       0.0502       29.1788       29.6449       26.2242     -0.841006
      0.05025       27.9533       29.6617       26.2062     -0.844164
       0.0503       28.0223       29.6835       26.2235     -0.845732
      0.05035       28.0243       29.7237       26.2417     -0.848128
       0.0504       28.3424       29.7315       26.2566     -0.849788
      0.05045       28.8673       29.7405       26.2702     -0.853227
       0.0505       28.1356       29.8221       26.2899       -0.8545
      0.05055       27.3718       29.9333       26.2981      -0.85995
       0.0506       28.1719       29.8674       26.3131     -0.861148
      0.05065       28.1807       29.9023       26.3317     -0.863267
       0.0507       30.5655       29.8071       26.3597        -0.865
      0.05075       28.3143       29.9623       26.3584      -0.86834
       0.0508       28.3872       30.0743       26.4399     -0.868748
      0.05085         28.41       30.0278       26.3836     -0.874731
       0.0509       28.6149       30.0305       26.4064     -0.877169
      0.05095       28.3426       30.0852       26.4228     -0.877326
        0.051       28.5291       30.1406       26.4423     -0.877094
      0.05105        29.373       30.1386       26.4557     -0.878898
       0.0511       28.4586       30.1711       26.4519     -0.885753
      0.05115        28.625       30.2123       26.4629     -0.887637
       0.0512       28.5077       30.2461       26.4928     -0.888925
      0.05125       28.4807       30.2773       26.5124     -0.890412
       0.0513       28.9748       30.2813       26.5291     -0.893413
      0.05135       28.3512       30.4798       26.5907     -0.895457
       0.0514        28.949       30.3697       26.5716     -0.900396
      0.05145       28.6575       30.3902       26.5602     -0.903631
       0.0515       28.4457        30.447       26.5832      -0.90522
      0.05155       28.6787       30.4574       26.5986     -0.908182
       0.0516       28.6597       30.4555       26.5868     -0.916307
      0.05165       28.7192       30.4939       26.6063     -0.917609
       0.0517       28.7092       30.5282        26.629     -0.919718
      0.05175       29.0872       30.5495       26.6465     -0.922761
       0.0518       29.3422       30.6142       26.6612     -0.926439
      0.05185       28.8517       30.6413       26.6847     -0.927992
       0.0519       29.3154        30.602       26.7014     -0.931982
      0.05195       28.8556       30.7013       26.7219     -0.933948
        0.052       28.9909        30.712       26.7154     -0.944477
      0.05205       28.6906        30.752       26.7315     -0.944789
       0.0521       26.5258       30.3623         26.77     -0.948552
      0.05215       31.0556       30.7952       26.8061     -0.947342
       0.0522       29.5575       30.8606       26.7873     -0.954922
      0.05225        29.189       30.8986       26.8329     -0.957828
       0.0523       29.2066       30.8896       26.8198     -0.961482
      0.05235       29.1569       30.9303       26.8449     -0.966772
       0.0524       29.4282       30.9437       26.8588      -0.96931
      0.05245       29.3332        30.989       26.8774      -0.97154
       0.0525       29.8128       30.9847       26.8959     -0.975527
      0.05255       30.0114        30.953       26.9186     -0.978799
       0.0526       29.5737       31.0489       26.9113     -0.986169
      0.05265       29.4102       31.0994       26.9322     -0.988817
       0.0527       29.6145       31.1741       26.9928     -0.991196
      0.05275       29.7082       31.1486       26.9609     -0.996845
       0.0528       29.5204        31.192       26.9827      -0.99829
      0.05285       29.5819       31.2229       26.9766       -1.0068
       0.0529       29.5499       31.2894       27.0337      -1.00834
      0.05295       30.1903       31.2293       27.0004      -1.01368
        0.053       29.8544       31.3306       27.0204        -1.017
      0.05305       31.0596        31.341       27.0291      -1.02162
       0.0531       29.5849       31.3869       27.0643      -1.02541
      0.05315       29.5733       31.3957       27.0693      -1.03399
       0.0532       29.6636       31.4285       27.0873      -1.03689
      0.05325       30.8756       31.3469       27.1061      -1.04243
       0.0533       30.1486       31.4283       27.1224      -1.04277
      0.05335       29.5365       31.5806       27.1239      -1.05064
       0.0534       29.8308       31.5731       27.1484      -1.05573
      0.05345       30.7088       31.5389       27.1553      -1.06063
       0.0535       29.9483       31.6359       27.1858      -1.06253
      0.05355       30.1944       31.6272       27.2005      -1.06745
       0.0536       29.8392       31.6742       27.2023      -1.07923
      0.05365       29.7794       31.6813       27.2358      -1.07982
       0.0537       30.7699       31.6709       27.2461      -1.08378
      0.05375        29.911       31.7695        27.255      -1.09302
       0.0538       30.2815       31.7945       27.2749      -1.09568
      0.05385       30.0497       31.8249       27.2939      -1.10001
       0.0539       30.1302       31.9249       27.3613      -1.10841
      0.05395       29.9671       31.8892       27.3131      -1.11327
        0.054       30.0341       31.9352       27.3444      -1.11959
      0.05405        30.226       31.9511        27.362      -1.11876
       0.0541       30.4644       32.0044       27.3969      -1.11892
      0.05415        31.451       31.9684       27.4632       -1.1278
       0.0542       30.9795        32.076         27.41      -1.13482
      0.05425       30.9791       32.1043       27.4873      -1.13992
       0.0543       30.4751       32.2001       27.5095      -1.14549
      0.05435       30.3853       32.1581       27.4702      -1.15272
       0.0544       31.3545       32.1886       27.4768      -1.15635
      0.05445       30.4438       32.2209       27.5126      -1.16332
       0.0545        30.373       32.2369        27.508      -1.17238
      0.05455       33.8741       32.1398       27.4934      -1.17563
       0.0546       31.1419       32.2195       27.5296       -1.1841
      0.05465       30.8792       32.3353       27.5529      -1.18924
       0.0547       30.6847       32.3651       27.5753      -1.19403
      0.05475       31.2682       32.4241       27.5863      -1.19973
       0.0548       30.9004       32.4359        27.594      -1.21242
      0.05485       30.7176       32.4545       27.6165      -1.21603
       0.0549       30.7262       32.4564        27.628      -1.21896
      0.05495       30.6758       32.5265       27.6567      -1.22605
        0.055       31.1294       32.5601       27.6828      -1.23662
      0.05505       31.3584       32.5419       27.6854      -1.23777
       0.0551       30.9967        32.582       27.6686      -1.25152
      0.05515       30.9567       32.6546       27.7028      -1.25395
       0.0552       31.5405       32.7047        27.715      -1.25941
      0.05525       30.6752       32.7422       27.7315      -1.26985
       0.0553       31.1232        32.752       27.7838       -1.2741
      0.05535       31.2616       32.8086        27.767      -1.28094
       0.0554       30.9858       32.7849       27.8052      -1.28809
      0.05545       30.8857       32.8154       27.8273      -1.29327
       0.0555       33.1033       32.9135       27.8243      -1.30275
      0.05555       31.0388       32.8023       27.9034      -1.31055
       0.0556       31.8485       32.8874       27.8963      -1.31381
      0.05565        30.935       32.9498       27.9011      -1.32544
       0.0557       32.3396        32.983       27.8867      -1.33005
      0.05575       31.2705       33.0454       27.9231      -1.33681
       0.0558       31.4886       33.0582         27.91       -1.3494
      0.05585       31.0935       33.0794       27.9444      -1.35435
       0.0559       31.1952       33.1238       27.9668      -1.36086
      0.05595       31.4635       33.1575       27.9789      -1.36669
        0.056       31.3228       33.1662       27.9745      -1.37972
      0.05605       31.3464       33.2148       28.0019       -1.3867
       0.0561       32.5124       33.2532       28.0239      -1.38931
      0.05615       31.5106       33.3273       28.0686      -1.40194
       0.0562       31.6284       33.3246       28.0667      -1.40012
      0.05625       31.8341       33.3317        28.055      -1.42266
       0.0563       32.1677       33.3375       28.0821      -1.42789
      0.05635       31.7589       33.4144       28.1173      -1.42946
       0.0564       31.6225       33.4505       28.1245      -1.44039
      0.05645       33.0395       33.5652       28.3219      -1.44716
       0.0565       32.0014       33.4851        28.168      -1.45835
      0.05655       31.7447       33.5868       28.2218      -1.46303
       0.0566       32.2251       33.5291       28.1923      -1.47376
      0.05665       32.0332       33.5785       28.2148      -1.48021
       0.0567       31.8106       33.6505        28.237      -1.48956
      0.05675       31.8699       33.6614       28.2389       -1.5018
       0.0568       31.8525       33.7077       28.2569      -1.50889
      0.05685        33.421       33.5616        28.273        -1.516
       0.0569       32.8606       33.7092       28.2867      -1.52331
      0.05695       32.1947       33.8046       28.3074      -1.52933
        0.057       32.1464       33.8157       28.3067      -1.54416
      0.05705        32.122       33.8512       28.3183      -1.54942
       0.0571       32.4303       33.8977       28.3396      -1.56144
      0.05715       32.2031       33.9302       28.3719       -1.5636
       0.0572       32.8291       33.9044       28.3936      -1.57782
      0.05725       32.2428       33.9962       28.4141      -1.58433
       0.0573       32.5141       34.0234       28.4363      -1.59371
      0.05735       32.2983       34.0678       28.4595       -1.6012
       0.0574       32.4739       33.9475       28.4136      -1.61866
      0.05745       32.2606        34.146       28.4975      -1.62034
       0.0575       32.4125       34.1808       28.5132       -1.6282
      0.05755       32.7833       34.2061        28.502      -1.64348
       0.0576       32.6589       34.2921       28.5892      -1.64864
      0.05765       34.0241       34.1054       28.5462      -1.66097
       0.0577       32.7581       34.3609       28.6525      -1.66747
      0.05775       34.3566       34.3229        28.572      -1.67819
       0.0578       32.8579       34.3633       28.5956      -1.68818
      0.05785       32.8895       34.3994       28.6239      -1.69654
       0.0579       33.1886       34.4252       28.6154      -1.70403
      0.05795       32.8591       34.5133       28.6777      -1.71899
        0.058       32.8414       34.4808       28.6456      -1.72585
      0.05805       32.7899       34.5294       28.6703      -1.73334
       0.0581        32.811       34.5416       28.6654      -1.74829
      0.05815       32.9764       34.5496       28.6807      -1.75342
       0.0582       33.0475       34.6133       28.7181      -1.76814
      0.05825       33.6803       34.6014        28.739      -1.77647
       0.0583        33.003       34.6958       28.7707       -1.7839
      0.05835       32.5707       34.7253       28.7699       -1.7949
       0.0584       34.9038       34.5796       28.7829      -1.80725
      0.05845       33.1681       34.8037       28.8152       -1.8143
       0.0585        33.099       34.8083       28.8104      -1.82439
      0.05855       33.4947       34.8769       28.8318      -1.83606
       0.0586       33.6504       34.9282       28.8467      -1.84343
      0.05865       33.3352       34.9222        28.864       -1.8567
       0.0587        33.282       34.9715       28.8853      -1.86655
      0.05875        33.275       35.0188       28.9247      -1.87356
       0.0588       34.1693       35.0004       28.9332      -1.89046
      0.05885       33.4187       35.0705       28.9459      -1.89764
       0.0589       33.4815       35.1143       28.9682      -1.90622
      0.05895        33.739       35.1452       28.9846      -1.91518
        0.059        33.403       35.1665        28.974      -1.93288
      0.05905       35.8881       35.1365       29.0339      -1.93916
       0.0591       34.1236       35.3526       29.1197      -1.94992
      0.05915       32.8909        35.394       29.0594      -1.96213
       0.0592        33.588        35.346       29.0778      -1.96932
      0.05925       33.5792        35.373        29.086      -1.98261
       0.0593       33.6957       35.4094       29.1093      -1.99038
      0.05935       33.8361       35.4097       29.1057      -2.00554
       0.0594       33.6486       35.4806       29.1249      -2.01419
      0.05945       34.5512       35.4598       29.1461      -2.02382
       0.0595       33.8717       35.5503       29.1749       -2.0316
      0.05955       34.3744        35.538       29.1673      -2.05093
       0.0596       33.9025       35.6173       29.2015      -2.05759
      0.05965       34.5022       35.7011       29.2586      -2.06402
       0.0597       34.6904        35.703       29.3056      -2.08138
      0.05975       33.9507       35.7444       29.2582      -2.08701
       0.0598       34.1459       35.7748       29.2798      -2.09471
      0.05985       34.0735       35.6953       29.2444      -2.11663
       0.0599       36.5188       35.7662       29.2815      -2.11964
      0.05995       34.5781         35.85         29.31      -2.13264
         0.06       33.9725       35.9522       29.3334      -2.13976
      0.06005       34.6665       35.9007       29.3192      -2.15917
       0.0601       34.3528       35.9608       29.3448      -2.16726
      0.06015       35.6645       36.0039       29.3556      -2.17926
       0.0602        34.767       36.0319       29.3867      -2.18585
      0.06025       35.8143       35.9463       29.4069      -2.19542
       0.0603        34.968       36.0999       29.3949      -2.21328
      0.06035       34.5651       36.1416       29.4232      -2.22394
       0.0604       34.9059       36.1848       29.4456      -2.23337
      0.06045       35.4512       36.1517       29.4711      -2.24339
       0.0605       34.8629       36.3156       29.5379      -2.25211
      0.06055       35.0528       36.2693       29.4936      -2.26702
       0.0606       35.0071       36.3058       29.5218      -2.27678
      0.06065       34.6825        36.378       29.5403      -2.28564
       0.0607       34.6739       36.3906       29.5408      -2.30548
      0.06075       34.8097       36.4338       29.5591      -2.31266
       0.0608       34.7575       36.4834       29.5792      -2.32139
      0.06085       35.0582       36.6086       29.7006      -2.33362
       0.0609       34.8482       36.5622       29.6129      -2.34655
      0.06095       36.6611       36.4298       29.6306      -2.35655
        0.061       35.5687       36.5932       29.6492      -2.36621
      0.06105       35.3656       36.6586       29.6498      -2.38088
       0.0611       36.0858       36.7215       29.7371      -2.39008
      0.06115        35.046       36.7388        29.691      -2.40335
       0.0612       36.1069       36.8301       29.6956      -2.41397
      0.06125       35.2557        36.832       29.7288      -2.42252
       0.0613       35.1224        36.841       29.7313      -2.44043
      0.06135       36.1613       36.8315       29.7672      -2.44808
       0.0614       35.2783       36.9379       29.7876      -2.45712
      0.06145       35.3641       36.9634       29.7751      -2.47442
       0.0615        35.375       36.9937       29.7931      -2.48513
      0.06155       35.2739       37.0448       29.8147      -2.49449
       0.0616       35.5576       36.9924       29.8424      -2.50583
      0.06165       35.5174       37.1241       29.8453      -2.51494
       0.0617       35.7498       37.1372       29.8652      -2.52709
      0.06175       35.6078       37.2691       29.9516      -2.54119
       0.0618       35.6136       37.2992       29.9612       -2.5478
      0.06185       35.6229       37.2766       29.9089      -2.56727
       0.0619       35.8986       37.3097       29.9281      -2.57526
      0.06195       35.6188       37.3486       29.9474       -2.5846
        0.062       36.0986        37.354       29.9665      -2.59478
      0.06205       37.1125       37.4447       29.9681      -2.60936
       0.0621       35.9652       37.4771        29.995      -2.61989
      0.06215       36.1706       37.4969       29.9873      -2.63516
       0.0622       35.9031       37.5197        30.008      -2.64654
      0.06225        37.151       37.4804       30.0554      -2.65141
       0.0623       36.1784       37.6234       30.0851      -2.66528
      0.06235       36.0027       37.6421       30.0692      -2.67926
       0.0624       36.3023       37.6948       30.0884      -2.68915
      0.06245       36.1132       37.7279        30.103      -2.69872
       0.0625       36.1636       37.7409       30.0918       -2.7171
      0.06255       36.9763       37.7576       30.1236      -2.72495
       0.0626       36.6016       37.8102       30.1451      -2.73492
      0.06265       36.4131       37.8908        30.161      -2.74674
       0.0627       37.3117       37.9029       30.1621       -2.7576
      0.06275       36.5571       37.9244       30.1653      -2.77582
       0.0628       35.6377       38.0921       30.1877      -2.78476
      0.06285       37.8812        38.035       30.2122      -2.79073
       0.0629       36.6317       38.0609        30.223      -2.80593
      0.06295       36.5187       38.1152       30.2378      -2.81722
        0.063       37.0101       38.1426       30.2592      -2.82682
      0.06305       36.6237       38.2024       30.2658       -2.8396
       0.0631       38.2861       38.0915        30.282      -2.85348
      0.06315         36.91       38.2676       30.2965      -2.86156
       0.0632       36.7592       38.3069       30.3141      -2.87039
      0.06325       39.6293       38.0283       30.3174      -2.88453
       0.0633        37.203       38.3578       30.3335      -2.89459
      0.06335       37.0126       38.5005       30.4173       -2.9071
       0.0634       37.3808       38.4478        30.366      -2.91879
      0.06345       37.0626        38.499       30.3811      -2.92733
       0.0635       37.0603       38.5201       30.3725      -2.94377
      0.06355       37.2099        38.572       30.4037      -2.95208
       0.0636       37.9762       38.6068       30.4105      -2.96528
      0.06365       37.6267       38.6137       30.4328      -2.97599
       0.0637       37.4341       38.6734       30.4473      -2.98712
      0.06375       37.4749       38.7206       30.4585      -2.99747
       0.0638       37.3531       38.7706       30.4733      -3.00968
      0.06385       38.7714       38.7526       30.4894      -3.01905
       0.0639       37.8543       38.8289       30.5065      -3.03034
      0.06395       37.4958       38.8783       30.4995      -3.04528
        0.064       37.7118       38.9266       30.5108      -3.05757
      0.06405       37.6267       38.9577        30.536      -3.06425
       0.0641       37.3889       39.0906       30.5441      -3.07651
      0.06415       39.1396       38.8863       30.5495      -3.08871
       0.0642       37.7514       39.0067       30.5616      -3.10197
      0.06425        38.009       39.1231       30.5681      -3.11243
       0.0643       38.1882       39.1808       30.5769      -3.12485
      0.06435       39.1053       39.1485       30.5813      -3.13751
       0.0644       37.8386       39.2463       30.6054      -3.14648
      0.06445        37.872       39.2852       30.6193      -3.15627
       0.0645        38.033       39.3099       30.6276       -3.1684
      0.06455       38.3683       39.3543       30.6503      -3.17583
       0.0646       38.1251       39.4179       30.6696      -3.19005
      0.06465       38.1543       39.4556       30.6649      -3.19876
       0.0647       38.0793       39.4786       30.6542      -3.21496
      0.06475       38.1732       39.5152        30.663      -3.22594
       0.0648       38.2986       39.5792       30.6965      -3.23108
      0.06485       38.3103       39.5977       30.7018      -3.24409
       0.0649       38.1351       39.6467       30.7063      -3.25544
      0.06495       38.8052       39.6896       30.7051      -3.26695
        0.065       39.3274       39.7573       30.7009      -3.27929
      0.06505       38.7755       39.7881       30.7145      -3.29108
       0.0651       38.3302       39.8111       30.7254      -3.30275
      0.06515       38.3735       39.8547        30.734      -3.31322
       0.0652       39.1386       39.8334       30.7634      -3.31925
      0.06525       37.4671       40.0544       30.7551      -3.33413
       0.0653       41.4226       39.8756       30.7397      -3.34381
      0.06535       38.4424       40.0194       30.7792      -3.35281
       0.0654       38.6113       40.0489       30.7719      -3.36657
      0.06545       38.7449       40.0984       30.7821      -3.37946
       0.0655       39.0178        40.138       30.7835      -3.39054
      0.06555       38.7338       40.1855       30.8066      -3.39484
       0.0656       38.8615       40.2155       30.8102      -3.40966
      0.06565       38.7654       40.2607       30.8136      -3.42081
       0.0657       39.7295       40.2632        30.828      -3.42941
      0.06575       38.8312       40.3627       30.8298      -3.44194
       0.0658       39.7723       40.4102       30.8223       -3.4532
      0.06585       38.9129       40.4366        30.833      -3.46586
       0.0659       39.0678       40.5985       30.9418      -3.46829
      0.06595       39.4805       40.5387        30.831      -3.48717
        0.066       39.1435       40.5389       30.8472      -3.49332
      0.06605       38.9848       40.5917       30.8412      -3.50508
       0.0661       39.1258       40.6163       30.8363      -3.52135
      0.06615       38.7738        40.715       30.8571        -3.525
       0.0662       39.8531       40.7478       30.8554      -3.53734
      0.06625       39.3549       40.7789       30.8645      -3.54599
       0.0663       39.6827       40.7708       30.8533      -3.56166
      0.06635       40.0263       40.8707        30.858      -3.56905
       0.0664       42.2028        40.768       30.8486      -3.58016
      0.06645        39.692       40.9118       30.8787      -3.58819
       0.0665       39.5361       40.9671        30.875      -3.60188
      0.06655       40.0335       41.0209       30.8591      -3.61468
       0.0666       39.8994       41.0497       30.8809       -3.6209
      0.06665        39.605       41.0927       30.8741      -3.63357
       0.0667       39.7502       41.1433        30.883      -3.64111
      0.06675       40.9049       41.1872       30.8605      -3.65455
       0.0668       40.9068       41.1224       30.8864      -3.66143
      0.06685       39.6993       41.3145        30.882      -3.67102
       0.0669       40.1504       41.2752       30.8824       -3.6838
      0.06695       39.9651       41.3501       30.8719      -3.69686
        0.067       40.1328        41.379       30.8776       -3.7041
      0.06705         40.18       41.4359       30.8737      -3.71605
       0.0671       40.2372       41.4776       30.8945      -3.72033
      0.06715       40.0509       41.5311       30.8836      -3.73341
       0.0672       40.5407       41.5288       30.8712      -3.74523
      0.06725       40.2939       41.6062       30.8622      -3.75677
       0.0673       40.1729       41.6654       30.8868      -3.76007
      0.06735       42.3022       41.5141       30.8538      -3.77495
       0.0674       40.6183       41.6886       30.8425      -3.78654
      0.06745        40.512       41.7602        30.835      -3.79647
       0.0675       40.4438       41.8172       30.8481      -3.80264
      0.06755       40.6837       41.8663       30.8354      -3.81543
       0.0676       40.6096       41.8991       30.8226      -3.82703
      0.06765       40.7316       41.9602       30.8437      -3.83188
       0.0677       40.7561       41.9658       30.8323      -3.84369
      0.06775       40.5864       42.0195       30.8168      -3.85566
       0.0678       40.8943       42.0412       30.8014      -3.86788
      0.06785        41.749       42.0551        30.802      -3.87145
       0.0679       40.7065       42.1587       30.7955      -3.88451
      0.06795        40.873       42.1808       30.7767      -3.89733
        0.068       40.9655       42.2534       30.7865      -3.90151
      0.06805       40.8199        42.289       30.7705      -3.91218
       0.0681       41.0827       42.3159       30.7523      -3.92446
      0.06815       41.3755       42.3646       30.7523      -3.93025
       0.0682       41.9045       42.3536       30.7365      -3.94442
      0.06825       41.0849       42.4691       30.7385      -3.94965
       0.0683        41.062       42.5038       30.7252      -3.96198
      0.06835         41.24       42.5385       30.7019      -3.97351
       0.0684        41.843        42.615       30.7067      -3.97769
      0.06845       41.3143       42.6266       30.6972      -3.99122
       0.0685       41.2668       42.6332       30.6791      -4.00134
      0.06855       42.5533       42.6285         30.68      -4.00786
       0.0686       41.4399       42.7664       30.6564      -4.01701
      0.06865        41.464       42.8006       30.6305      -4.03145
       0.0687       41.4553       42.8549       30.6404      -4.03883
      0.06875       43.7022       42.7515       30.6337      -4.04752
       0.0688       41.8706       42.9344       30.6188      -4.05687
      0.06885       41.9854       42.8967       30.5782      -4.06497
       0.0689       42.0476       42.9645       30.5469      -4.07905
      0.06895       42.9785       43.1028       30.5533      -4.08567
        0.069       42.8112       43.1406       30.5276       -4.0969
      0.06905       41.9893        43.201       30.6593      -4.09964
       0.0691       42.1189       43.1915       30.5253      -4.11118
      0.06915       41.9518       43.2436       30.4956      -4.12125
       0.0692       42.0192       43.2849       30.4843      -4.12781
      0.06925       42.1165       43.3102       30.4608      -4.13946
       0.0693       42.5934       43.3512       30.4589      -4.14567
      0.06935       43.3508       43.2914       30.4295      -4.15904
       0.0694       42.2806       43.4504       30.4178      -4.16405
      0.06945       42.4211       43.4737       30.3913      -4.17775
       0.0695       42.2607        43.531        30.386      -4.18072
      0.06955       42.3566       43.5732       30.3572      -4.19425
       0.0696       43.2089       43.5475       30.3491      -4.20094
      0.06965       42.3763       43.6617       30.3249      -4.21152
       0.0697       42.7873       43.6875       30.3104      -4.22001
      0.06975        43.184        43.693       30.2817      -4.23186
       0.0698       42.7141       43.7685       30.2802       -4.2365
      0.06985       42.7097       43.8091        30.247      -4.24874
       0.0699       42.7038       43.8669       30.2437      -4.25433
      0.06995       41.9125       43.9924       30.2179      -4.26747
         0.07       42.7596       43.9534       30.2129      -4.27187
      0.07005       44.6747        43.812       30.1966      -4.28285
       0.0701       43.3634       43.9802       30.1716      -4.29313
      0.07015       43.7546       44.0245       30.1453       -4.2996
       0.0702        43.343       44.1243       30.1539      -4.30912
      0.07025       43.3312        44.147       30.1174      -4.31906
       0.0703       43.8681       44.1539       30.1084      -4.32502
      0.07035       43.1549       44.2406       30.0634      -4.33766
       0.0704       43.1497       44.2836       30.0606      -4.33974
      0.07045       44.0983       44.2525        30.023      -4.35284
       0.0705       43.3607       44.3469       30.0213       -4.3586
      0.07055       43.1643       44.2498       29.9403      -4.36966
       0.0706         43.38       44.3944       29.9767      -4.37608
      0.07065       44.1465       44.4308       29.9793      -4.38466
       0.0707        44.201       44.5509       29.9389      -4.39696
      0.07075       44.4568       44.6117       29.9464      -4.39827
       0.0708       43.7194       44.6549       29.9279      -4.41554
      0.07085        43.888        44.673       29.9299      -4.41441
       0.0709       43.4524       44.7573        29.883       -4.4243
      0.07095       43.6883       44.7345       29.8532      -4.43704
        0.071        43.706       44.7523       29.8087       -4.4488
      0.07105       44.1134        44.754        29.965      -4.45245
       0.0711       43.7181       44.8815       29.7641      -4.46121
      0.07115       44.9222       44.8341       29.7793      -4.46784
       0.0712       43.7485       44.9024       29.7452      -4.47884
      0.07125       44.2336       44.9908       29.7507      -4.48365
       0.0713       44.1774       45.0171       29.7201      -4.49604
      0.07135       44.8519       45.0771       29.7161      -4.49919
       0.0714       44.2155       45.0936       29.6879      -4.51123
      0.07145       44.3738        45.161       29.6844      -4.51886
       0.0715       44.4368       45.1706       29.6575      -4.52934
      0.07155       44.2879       45.2485       29.6654      -4.53198
       0.0716       45.2362       45.2369       29.6372      -4.54392
      0.07165       45.1785       45.3046        29.641      -4.54962
       0.0717       44.0454       45.4077       29.6265      -4.56111
      0.07175       44.6831       45.4039       29.5743      -4.56535
       0.0718       45.3973       45.4094        29.519       -4.5775
      0.07185       45.5321       45.3783       29.5101      -4.57909
       0.0719       44.8338       45.4985       29.4701      -4.59271
      0.07195       44.7781       45.5677       29.4876      -4.59728
        0.072       44.7378       45.5996       29.4687       -4.6095
      0.07205       44.8158       45.6451       29.4707      -4.61314
       0.0721       44.9475       45.6777       29.4433      -4.62548
      0.07215       44.8797       45.7293       29.4419      -4.62694
       0.0722       45.1743       45.7385       29.4168      -4.63976
      0.07225       45.3858       45.7829       29.4199      -4.64479
       0.0723       45.7054       45.8558       29.3845      -4.65705
      0.07235       45.3526       45.9263       29.4163      -4.65836
       0.0724       45.4202       45.9444       29.3828      -4.66798
      0.07245       45.2331        45.947       29.3544      -4.67913
       0.0725       45.3614        45.984       29.3432      -4.68435
      0.07255       45.6633       45.9855       29.3284      -4.69325
       0.0726       45.3238       46.0554       29.3027      -4.70386
      0.07265       45.4127         46.09       29.3016      -4.70561
       0.0727       45.7268       46.0896       29.2797      -4.71812
      0.07275       45.6187       46.1804        29.286      -4.72189
       0.0728       45.5673       46.2163       29.2597      -4.73363
      0.07285       45.7882        46.244       29.2529      -4.73554
       0.0729         45.62       46.2817       29.2308      -4.74763
      0.07295       44.8511       46.4439       29.2241      -4.75251
        0.073       45.6956       46.3615       29.1953      -4.76427
      0.07305       45.7324       46.4117       29.1928      -4.76747
       0.0731       47.1693       46.3708        29.157      -4.78059
      0.07315       45.9566       46.4869       29.1615      -4.78231
       0.0732       45.8643       46.4714       29.1408      -4.79409
      0.07325       46.0029       46.5394         29.13      -4.79929
       0.0733       45.9015       46.5677       29.0954      -4.81028
      0.07335       45.9859       46.6225        29.103      -4.81215
       0.0734       46.6232       46.6042       29.0766      -4.82436
      0.07345       46.3678       46.6621       29.0867      -4.82772
       0.0735       46.1335       46.7111        29.063      -4.83837
      0.07355       46.3086       46.7611       29.0734      -4.84349
       0.0736       46.7115       46.7555       29.0411      -4.85568
      0.07365       46.4221       46.8161       29.0399      -4.85603
       0.0737       47.0075       46.8594       29.0093      -4.86956
      0.07375       46.6216        46.874       29.0187      -4.87184
       0.0738       46.9473       46.9367       29.0064      -4.88223
      0.07385       46.6945       46.9164       29.0044      -4.88807
       0.0739       46.8326       46.9764       29.0022      -4.89668
      0.07395       47.5927       46.9398       28.9741      -4.90291
        0.074       46.9529       46.9888        28.955      -4.91371
      0.07405       46.8505        47.043       28.9752      -4.91468
       0.0741       48.4408       47.1345       28.9606      -4.92441
      0.07415       47.0961       47.1034       28.9519      -4.93265
       0.0742       47.1847       47.1268       28.9365      -4.94201
      0.07425       48.3041       47.0257        28.943      -4.94427
       0.0743       47.7311       47.1067       28.9173       -4.9544
      0.07435       47.1796       47.2033       28.9435       -4.9602
       0.0744       47.2557       47.2293       28.9172      -4.97039
      0.07445       47.1617       47.2727       28.9252      -4.97362
       0.0745        47.787       47.2943       28.9258      -4.98372
      0.07455       47.5034       47.3123       28.9214      -4.99153
       0.0746       47.4659       47.3441       28.9513      -4.99492
      0.07465       48.3682       47.3477       28.9468      -5.00736
       0.0747       47.5478       47.3925        28.917      -5.00904
      0.07475       47.5444       47.4032       28.8632      -5.02091
       0.0748       47.8521       47.4314       28.8726      -5.02401
      0.07485       47.6743       47.4497       28.8541      -5.03495
       0.0749       47.9412       47.4335       28.8463       -5.0392
      0.07495        48.755       47.4611       28.8687      -5.04649
        0.075       47.8729        47.526        28.846      -5.05861
      0.07505       47.8303       47.5446       28.8506      -5.05897
       0.0751       48.6742       47.5119       28.9535      -5.06948
      0.07515        47.997       47.5912       28.8334      -5.07592
       0.0752       48.4928       47.5794       28.8093      -5.08753
      0.07525       48.1792       47.6501       28.8543      -5.08281
       0.0753       48.1004       47.6419       28.8396      -5.09879
      0.07535        48.184       47.6393       28.8389      -5.10455
       0.0754       48.3834       47.6812       28.8568      -5.10833
      0.07545       48.2728       47.6866       28.8226      -5.11879
       0.0755       49.0222       47.7458       28.8325      -5.12406
      0.07555       48.3725         47.73       28.8171      -5.13449
       0.0756       49.5114       47.7411       28.8743      -5.13604
      0.07565       48.9306       47.7067       28.8278      -5.14761
       0.0757       48.6756       47.7567       28.8112      -5.15695
      0.07575       49.0942       47.7421       28.8283      -5.15596
       0.0758       48.7365       47.7519       28.8171       -5.1692
      0.07585       48.7092       47.7553       28.8023      -5.17532
       0.0759       48.8959       47.7846       28.8108       -5.1785
      0.07595       49.5392       47.6537       28.7971      -5.18917
        0.076       49.1562       47.7615       28.8236      -5.19337
      0.07605       49.2614       47.7672       28.7902      -5.20418
       0.0761       49.0278       47.7928       28.8126      -5.20608
      0.07615       49.0798       47.7672       28.8148      -5.21676
       0.0762       49.3919        47.819       28.8151      -5.22173
      0.07625       49.2591       47.7491       28.8066       -5.2334
       0.0763       49.3799       47.7556       28.8341      -5.23192
      0.07635       49.9728       47.6787       28.8205      -5.24489
       0.0764       49.5018        47.676       28.7922      -5.24951
      0.07645       52.6526       47.5069       28.8623      -5.25744
       0.0765       49.6651        47.698       28.8018      -5.26631
      0.07655       49.3895       47.7591       28.7978      -5.27377
       0.0766       49.8274       47.7113       28.8226      -5.27607
      0.07665       49.3128       47.7311       28.8125      -5.28655
       0.0767       49.6427       47.6148       28.8336       -5.2915
      0.07675       51.4527       47.5573       28.8102      -5.29948
       0.0768       50.1271       47.5693       28.8098      -5.31015
      0.07685       50.4318        47.541       28.8301      -5.31005
       0.0769        50.117       47.5608        28.811      -5.32152
      0.07695       50.1155       47.5382       28.8253      -5.32613
        0.077       50.1171       47.5055       28.8196      -5.33858
      0.07705       50.9549        47.524       28.8479      -5.33393
       0.0771       50.2964       47.4571       28.8381       -5.3459
      0.07715       50.5646       47.3961       28.8248      -5.35719
       0.0772       50.3476        47.407       28.8473      -5.35764
      0.07725        52.746       47.0867       28.8274      -5.37013
       0.0773       50.3334       47.3165       28.8219      -5.37709
      0.07735       51.3108       47.2615       28.8435      -5.37536
       0.0774       51.0689       47.1968       28.8341      -5.38879
      0.07745       50.7078       47.1576       28.8239      -5.39933
       0.0775       50.8355       47.1273       28.8544      -5.39715
      0.07755        50.731        47.079       28.8476      -5.41007
       0.0776        50.762       47.0117       28.8358      -5.41575
      0.07765       50.9423       46.9417       28.8214      -5.42497
       0.0777       50.9013       46.9177       28.8507      -5.42676
      0.07775       51.1221       46.8384       28.8314      -5.43902
       0.0778       51.0558       46.7889       28.8498      -5.44113
      0.07785       51.0257       46.7311       28.8376      -5.45237
       0.0779       52.8133       46.6231       28.8275      -5.45518
      0.07795       51.4916       46.5791       28.8292      -5.46601
        0.078       51.3137       46.5181       28.8358      -5.46979
      0.07805       51.2671       46.4155       28.8174      -5.48222
       0.0781       51.3201       46.3424        28.828      -5.48327
      0.07815       52.0423       46.2383       28.8115      -5.49525
       0.0782       51.7073       46.1842       28.8312       -5.4977
      0.07825       51.4371       46.0705       28.8137      -5.50954
       0.0783       51.4816       46.0044       28.8314      -5.51128
      0.07835       51.5335       45.8937       28.8117      -5.52289
       0.0784        51.734       45.8243        28.823      -5.52498
      0.07845       51.7134       45.7217       28.8079      -5.53564
       0.0785       52.6103       45.6796       28.8089      -5.53957
      0.07855       51.9222       45.5393       28.8125      -5.55222
       0.0786        52.107       45.4502       28.8298      -5.55134
      0.07865       52.1188         45.34       28.8079      -5.56164
       0.0787       52.0853       45.2463       28.7912      -5.57219
      0.07875       52.0394       45.1535       28.8138      -5.57252
       0.0788       52.0892       45.0415        28.797      -5.58331
      0.07885       52.1768        44.938       28.7799      -5.59392
       0.0789       52.3213       44.8359       28.8009      -5.59283
      0.07895       52.6303       44.6992       28.7764      -5.60216
        0.079        52.539       44.6076       28.7643       -5.6155
      0.07905       52.4624       44.5333       28.7942      -5.61314
       0.0791       52.3799       44.4282       28.7746      -5.62108
      0.07915        52.663       44.2905       28.7549      -5.63328
       0.0792       52.5173       44.1985       28.7422      -5.64272
      0.07925       52.7092       44.1014       28.7641      -5.64171
       0.0793       52.6856       43.9686        28.745      -5.65263
      0.07935       52.7702       43.8499        28.732       -5.6632
       0.0794       53.7138       43.7738       28.7459      -5.66153
      0.07945       53.5324       43.5702       28.7346       -5.6723
       0.0795       53.0092       43.5086       28.7195      -5.68283
      0.07955       53.1803       43.4617       28.7205       -5.6863
       0.0796       52.8931       43.2762       28.7051      -5.69767
      0.07965       53.0826       43.1654        28.718      -5.69751
       0.0797       53.1231       43.0475       28.6946      -5.70684
      0.07975        53.195       42.9348       28.6758      -5.71965
       0.0798       53.7163       42.7904       28.6943      -5.71825
      0.07985       53.5069       42.6762       28.6706      -5.72769
       0.0799       53.1911       42.5831        28.649      -5.73699
      0.07995       53.7855       42.4523       28.6234      -5.74686
         0.08       53.5885       42.3565       28.6592      -5.74446
      0.08005       54.1425       42.1876       28.6352      -5.75712
       0.0801       53.4355       42.1271       28.6139      -5.76699
      0.08015       53.4951       42.0414       28.6227      -5.76754
       0.0802       53.6253       41.9297       28.6031      -5.77852
      0.08025       53.7332       41.8056       28.5997      -5.78294
       0.0803       54.3432       41.7098       28.5677      -5.79433
      0.08035       54.0224       41.6068       28.5833      -5.79482
       0.0804       53.8569       41.5049       28.5573      -5.80404
      0.08045       53.7381        41.372       28.5392      -5.81442
       0.0805       54.0472       41.2619        28.538      -5.81612
      0.08055       55.5963       41.0306       28.5061       -5.8276
       0.0806       54.1307       41.0484       28.5085      -5.83004
      0.08065       54.0921       40.9317       28.4877      -5.83979
       0.0807        54.115       40.8296       28.4663      -5.84942
      0.08075       54.2019        40.746       28.4776      -5.84808
       0.0808       54.1884       40.6407        28.451        -5.856
      0.08085       54.2643       40.5367       28.4233      -5.86683
       0.0809       54.3231       40.4408       28.3974      -5.87648
      0.08095       54.3878       40.3514       28.3924      -5.87995
        0.081       54.4158       40.2684       28.3677      -5.89009
      0.08105       56.1342       40.0491        28.366       -5.8906
       0.0811       54.9383       40.0538       28.3467      -5.89876
      0.08115       54.6029        39.978       28.3276      -5.90906
       0.0812       54.7098       39.8756       28.2989      -5.91766
      0.08125       54.9376       39.8119       28.3081      -5.91667
       0.0813       54.8774       39.7271       28.2822      -5.92765
      0.08135       54.9051       39.6197       28.2593      -5.93655
       0.0814       55.7339       39.5605       28.2496      -5.93854
      0.08145       55.3757        39.433       28.2249      -5.94613
       0.0815        55.149       39.3659       28.1973      -5.95522
      0.08155       55.4529       39.3048       28.1731       -5.9662
       0.0816       55.2208       39.2332       28.1827      -5.96367
      0.08165       55.4184       39.1416       28.1553      -5.97498
       0.0817       55.8601       39.0897        28.118      -5.98352
      0.08175       55.4858       39.0365        28.116      -5.98581
       0.0818       55.4278       38.9593       28.0824      -5.99441
      0.08185       57.1836       38.7243       28.0486      -6.00474
       0.0819       56.2598       38.7665       28.0544      -6.00452
      0.08195       55.9264       38.7375       28.0222      -6.01138
        0.082       56.8255       38.6348       27.9764      -6.02334
      0.08205       56.1616       38.6095       27.9575      -6.02941
       0.0821       56.0659       38.6095        27.971      -6.02463
      0.08215       56.0225       38.5197       27.9481      -6.03661
       0.0822       55.9696       38.4895       27.9224      -6.04789
      0.08225       56.0392       38.4587       27.9243      -6.04598
       0.0823       56.1747       38.3114       27.8466      -6.05689
      0.08235       56.4998       38.2605       27.8162      -6.06594
       0.0824       56.5765       38.2041       27.8216      -6.06613
      0.08245       57.5466       38.0438       27.7908       -6.0758
       0.0825       56.4439       38.0933       27.7513      -6.08263
      0.08255       57.1377       38.2923       27.9039      -6.08474
       0.0826       56.5558       37.9932       27.6766      -6.10046
      0.08265       56.9673       37.9567       27.6738      -6.09879
       0.0827       56.6764       37.8786       27.6428      -6.10739
      0.08275       57.0765       37.8202       27.6045      -6.11732
       0.0828       56.8514       37.8197       27.5942      -6.11503
      0.08285       56.7885       37.7896       27.5563      -6.12439
       0.0829       56.8419       37.6989       27.5164       -6.1339
      0.08295       56.8698       37.6739       27.4825      -6.14077
        0.083       57.1022       37.6525       27.4713      -6.14036
      0.08305        56.992        37.675       27.4819      -6.14495
       0.0831       57.9603       37.5288       27.4194      -6.14932
      0.08315       57.1608       37.5871       27.3918      -6.15456
       0.0832       57.2138       37.5377        27.342      -6.16717
      0.08325       57.7611       37.4693       27.3077      -6.17315
       0.0833       58.0132       37.5363       27.2949      -6.16986
      0.08335       57.5452       37.4692       27.2579      -6.17807
       0.0834       57.8309       37.4291       27.2153      -6.18529
      0.08345       57.9374       37.3477       27.1762      -6.19257
       0.0835       58.1625       37.3748       27.1287      -6.19948
      0.08355       57.9322       37.3379         27.12      -6.19922
       0.0836       58.4715       37.3352       27.0649      -6.20829
      0.08365       57.6672        37.214       27.0265      -6.21599
       0.0837       57.9456       37.2747       27.0145      -6.21654
      0.08375       58.0997       37.2363       26.9735      -6.22573
       0.0838       58.2604       37.2487       27.0304      -6.22734
      0.08385       58.5484       37.1709       27.0233      -6.23462
       0.0839       58.3244       37.1538       26.8599      -6.23968
      0.08395       58.4366       37.1569       26.8389      -6.24467
        0.084       58.3552       37.1281       26.7926       -6.2508
      0.08405       58.5142       37.0939       26.7594      -6.26009
       0.0841       58.5812       37.1003       26.7005      -6.25881
      0.08415       59.1111       37.0543        26.695      -6.26119
       0.0842       58.6103       37.0832       26.6541      -6.26772
      0.08425       58.6673       37.0561       26.6038      -6.27417
       0.0843       58.9647       37.0393       26.5467      -6.28157
      0.08435       58.9099       37.0118       26.5067      -6.28767
       0.0844        59.328       37.0088       26.4828      -6.28588
      0.08445       59.1534       37.0218       26.4389      -6.29205
       0.0845       59.2588       37.0132       26.3932       -6.2995
      0.08455       59.2233        36.994       26.3681      -6.29875
       0.0846       59.2867       36.9674       26.3188      -6.30501
      0.08465       59.2976       36.9672       26.2782      -6.31031
       0.0847       59.5281       36.9836       26.2432      -6.31112
      0.08475       59.4799       36.9964       26.1881       -6.3144
       0.0848       60.5153       36.9244       26.1392      -6.32108
      0.08485       59.6553       36.9674       26.0987      -6.32937
       0.0849       59.8786       36.9984       26.0781      -6.32357
      0.08495       59.9615       36.9844       26.0289      -6.33267
        0.085       60.0317       36.9675        25.976      -6.33782
      0.08505       60.0174       36.9684       25.9227      -6.34212
       0.0851       59.9976       36.9526       25.8711      -6.34754
      0.08515        60.658       36.9193       25.8352       -6.3501
       0.0852       60.6552       36.9927       25.7806      -6.35507
      0.08525       60.2253       36.9696        25.729      -6.35925
       0.0853       60.2085       36.9491       25.6795      -6.36414
      0.08535       61.8522       36.9145       25.6207      -6.37352
       0.0854       60.6193       36.9624        25.606       -6.3641
      0.08545       60.6036       37.0832       25.6363      -6.37026
       0.0855       60.7628       36.9373       25.5073      -6.37576
      0.08555       60.4781       36.9177       25.4635      -6.38056
       0.0856        60.615       36.9561       25.4075      -6.38306
      0.08565        60.692       36.9625       25.3881      -6.37772
       0.0857       60.8338       36.9646       25.3299      -6.38277
      0.08575        60.825       36.9524       25.2483      -6.39336
       0.0858       61.1248       36.9526       25.2242      -6.39108
      0.08585       61.3758       36.9043        25.167       -6.3951
       0.0859       61.0627        36.928       25.1168      -6.39671
      0.08595       61.3234       36.9377       25.0976      -6.39296
        0.086       61.2295       36.9534       25.0288      -6.39693
      0.08605       61.3147       36.9608       24.9756      -6.39645
       0.0861       61.3588       36.9508       24.9168      -6.39665
      0.08615       62.4017       36.9748       24.8028       -6.4105
       0.0862       62.3647       36.9009       24.8395      -6.40747
      0.08625       61.6499       36.9578       24.7812      -6.40431
       0.0863       61.8832       36.9585       24.7217      -6.40616
      0.08635       62.0597       36.9569       24.6663        -6.416
       0.0864       61.9293       36.9738       24.6073      -6.41778
      0.08645       63.1311       36.9423        24.555      -6.42173
       0.0865       62.1434       37.0193       24.5187      -6.41764
      0.08655       62.6644       36.9845       24.4723      -6.42152
       0.0866       62.1899       37.0116       24.4044      -6.42329
      0.08665       62.4295       37.0363       24.3494      -6.42552
       0.0867       63.3792       36.9412       24.2883       -6.4291
      0.08675       63.2228       37.0639       24.2638      -6.42221
       0.0868       62.6156       37.0284       24.1934      -6.42902
      0.08685        63.372       37.0892       24.1277      -6.43071
       0.0869       62.6632       37.0571       24.0873      -6.43261
      0.08695       62.7537       37.0718       24.0539      -6.42593
        0.087        62.881       37.0951       23.9863      -6.42917
      0.08705       62.8881       37.1238       23.9392      -6.43382
       0.0871       62.9744       37.0907       23.8674      -6.43014
      0.08715       63.1784       37.1072        23.824      -6.43471
       0.0872       63.1373       37.1302       23.7974       -6.4266
      0.08725       63.2503       37.1498       23.7342      -6.42895
       0.0873        63.492       37.1445        23.689      -6.43145
      0.08735       63.4482        37.161       23.6051      -6.43147
       0.0874       63.5958       37.1673       23.5522       -6.4348
      0.08745       63.5738       37.1836       23.4986       -6.4359
       0.0875       63.7571       37.1878       23.4613      -6.42937
      0.08755       64.2726       37.1833          23.4      -6.42903
       0.0876       64.0928       37.2252       23.3441      -6.42997
      0.08765       65.0117       37.2447       23.2711      -6.43317
       0.0877       64.2643       37.2266       23.2302      -6.43192
      0.08775       64.7829       37.2752       23.2014      -6.42374
       0.0878       64.4519        37.448        23.264      -6.42609
      0.08785       64.4917       37.2614       23.0755      -6.42937
       0.0879       64.4113       37.2953       23.0176      -6.42708
      0.08795       64.5771       37.4158       23.0371      -6.42312
        0.088       64.5777        37.334       22.9116      -6.42532
      0.08805       64.9518       37.3298       22.8577      -6.42081
       0.0881       64.8124        37.361       22.7966      -6.41989
      0.08815       64.8756       37.3968        22.765      -6.41198
       0.0882       65.0372       37.4171       22.7017      -6.41192
      0.08825       65.0376        37.435        22.637      -6.40982
       0.0883        65.212       37.4551        22.578      -6.41185
      0.08835        65.352       37.4604       22.5197      -6.41187
       0.0884       65.3993       37.4386       22.4651      -6.40989
      0.08845         65.33       37.5048       22.4063      -6.40768
       0.0885       65.4158       37.5369       22.3734      -6.39893
      0.08855       65.5129        37.557       22.3211      -6.39841
       0.0886       65.7625       37.5683       22.2583      -6.39735
      0.08865       65.7862       37.5844       22.1992      -6.39428
       0.0887       65.9311       37.5854       22.1388      -6.39429
      0.08875        65.884       37.6288       22.0841      -6.39141
       0.0888       65.9565       37.6397       22.0295      -6.38885
      0.08885       66.0194        37.687       21.9903       -6.3799
       0.0889       66.0867       37.7068         21.93      -6.37933
      0.08895       66.4585       37.7462       21.8685      -6.37721
        0.089       66.3042       37.7489       21.8119      -6.37534
      0.08905       65.9453       37.6876       21.7678      -6.37368
       0.0891        66.361       37.7831       21.7065      -6.36943
      0.08915       66.6405       37.8544       21.6735      -6.35895
       0.0892        66.735       37.8531       21.6206       -6.3555
      0.08925       66.6365       37.8846       21.5574      -6.35294
       0.0893       66.7158        37.899       21.4744      -6.35643
      0.08935       66.7256       37.9412       21.4395      -6.34636
       0.0894       66.7501        37.973       21.3834      -6.34335
      0.08945       66.8139       38.0066       21.3265      -6.34046
       0.0895       66.8774       38.0381       21.2979      -6.33152
      0.08955       66.9418       38.0675       21.2411      -6.32764
       0.0896       67.0058       38.1049       21.1776      -6.32219
      0.08965       67.0649       38.1293       21.1148      -6.31744
       0.0897       67.3458       38.1653       21.0567       -6.3149
      0.08975       67.2345       38.1962       21.0015      -6.31018
       0.0898       67.2625       38.2273       20.9464      -6.30294
      0.08985        67.305       38.2634       20.8933      -6.30094
       0.0899       67.5628        38.485       20.9643       -6.2884
      0.08995       67.4011       38.3419       20.7864      -6.29398
         0.09       68.7252       38.4024       20.7193      -6.28535
      0.09005        67.445       38.4096       20.6631      -6.27719
       0.0901       67.5503       38.4484       20.6248      -6.27435
      0.09015       67.8996       38.4779       20.5921      -6.26109
       0.0902       67.7259       38.5352       20.5327      -6.25616
      0.09025       68.0704       38.5654       20.4461       -6.2599
       0.0903       67.8078       38.5858       20.3991      -6.25208
      0.09035        67.845       38.6593       20.3682      -6.23817
       0.0904        67.899       38.7014       20.3073      -6.23213
      0.09045       67.9085       38.7362       20.2524      -6.22833
       0.0905       67.9377       38.7778       20.1934      -6.22366
      0.09055       68.0408       38.8979        20.171      -6.22209
       0.0906       68.0289       38.8775       20.0951      -6.20523
      0.09065       68.0362        38.892        20.009      -6.20862
       0.0907        68.081       38.9366       19.9566      -6.20065
      0.09075       68.1208        39.008       19.9313      -6.18479
       0.0908        68.203       39.0659       19.8718      -6.17815
      0.09085       68.2624       39.0862       19.7972      -6.18012
       0.0909       68.1679       39.1212       19.7449      -6.17188
      0.09095       68.3374       39.2027       19.7233      -6.15486
        0.091        68.282       39.2419       19.6667      -6.14844
      0.09105       68.9184       39.1988       19.6139      -6.14235
       0.0911        68.405       39.3318        19.556      -6.13544
      0.09115       68.4357       39.3744       19.4999      -6.12818
       0.0912       68.4214        39.432       19.4516      -6.12009
      0.09125       68.4404        39.485       19.4014      -6.11273
       0.0913       68.4977       39.5454       19.3342       -6.1044
      0.09135       68.5492       39.6101       19.2987      -6.09216
       0.0914       69.5731       39.6703        19.235      -6.08684
      0.09145       68.5646       39.6988       19.1872      -6.08106
       0.0915       68.6194       39.7646       19.1318      -6.06669
      0.09155       68.6285       39.8155       19.0729      -6.05898
       0.0916       68.6501       39.8688       19.0176       -6.0525
      0.09165       68.6897       39.9259       18.9609      -6.04374
       0.0917       68.6656       39.9739       18.9052      -6.03558
      0.09175       69.5758       40.0595       18.8462       -6.0282
       0.0918       68.7817        40.099       18.8002      -6.01978
      0.09185       68.7248        40.153       18.7478      -6.00905
       0.0919       68.7499       40.2229         18.72      -5.99384
      0.09195       68.8155       40.2739       18.6659      -5.98584
        0.092       68.8168       40.3128       18.5856      -5.98436
      0.09205       68.8674       40.3758       18.5315      -5.97376
       0.0921       68.8894       40.4543       18.4984      -5.95783
      0.09215       68.9295       40.5165       18.4449      -5.94765
       0.0922       69.0352       40.6774       18.4615      -5.94431
      0.09225       68.9495       40.6319       18.3321       -5.9336
       0.0923       69.9663       40.7186       18.2572      -5.92105
      0.09235       69.0528       40.7503       18.2067      -5.91128
       0.0924       68.9569       40.7819       18.1312      -5.90703
      0.09245       68.9987       40.8489       18.0816      -5.89582
       0.0925       69.0387       40.9389       18.0546      -5.87852
      0.09255         69.13        41.014       17.9975      -5.86836
       0.0926       69.0881       41.0892       17.9552      -5.86477
      0.09265       69.1236        41.128       17.8873       -5.8479
       0.0927       69.1207       41.1827       17.8312      -5.83926
      0.09275       69.1248       41.2222        17.748      -5.83562
       0.0928       69.1629        41.314       17.7172      -5.81984
      0.09285       69.1854       41.3788       17.6645      -5.80922
       0.0929       69.1531       41.4343       17.6113      -5.79886
      0.09295       69.2588        41.511       17.5525      -5.78801
        0.093       69.2275       41.5801       17.5005      -5.77539
      0.09305       69.2379       41.6515        17.449      -5.76235
       0.0931       69.2739        41.716       17.3995      -5.75206
      0.09315       69.2727       41.7876       17.3347      -5.73943
       0.0932       69.3489       41.8619       17.2794       -5.7294
      0.09325       69.2935       41.9148        17.222      -5.71674
       0.0933        69.327       41.9773       17.1681      -5.70884
      0.09335       69.3214       42.0485       17.1114      -5.69601
       0.0934       70.7279        41.972         17.05      -5.68539
      0.09345       69.4357       42.1718       16.9923      -5.67343
       0.0935       69.4091       42.2466       16.9451      -5.66154
      0.09355       69.4711       42.3139       16.8926      -5.65088
       0.0936       69.4644       42.3799       16.8379      -5.63921
      0.09365       69.4415       42.4513       16.7801      -5.62686
       0.0937       70.3595       42.5475       16.7188      -5.61575
      0.09375       69.4646       42.5939       16.6686      -5.60392
       0.0938       69.5537       42.6686       16.6146      -5.58993
      0.09385       69.5441       42.7415       16.5575      -5.57758
       0.0939       69.4788       42.8055       16.4915      -5.56705
      0.09395       69.6549       42.8808       16.4602      -5.55583
        0.094       69.5739       42.9486       16.3577      -5.54256
      0.09405       69.6228       43.0319       16.3338      -5.52674
       0.0941       69.6619       43.1195       16.2742      -5.51343
      0.09415         69.63       43.1573        16.197      -5.50933
       0.0942       69.6529       43.2294       16.1435      -5.49464
      0.09425       69.6869       43.3236       16.1143       -5.4729
       0.0943       69.6754       43.3818       16.0417      -5.46454
      0.09435       69.6892       43.4516       15.9867      -5.45187
       0.0944        69.784       43.5277       15.9405      -5.44016
      0.09445        69.679       43.5968       15.8772      -5.42343
       0.0945       69.8557       43.6869       15.8208      -5.41234
      0.09455       69.7895       43.7528       15.7668      -5.40021
       0.0946       69.7996       43.8135       15.6725       -5.3929
      0.09465       70.7948        43.907       15.6014      -5.38012
       0.0947       69.8167       43.9723       15.5894      -5.35925
      0.09475       69.9102       44.0496       15.5356      -5.34622
       0.0948       69.8735       44.0975       15.4517      -5.34158
      0.09485        69.892       44.1768       15.3967       -5.3259
       0.0949       70.2738       44.2675       15.3397      -5.31198
      0.09495       69.9182       44.3258       15.2772      -5.30043
        0.095       69.9818       44.4205       15.2358      -5.28205
      0.09505       70.0059       44.4868       15.1729      -5.27299
       0.0951        70.037       44.5475       15.1039      -5.26364
      0.09515        70.079       44.6289       15.0417      -5.24866
       0.0952       70.0748       44.7032       14.9828      -5.23574
      0.09525       70.0831       44.7722        14.928       -5.2232
       0.0953        70.115       44.8446       14.8717       -5.2091
      0.09535       70.1565       44.9189       14.8183      -5.19614
       0.0954       70.1664        44.992       14.7637      -5.17939
      0.09545        70.509       45.0776       14.6729      -5.17191
       0.0955       70.2374       45.1395       14.6224      -5.15766
      0.09555       70.8651       45.2345       14.5502      -5.14281
       0.0956       71.4918        45.173       14.5012      -5.12652
      0.09565       70.4758       45.3645       14.4614      -5.11252
       0.0957       70.3739       45.4313       14.3955      -5.10202
      0.09575       71.0872       45.5236       14.3434      -5.08658
       0.0958       70.5409       45.5742       14.2599      -5.07756
      0.09585       70.4985       45.6488       14.2116      -5.06225
       0.0959       70.5249       45.7337       14.1581      -5.04628
      0.09595        70.554       45.7991       14.1017      -5.03208
        0.096       70.6285       45.8919       14.0497      -5.01636
      0.09605       70.6016       45.9475       13.9666      -5.00845
       0.0961       71.0467       45.9711       13.9253      -4.99379
      0.09615       70.7047       46.0806       13.8683      -4.97543
       0.0962       70.8467       46.1698       13.8087      -4.96169
      0.09625       70.7361       46.2473       13.7492      -4.94978
       0.0963       70.7295       46.2932       13.6541      -4.94675
      0.09635       70.8679       46.3838       13.6014      -4.93057
       0.0964       70.8506       46.4726        13.564      -4.91074
      0.09645       70.9187       46.5782        13.564      -4.90343
       0.0965       70.8669       46.5195        13.261      -4.88161
      0.09655       70.8992       46.6734       13.3707      -4.87325
       0.0966       71.1455       46.7625       13.3403      -4.85551
      0.09665       71.1548        46.827       13.2416      -4.84875
       0.0967       72.2018       46.9265       13.1689       -4.8356
      0.09675        71.064       46.9828       13.1322      -4.81776
       0.0968       71.1004       47.0746       13.0826      -4.79962
      0.09685       70.9993       47.0914       12.9949      -4.79497
       0.0969       71.1518       47.2005       12.9444      -4.77958
      0.09695        71.169       47.2714       12.8873      -4.76456
        0.097        71.211        47.354       12.8404      -4.74778
      0.09705       71.2407       47.4121       12.7781      -4.73454
       0.0971       71.2806       47.4799        12.782      -4.72218
      0.09715       71.3187       47.5542       12.6585      -4.70693
       0.0972       71.4929       47.6287       12.5783      -4.69329
      0.09725       71.3556        47.679       12.5168      -4.68425
       0.0973       71.4695       47.7678       12.4713      -4.66839
      0.09735       71.4777       47.8493       12.3377       -4.6459
       0.0974         71.49       47.8985        12.313       -4.6407
      0.09745       71.5322       47.9634        12.247       -4.6332
       0.0975       71.6508       48.0666       12.1866      -4.61671
      0.09755       71.6727       48.2235       12.1168      -4.60512
       0.0976       72.1178       48.2066       12.1178      -4.59212
      0.09765       72.2499       48.2893       12.0116      -4.57942
       0.0977       71.9048       48.3245       11.9829      -4.56668
      0.09775       71.9421       48.3968       11.9307      -4.55285
       0.0978        73.281       48.4621       11.9283      -4.54352
      0.09785       71.9447       48.6658       12.7025      -4.52626
       0.0979  -1.23381e+09  -5.20641e+07   2.03208e+10  -1.51561e+07
      0.09795  -1.15784e+10  -1.16157e+14  -1.33681e+20  -8.79256e+10
        0.098  -5.66148e+13   3.79714e+19   2.62161e+32   -6.9037e+19
