# Probe 0 (0.135 -0.07 0)
# Probe 1 (0.07 0 0)
# Probe 2 (0.04 0 -0.12)
# Probe 3 (0 0 0.1)
#       Probe             0             1             2             3
#        Time
        5e-05             1             1             1             1
       0.0001             1             1             1             1
      0.00015             1             1             1             1
       0.0002             1             1             1             1
      0.00025             1             1             1             1
       0.0003             1             1             1             1
      0.00035             1             1             1             1
       0.0004             1             1             1             1
      0.00045             1             1             1             1
       0.0005             1             1             1             1
      0.00055             1             1             1             1
       0.0006             1             1             1             1
      0.00065             1             1             1             1
       0.0007             1             1             1             1
      0.00075             1             1             1             1
       0.0008             1             1             1             1
      0.00085             1             1             1             1
       0.0009             1             1             1             1
      0.00095             1             1             1             1
        0.001             1             1             1             1
      0.00105             1             1             1             1
       0.0011             1             1             1             1
      0.00115             1             1             1             1
       0.0012             1             1             1             1
      0.00125             1             1             1             1
       0.0013             1             1             1             1
      0.00135             1             1             1             1
       0.0014             1             1             1             1
      0.00145             1             1             1             1
       0.0015             1             1             1             1
      0.00155             1             1             1             1
       0.0016             1             1             1             1
      0.00165             1             1             1             1
       0.0017             1             1             1             1
      0.00175             1             1             1             1
       0.0018             1             1             1             1
      0.00185             1             1             1             1
       0.0019             1             1             1             1
      0.00195             1             1             1             1
        0.002             1             1             1             1
      0.00205             1             1             1             1
       0.0021             1             1             1             1
      0.00215             1             1             1             1
       0.0022             1             1             1             1
      0.00225             1             1             1             1
       0.0023             1             1             1             1
      0.00235             1             1             1             1
       0.0024             1             1             1             1
      0.00245             1             1             1             1
       0.0025             1             1             1             1
      0.00255             1             1             1             1
       0.0026             1             1             1             1
      0.00265             1             1             1             1
       0.0027             1             1             1             1
      0.00275             1             1             1             1
       0.0028             1             1             1             1
      0.00285             1             1             1             1
       0.0029             1             1             1             1
      0.00295             1             1             1             1
        0.003             1             1             1             1
      0.00305             1             1             1             1
       0.0031             1             1             1             1
      0.00315             1             1             1             1
       0.0032             1             1             1             1
      0.00325             1             1             1             1
       0.0033             1             1             1             1
      0.00335             1             1             1             1
       0.0034             1             1             1             1
      0.00345             1             1             1             1
       0.0035             1             1             1             1
      0.00355             1             1             1             1
       0.0036             1             1             1             1
      0.00365             1             1             1             1
       0.0037             1             1             1             1
      0.00375             1             1             1             1
       0.0038             1             1             1             1
      0.00385             1             1             1             1
       0.0039             1             1             1             1
      0.00395             1             1             1             1
        0.004             1             1             1             1
      0.00405             1             1             1             1
       0.0041             1             1             1             1
      0.00415             1             1             1             1
       0.0042             1             1             1             1
      0.00425             1             1             1             1
       0.0043             1             1             1             1
      0.00435             1             1             1             1
       0.0044             1             1             1             1
      0.00445             1             1             1             1
       0.0045             1             1             1             1
      0.00455             1             1             1             1
       0.0046             1             1             1             1
      0.00465             1             1             1             1
       0.0047             1             1             1             1
      0.00475             1             1             1             1
       0.0048             1             1             1             1
      0.00485             1             1             1             1
       0.0049             1             1             1             1
      0.00495             1             1             1             1
        0.005             1             1             1             1
      0.00505             1             1             1             1
       0.0051             1             1             1             1
      0.00515             1             1             1             1
       0.0052             1             1             1             1
      0.00525             1             1             1             1
       0.0053             1             1             1             1
      0.00535             1             1             1             1
       0.0054             1             1             1             1
      0.00545             1             1             1             1
       0.0055             1             1             1             1
      0.00555             1             1             1             1
       0.0056             1             1             1             1
      0.00565             1             1             1             1
       0.0057             1             1             1             1
      0.00575             1             1             1             1
       0.0058             1             1             1             1
      0.00585             1             1             1             1
       0.0059             1             1             1             1
      0.00595             1             1             1             1
        0.006             1             1             1             1
      0.00605             1             1             1             1
       0.0061             1             1             1             1
      0.00615             1             1             1             1
       0.0062             1             1             1             1
      0.00625             1             1             1             1
       0.0063             1             1             1             1
      0.00635             1             1             1             1
       0.0064             1             1             1             1
      0.00645             1             1             1             1
       0.0065             1             1             1             1
      0.00655             1             1             1             1
       0.0066             1             1             1             1
      0.00665             1             1             1             1
       0.0067             1             1             1             1
      0.00675             1             1             1             1
       0.0068             1             1             1             1
      0.00685             1             1             1             1
       0.0069             1             1             1             1
      0.00695             1             1             1             1
        0.007             1             1             1             1
      0.00705             1             1             1             1
       0.0071             1             1             1             1
      0.00715             1             1             1             1
       0.0072             1             1             1             1
      0.00725             1             1             1             1
       0.0073             1             1             1             1
      0.00735             1             1             1             1
       0.0074             1             1             1             1
      0.00745             1             1             1             1
       0.0075             1             1             1             1
      0.00755             1             1             1             1
       0.0076             1             1             1             1
      0.00765             1             1             1             1
       0.0077             1             1             1             1
      0.00775             1             1             1             1
       0.0078             1             1             1             1
      0.00785             1             1             1             1
       0.0079             1             1             1             1
      0.00795             1             1             1             1
        0.008             1             1             1             1
      0.00805             1             1             1             1
       0.0081             1             1             1             1
      0.00815             1             1             1             1
       0.0082             1             1             1             1
      0.00825             1             1             1             1
       0.0083             1             1             1             1
      0.00835             1             1             1             1
       0.0084             1             1             1             1
      0.00845             1             1             1             1
       0.0085             1             1             1             1
      0.00855             1             1             1             1
       0.0086             1             1             1             1
      0.00865             1             1             1             1
       0.0087             1             1             1             1
      0.00875             1             1             1             1
       0.0088             1             1             1             1
      0.00885             1             1             1             1
       0.0089             1             1             1             1
      0.00895             1             1             1             1
        0.009             1             1             1             1
      0.00905             1             1             1             1
       0.0091             1             1             1             1
      0.00915             1             1             1             1
       0.0092             1             1             1             1
      0.00925             1             1             1             1
       0.0093             1             1             1             1
      0.00935             1             1             1             1
       0.0094             1             1             1             1
      0.00945             1             1             1             1
       0.0095             1             1             1             1
      0.00955             1             1             1             1
       0.0096             1             1             1             1
      0.00965             1             1             1             1
       0.0097             1             1             1             1
      0.00975             1             1             1             1
       0.0098             1             1             1             1
      0.00985             1             1             1             1
       0.0099             1             1             1             1
      0.00995             1             1             1             1
         0.01             1             1             1             1
      0.01005             1             1             1             1
       0.0101             1             1             1             1
      0.01015             1             1             1             1
       0.0102             1             1             1             1
      0.01025             1             1             1             1
       0.0103             1             1             1             1
      0.01035             1             1             1             1
       0.0104             1             1             1             1
      0.01045             1             1             1             1
       0.0105             1             1             1             1
      0.01055             1             1             1             1
       0.0106             1             1             1             1
      0.01065             1             1             1             1
       0.0107             1             1             1             1
      0.01075             1             1             1             1
       0.0108             1             1             1             1
      0.01085             1             1             1             1
       0.0109             1             1             1             1
      0.01095             1             1             1             1
        0.011             1             1             1             1
      0.01105             1             1             1             1
       0.0111             1             1             1             1
      0.01115             1             1             1             1
       0.0112             1             1             1             1
      0.01125             1             1             1             1
       0.0113             1             1             1             1
      0.01135             1             1             1             1
       0.0114             1             1             1             1
      0.01145             1             1             1             1
       0.0115             1             1             1             1
      0.01155             1             1             1             1
       0.0116             1             1             1             1
      0.01165             1             1             1             1
       0.0117             1             1             1             1
      0.01175             1             1             1             1
       0.0118             1             1             1             1
      0.01185             1             1             1             1
       0.0119             1             1             1             1
      0.01195             1             1             1             1
        0.012             1             1             1             1
      0.01205             1             1             1             1
       0.0121             1             1             1             1
      0.01215             1             1             1             1
       0.0122             1             1             1             1
      0.01225             1             1             1             1
       0.0123             1             1             1             1
      0.01235             1             1             1             1
       0.0124             1             1             1             1
      0.01245             1             1             1             1
       0.0125             1             1             1             1
      0.01255             1             1             1             1
       0.0126             1             1             1             1
      0.01265             1             1             1             1
       0.0127             1             1             1             1
      0.01275             1             1             1             1
       0.0128             1             1             1             1
      0.01285             1             1             1             1
       0.0129             1             1             1             1
      0.01295             1             1             1             1
        0.013             1             1             1             1
      0.01305             1             1             1             1
       0.0131             1             1             1             1
      0.01315             1             1             1             1
       0.0132             1             1             1             1
      0.01325             1             1             1             1
       0.0133             1             1             1             1
      0.01335             1             1             1             1
       0.0134             1             1             1             1
      0.01345             1             1             1             1
       0.0135             1             1             1             1
      0.01355             1             1             1             1
       0.0136             1             1             1             1
      0.01365             1             1             1             1
       0.0137             1             1             1             1
      0.01375             1             1             1             1
       0.0138             1             1             1             1
      0.01385             1             1             1             1
       0.0139             1             1             1             1
      0.01395             1             1             1             1
        0.014             1             1             1             1
      0.01405             1             1             1             1
       0.0141             1             1             1             1
      0.01415             1             1             1             1
       0.0142             1             1             1             1
      0.01425             1             1             1             1
       0.0143             1             1             1             1
      0.01435             1             1             1             1
       0.0144             1             1             1             1
      0.01445             1             1             1             1
       0.0145             1             1             1             1
      0.01455             1             1             1             1
       0.0146             1             1             1             1
      0.01465             1             1             1             1
       0.0147             1             1             1             1
      0.01475             1             1             1             1
       0.0148             1             1             1             1
      0.01485             1             1             1             1
       0.0149             1             1             1             1
      0.01495             1             1             1             1
        0.015             1             1             1             1
      0.01505             1             1             1             1
       0.0151             1             1             1             1
      0.01515             1             1             1             1
       0.0152             1             1             1             1
      0.01525             1             1             1             1
       0.0153             1             1             1             1
      0.01535             1             1             1             1
       0.0154             1             1             1             1
      0.01545             1             1             1             1
       0.0155             1             1             1             1
      0.01555             1             1             1             1
       0.0156             1             1             1             1
      0.01565             1             1             1             1
       0.0157             1             1             1             1
      0.01575             1             1             1             1
       0.0158             1             1             1             1
      0.01585             1             1             1             1
       0.0159             1             1             1             1
      0.01595             1             1             1             1
        0.016             1             1             1             1
      0.01605             1             1             1             1
       0.0161             1             1             1             1
      0.01615             1             1             1             1
       0.0162             1             1             1             1
      0.01625             1             1             1             1
       0.0163             1             1             1             1
      0.01635             1             1             1             1
       0.0164             1             1             1             1
      0.01645             1             1             1             1
       0.0165             1             1             1             1
      0.01655             1             1             1             1
       0.0166             1             1             1             1
      0.01665             1             1             1             1
       0.0167             1             1             1             1
      0.01675             1             1             1             1
       0.0168             1             1             1             1
      0.01685             1             1             1             1
       0.0169             1             1             1             1
      0.01695             1             1             1             1
        0.017             1             1             1             1
      0.01705             1             1             1             1
       0.0171             1             1             1             1
      0.01715             1             1             1             1
       0.0172             1             1             1             1
      0.01725             1             1             1             1
       0.0173             1             1             1             1
      0.01735             1             1             1             1
       0.0174             1             1             1             1
      0.01745             1             1             1             1
       0.0175             1             1             1             1
      0.01755             1             1             1             1
       0.0176             1             1             1             1
      0.01765             1             1             1             1
       0.0177             1             1             1             1
      0.01775             1             1             1             1
       0.0178             1             1             1             1
      0.01785             1             1             1             1
       0.0179             1             1             1             1
      0.01795             1             1             1             1
        0.018             1             1             1             1
      0.01805             1             1             1             1
       0.0181             1             1             1             1
      0.01815             1             1             1             1
       0.0182             1             1             1             1
      0.01825             1             1             1             1
       0.0183             1             1             1             1
      0.01835             1             1             1             1
       0.0184             1             1             1             1
      0.01845             1             1             1             1
       0.0185             1             1             1             1
      0.01855             1             1             1             1
       0.0186             1             1             1             1
      0.01865             1             1             1             1
       0.0187             1             1             1             1
      0.01875             1             1             1             1
       0.0188             1             1             1             1
      0.01885             1             1             1             1
       0.0189             1             1             1             1
      0.01895             1             1             1             1
        0.019             1             1             1             1
      0.01905             1             1             1             1
       0.0191             1             1             1             1
      0.01915             1             1             1             1
       0.0192             1             1             1             1
      0.01925             1             1             1             1
       0.0193             1             1             1             1
      0.01935             1             1             1             1
       0.0194             1             1             1             1
      0.01945             1             1             1             1
       0.0195             1             1             1             1
      0.01955             1             1             1             1
       0.0196             1             1             1             1
      0.01965             1             1             1             1
       0.0197             1             1             1             1
      0.01975             1             1             1             1
       0.0198             1             1             1             1
      0.01985             1             1             1             1
       0.0199             1             1             1             1
      0.01995             1             1             1             1
         0.02             1             1             1             1
      0.02005             1             1             1             1
       0.0201             1             1             1             1
      0.02015             1             1             1             1
       0.0202             1             1             1             1
      0.02025             1             1             1             1
       0.0203             1             1             1             1
      0.02035             1             1             1             1
       0.0204             1             1             1             1
      0.02045             1             1             1             1
       0.0205             1             1             1             1
      0.02055             1             1             1             1
       0.0206             1             1             1             1
      0.02065             1             1             1             1
       0.0207             1             1             1             1
      0.02075             1             1             1             1
       0.0208             1             1             1             1
      0.02085             1             1             1             1
       0.0209             1             1             1             1
      0.02095             1             1             1             1
        0.021             1             1             1             1
      0.02105             1             1             1             1
       0.0211             1             1             1             1
      0.02115             1             1             1             1
       0.0212             1             1             1             1
      0.02125             1             1             1             1
       0.0213             1             1             1             1
      0.02135             1             1             1             1
       0.0214             1             1             1             1
      0.02145             1             1             1             1
       0.0215             1             1             1             1
      0.02155             1             1             1             1
       0.0216             1             1             1             1
      0.02165             1             1             1             1
       0.0217             1             1             1             1
      0.02175             1             1             1             1
       0.0218             1             1             1             1
      0.02185             1             1             1             1
       0.0219             1             1             1             1
      0.02195             1             1             1             1
        0.022             1             1             1             1
      0.02205             1             1             1             1
       0.0221             1             1             1             1
      0.02215             1             1             1             1
       0.0222             1             1             1             1
      0.02225             1             1             1             1
       0.0223             1             1             1             1
      0.02235             1             1             1             1
       0.0224             1             1             1             1
      0.02245             1             1             1             1
       0.0225             1             1             1             1
      0.02255             1             1             1             1
       0.0226             1             1             1             1
      0.02265             1             1             1             1
       0.0227             1             1             1             1
      0.02275             1             1             1             1
       0.0228             1             1             1             1
      0.02285             1             1             1             1
       0.0229             1             1             1             1
      0.02295             1             1             1             1
        0.023             1             1             1             1
      0.02305             1             1             1             1
       0.0231             1             1             1             1
      0.02315             1             1             1             1
       0.0232             1             1             1             1
      0.02325             1             1             1             1
       0.0233             1             1             1             1
      0.02335             1             1             1             1
       0.0234             1             1             1             1
      0.02345             1             1             1             1
       0.0235             1             1             1             1
      0.02355             1             1             1             1
       0.0236             1             1             1             1
      0.02365             1             1             1             1
       0.0237             1             1             1             1
      0.02375             1             1             1             1
       0.0238             1             1             1             1
      0.02385             1             1             1             1
       0.0239             1             1             1             1
      0.02395             1             1             1             1
        0.024             1             1             1             1
      0.02405             1             1             1             1
       0.0241             1             1             1             1
      0.02415             1             1             1             1
       0.0242             1             1             1             1
      0.02425             1             1             1             1
       0.0243             1             1             1             1
      0.02435             1             1             1             1
       0.0244             1             1             1             1
      0.02445             1             1             1             1
       0.0245             1             1             1             1
      0.02455             1             1             1             1
       0.0246             1             1             1             1
      0.02465             1             1             1             1
       0.0247             1             1             1             1
      0.02475             1             1             1             1
       0.0248             1             1             1             1
      0.02485             1             1             1             1
       0.0249             1             1             1             1
      0.02495             1             1             1             1
        0.025             1             1             1             1
      0.02505             1             1             1             1
       0.0251             1             1             1             1
      0.02515             1             1             1             1
       0.0252             1             1             1             1
      0.02525             1             1             1             1
       0.0253             1             1             1             1
      0.02535             1             1             1             1
       0.0254             1             1             1             1
      0.02545             1             1             1             1
       0.0255             1             1             1             1
      0.02555             1             1             1             1
       0.0256             1             1             1             1
      0.02565             1             1             1             1
       0.0257             1             1             1             1
      0.02575             1             1             1             1
       0.0258             1             1             1             1
      0.02585             1             1             1             1
       0.0259             1             1             1             1
      0.02595             1             1             1             1
        0.026             1             1             1             1
      0.02605             1             1             1             1
       0.0261             1             1             1             1
      0.02615             1             1             1             1
       0.0262             1             1             1             1
      0.02625             1             1             1             1
       0.0263             1             1             1             1
      0.02635             1             1             1             1
       0.0264             1             1             1             1
      0.02645             1             1             1             1
       0.0265             1             1             1             1
      0.02655             1             1             1             1
       0.0266             1             1             1             1
      0.02665             1             1             1             1
       0.0267             1             1             1             1
      0.02675             1             1             1             1
       0.0268             1             1             1             1
      0.02685             1             1             1             1
       0.0269             1             1             1             1
      0.02695             1             1             1             1
        0.027             1             1             1             1
      0.02705             1             1             1             1
       0.0271             1             1             1             1
      0.02715             1             1             1             1
       0.0272             1             1             1             1
      0.02725             1             1             1             1
       0.0273             1             1             1             1
      0.02735             1             1             1             1
       0.0274             1             1             1             1
      0.02745             1             1             1             1
       0.0275             1             1             1             1
      0.02755             1             1             1             1
       0.0276             1             1             1             1
      0.02765             1             1             1             1
       0.0277             1             1             1             1
      0.02775             1             1             1             1
       0.0278             1             1             1             1
      0.02785             1             1             1             1
       0.0279             1             1             1             1
      0.02795             1             1             1             1
        0.028             1             1             1             1
      0.02805             1             1             1             1
       0.0281             1             1             1             1
      0.02815             1             1             1             1
       0.0282             1             1             1             1
      0.02825             1             1             1             1
       0.0283             1             1             1             1
      0.02835             1             1             1             1
       0.0284             1             1             1             1
      0.02845             1             1             1             1
       0.0285             1             1             1             1
      0.02855             1             1             1             1
       0.0286             1             1             1             1
      0.02865             1             1             1             1
       0.0287             1             1             1             1
      0.02875             1             1             1             1
       0.0288             1             1             1             1
      0.02885             1             1             1             1
       0.0289             1             1             1             1
      0.02895             1             1             1             1
        0.029             1             1             1             1
      0.02905             1             1             1             1
       0.0291             1             1             1             1
      0.02915             1             1             1             1
       0.0292             1             1             1             1
      0.02925             1             1             1             1
       0.0293             1             1             1             1
      0.02935             1             1             1             1
       0.0294             1             1             1             1
      0.02945             1             1             1             1
       0.0295             1             1             1             1
      0.02955             1             1             1             1
       0.0296             1             1             1             1
      0.02965             1             1             1             1
       0.0297             1             1             1             1
      0.02975             1             1             1             1
       0.0298             1             1             1             1
      0.02985             1             1             1             1
       0.0299             1             1             1             1
      0.02995             1             1             1             1
         0.03             1             1             1             1
      0.03005             1             1             1             1
       0.0301             1             1             1             1
      0.03015             1             1             1             1
       0.0302             1             1             1             1
      0.03025             1             1             1             1
       0.0303             1             1             1             1
      0.03035             1             1             1             1
       0.0304             1             1             1             1
      0.03045             1             1             1             1
       0.0305             1             1             1             1
      0.03055             1             1             1             1
       0.0306             1             1             1             1
      0.03065             1             1             1             1
       0.0307             1             1             1             1
      0.03075             1             1             1             1
       0.0308             1             1             1             1
      0.03085             1             1             1             1
       0.0309             1             1             1             1
      0.03095             1             1             1             1
        0.031             1             1             1             1
      0.03105             1             1             1             1
       0.0311             1             1             1             1
      0.03115             1             1             1             1
       0.0312             1             1             1             1
      0.03125             1             1             1             1
       0.0313             1             1             1             1
      0.03135             1             1             1             1
       0.0314             1             1             1             1
      0.03145             1             1             1             1
       0.0315             1             1             1             1
      0.03155             1             1             1             1
       0.0316             1             1             1             1
      0.03165             1             1             1             1
       0.0317             1             1             1             1
      0.03175             1             1             1             1
       0.0318             1             1             1             1
      0.03185             1             1             1             1
       0.0319             1             1             1             1
      0.03195             1             1             1             1
        0.032             1             1             1             1
      0.03205             1             1             1             1
       0.0321             1             1             1             1
      0.03215             1             1             1             1
       0.0322             1             1             1             1
      0.03225             1             1             1             1
       0.0323             1             1             1             1
      0.03235             1             1             1             1
       0.0324             1             1             1             1
      0.03245             1             1             1             1
       0.0325             1             1             1             1
      0.03255             1             1             1             1
       0.0326             1             1             1             1
      0.03265             1             1             1             1
       0.0327             1             1             1             1
      0.03275             1             1             1             1
       0.0328             1             1             1             1
      0.03285             1             1             1             1
       0.0329             1             1             1             1
      0.03295             1             1             1             1
        0.033             1             1             1             1
      0.03305             1             1             1             1
       0.0331             1             1             1             1
      0.03315             1             1             1             1
       0.0332             1             1             1             1
      0.03325             1             1             1             1
       0.0333             1             1             1             1
      0.03335             1             1             1             1
       0.0334             1             1             1             1
      0.03345             1             1             1             1
       0.0335             1             1             1             1
      0.03355             1             1             1             1
       0.0336             1             1             1             1
      0.03365             1             1             1             1
       0.0337             1             1             1             1
      0.03375             1             1             1             1
       0.0338             1             1             1             1
      0.03385             1             1             1             1
       0.0339             1             1             1             1
      0.03395             1             1             1             1
        0.034             1             1             1             1
      0.03405             1             1             1             1
       0.0341             1             1             1             1
      0.03415             1             1             1             1
       0.0342             1             1             1             1
      0.03425             1             1             1             1
       0.0343             1             1             1             1
      0.03435             1             1             1             1
       0.0344             1             1             1             1
      0.03445             1             1             1             1
       0.0345             1             1             1             1
      0.03455             1             1             1             1
       0.0346             1             1             1             1
      0.03465             1             1             1             1
       0.0347             1             1             1             1
      0.03475             1             1             1             1
       0.0348             1             1             1             1
      0.03485             1             1             1             1
       0.0349             1             1             1             1
      0.03495             1             1             1             1
        0.035             1             1             1             1
      0.03505             1             1             1             1
       0.0351             1             1             1             1
      0.03515             1             1             1             1
       0.0352             1             1             1             1
      0.03525             1             1             1             1
       0.0353             1             1             1             1
      0.03535             1             1             1             1
       0.0354             1             1             1             1
      0.03545             1             1             1             1
       0.0355             1             1             1             1
      0.03555             1             1             1             1
       0.0356             1             1             1             1
      0.03565             1             1             1             1
       0.0357             1             1             1             1
      0.03575             1             1             1             1
       0.0358             1             1             1             1
      0.03585             1             1             1             1
       0.0359             1             1             1             1
      0.03595             1             1             1             1
        0.036             1             1             1             1
      0.03605             1             1             1             1
       0.0361             1             1             1             1
      0.03615             1             1             1             1
       0.0362             1             1             1             1
      0.03625             1             1             1             1
       0.0363             1             1             1             1
      0.03635             1             1             1             1
       0.0364             1             1             1             1
      0.03645             1             1             1             1
       0.0365             1             1             1             1
      0.03655             1             1             1             1
       0.0366             1             1             1             1
      0.03665             1             1             1             1
       0.0367             1             1             1             1
      0.03675             1             1             1             1
       0.0368             1             1             1             1
      0.03685             1             1             1             1
       0.0369             1             1             1             1
      0.03695             1             1             1             1
        0.037             1             1             1             1
      0.03705             1             1             1             1
       0.0371             1             1             1             1
      0.03715             1             1             1             1
       0.0372             1             1             1             1
      0.03725             1             1             1             1
       0.0373             1             1             1             1
      0.03735             1             1             1             1
       0.0374             1             1             1             1
      0.03745             1             1             1             1
       0.0375             1             1             1             1
      0.03755             1             1             1             1
       0.0376             1             1             1             1
      0.03765             1             1             1             1
       0.0377             1             1             1             1
      0.03775             1             1             1             1
       0.0378             1             1             1             1
      0.03785             1             1             1             1
       0.0379             1             1             1             1
      0.03795             1             1             1             1
        0.038             1             1             1             1
      0.03805             1             1             1             1
       0.0381             1             1             1             1
      0.03815             1             1             1             1
       0.0382             1             1             1             1
      0.03825             1             1             1             1
       0.0383             1             1             1             1
      0.03835             1             1             1             1
       0.0384             1             1             1             1
      0.03845             1             1             1             1
       0.0385             1             1             1             1
      0.03855             1             1             1             1
       0.0386             1             1             1             1
      0.03865             1             1             1             1
       0.0387             1             1             1             1
      0.03875             1             1             1             1
       0.0388             1             1             1             1
      0.03885             1             1             1             1
       0.0389             1             1             1             1
      0.03895             1             1             1             1
        0.039             1             1             1             1
      0.03905             1             1             1             1
       0.0391             1             1             1             1
      0.03915             1             1             1             1
       0.0392             1             1             1             1
      0.03925             1             1             1             1
       0.0393             1             1             1             1
      0.03935             1             1             1             1
       0.0394             1             1             1             1
      0.03945             1             1             1             1
       0.0395             1             1             1             1
      0.03955             1             1             1             1
       0.0396             1             1             1             1
      0.03965             1             1             1             1
       0.0397             1             1             1             1
      0.03975             1             1             1             1
       0.0398             1             1             1             1
      0.03985             1             1             1             1
       0.0399             1             1             1             1
      0.03995             1             1             1             1
         0.04             1             1             1             1
      0.04005             1             1             1             1
       0.0401             1             1             1             1
      0.04015             1             1             1             1
       0.0402             1             1             1             1
      0.04025             1             1             1             1
       0.0403             1             1             1             1
      0.04035             1             1             1             1
       0.0404             1             1             1             1
      0.04045             1             1             1             1
       0.0405             1             1             1             1
      0.04055             1             1             1             1
       0.0406             1             1             1             1
      0.04065             1             1             1             1
       0.0407             1             1             1             1
      0.04075             1             1             1             1
       0.0408             1             1             1             1
      0.04085             1             1             1             1
       0.0409             1             1             1             1
      0.04095             1             1             1             1
        0.041             1             1             1             1
      0.04105             1             1             1             1
       0.0411             1             1             1             1
      0.04115             1             1             1             1
       0.0412             1             1             1             1
      0.04125             1             1             1             1
       0.0413             1             1             1             1
      0.04135             1             1             1             1
       0.0414             1             1             1             1
      0.04145             1             1             1             1
       0.0415             1             1             1             1
      0.04155             1             1             1             1
       0.0416             1             1             1             1
      0.04165             1             1             1             1
       0.0417             1             1             1             1
      0.04175             1             1             1             1
       0.0418             1             1             1             1
      0.04185             1             1             1             1
       0.0419             1             1             1             1
      0.04195             1             1             1             1
        0.042             1             1             1             1
      0.04205             1             1             1             1
       0.0421             1             1             1             1
      0.04215             1             1             1             1
       0.0422             1             1             1             1
      0.04225             1             1             1             1
       0.0423             1             1             1             1
      0.04235             1             1             1             1
       0.0424             1             1             1             1
      0.04245             1             1             1             1
       0.0425             1             1             1             1
      0.04255             1             1             1             1
       0.0426             1             1             1             1
      0.04265             1             1             1             1
       0.0427             1             1             1             1
      0.04275             1             1             1             1
       0.0428             1             1             1             1
      0.04285             1             1             1             1
       0.0429             1             1             1             1
      0.04295             1             1             1             1
        0.043             1             1             1             1
      0.04305             1             1             1             1
       0.0431             1             1             1             1
      0.04315             1             1             1             1
       0.0432             1             1             1             1
      0.04325             1             1             1             1
       0.0433             1             1             1             1
      0.04335             1             1             1             1
       0.0434             1             1             1             1
      0.04345             1             1             1             1
       0.0435             1             1             1             1
      0.04355             1             1             1             1
       0.0436             1             1             1             1
      0.04365             1             1             1             1
       0.0437             1             1             1             1
      0.04375             1             1             1             1
       0.0438             1             1             1             1
      0.04385             1             1             1             1
       0.0439             1             1             1             1
      0.04395             1             1             1             1
        0.044             1             1             1             1
      0.04405             1             1             1             1
       0.0441             1             1             1             1
      0.04415             1             1             1             1
       0.0442             1             1             1             1
      0.04425             1             1             1             1
       0.0443             1             1             1             1
      0.04435             1             1             1             1
       0.0444             1             1             1             1
      0.04445             1             1             1             1
       0.0445             1             1             1             1
      0.04455             1             1             1             1
       0.0446             1             1             1             1
      0.04465             1             1             1             1
       0.0447             1             1             1             1
      0.04475             1             1             1             1
       0.0448             1             1             1             1
      0.04485             1             1             1             1
       0.0449             1             1             1             1
      0.04495             1             1             1             1
        0.045             1             1             1             1
      0.04505             1             1             1             1
       0.0451             1             1             1             1
      0.04515             1             1             1             1
       0.0452             1             1             1             1
      0.04525             1             1             1             1
       0.0453             1             1             1             1
      0.04535             1             1             1             1
       0.0454             1             1             1             1
      0.04545             1             1             1             1
       0.0455             1             1             1             1
      0.04555             1             1             1             1
       0.0456             1             1             1             1
      0.04565             1             1             1             1
       0.0457             1             1             1             1
      0.04575             1             1             1             1
       0.0458             1             1             1             1
      0.04585             1             1             1             1
       0.0459             1             1             1             1
      0.04595             1             1             1             1
        0.046             1             1             1             1
      0.04605             1             1             1             1
       0.0461             1             1             1             1
      0.04615             1             1             1             1
       0.0462             1             1             1             1
      0.04625             1             1             1             1
       0.0463             1             1             1             1
      0.04635             1             1             1             1
       0.0464             1             1             1             1
      0.04645             1             1             1             1
       0.0465             1             1             1             1
      0.04655             1             1             1             1
       0.0466             1             1             1             1
      0.04665             1             1             1             1
       0.0467             1             1             1             1
      0.04675             1             1             1             1
       0.0468             1             1             1             1
      0.04685             1             1             1             1
       0.0469             1             1             1             1
      0.04695             1             1             1             1
        0.047             1             1             1             1
      0.04705             1             1             1             1
       0.0471             1             1             1             1
      0.04715             1             1             1             1
       0.0472             1             1             1             1
      0.04725             1             1             1             1
       0.0473             1             1             1             1
      0.04735             1             1             1             1
       0.0474             1             1             1             1
      0.04745             1             1             1             1
       0.0475             1             1             1             1
      0.04755             1             1             1             1
       0.0476             1             1             1             1
      0.04765             1             1             1             1
       0.0477             1             1             1             1
      0.04775             1             1             1             1
       0.0478             1             1             1             1
      0.04785             1             1             1             1
       0.0479             1             1             1             1
      0.04795             1             1             1             1
        0.048             1             1             1             1
      0.04805             1             1             1             1
       0.0481             1             1             1             1
      0.04815             1             1             1             1
       0.0482             1             1             1             1
      0.04825             1             1             1             1
       0.0483             1             1             1             1
      0.04835             1             1             1             1
       0.0484             1             1             1             1
      0.04845             1             1             1             1
       0.0485             1             1             1             1
      0.04855             1             1             1             1
       0.0486             1             1             1             1
      0.04865             1             1             1             1
       0.0487             1             1             1             1
      0.04875             1             1             1             1
       0.0488             1             1             1             1
      0.04885             1             1             1             1
       0.0489             1             1             1             1
      0.04895             1             1             1             1
        0.049             1             1             1             1
      0.04905             1             1             1             1
       0.0491             1             1             1             1
      0.04915             1             1             1             1
       0.0492             1             1             1             1
      0.04925             1             1             1             1
       0.0493             1             1             1             1
      0.04935             1             1             1             1
       0.0494             1             1             1             1
      0.04945             1             1             1             1
       0.0495             1             1             1             1
      0.04955             1             1             1             1
       0.0496             1             1             1             1
      0.04965             1             1             1             1
       0.0497             1             1             1             1
      0.04975             1             1             1             1
       0.0498             1             1             1             1
      0.04985             1             1             1             1
       0.0499             1             1             1             1
      0.04995             1             1             1             1
         0.05             1             1             1             1
      0.05005             1             1             1             1
       0.0501             1             1             1             1
      0.05015             1             1             1             1
       0.0502             1             1             1             1
      0.05025             1             1             1             1
       0.0503             1             1             1             1
      0.05035             1             1             1             1
       0.0504             1             1             1             1
      0.05045             1             1             1             1
       0.0505             1             1             1             1
      0.05055             1             1             1             1
       0.0506             1             1             1             1
      0.05065             1             1             1             1
       0.0507             1             1             1             1
      0.05075             1             1             1             1
       0.0508             1             1             1             1
      0.05085             1             1             1             1
       0.0509             1             1             1             1
      0.05095             1             1             1             1
        0.051             1             1             1             1
      0.05105             1             1             1             1
       0.0511             1             1             1             1
      0.05115             1             1             1             1
       0.0512             1             1             1             1
      0.05125             1             1             1             1
       0.0513             1             1             1             1
      0.05135             1             1             1             1
       0.0514             1             1             1             1
      0.05145             1             1             1             1
       0.0515             1             1             1             1
      0.05155             1             1             1             1
       0.0516             1             1             1             1
      0.05165             1             1             1             1
       0.0517             1             1             1             1
      0.05175             1             1             1             1
       0.0518             1             1             1             1
      0.05185             1             1             1             1
       0.0519             1             1             1             1
      0.05195             1             1             1             1
        0.052             1             1             1             1
      0.05205             1             1             1             1
       0.0521             1             1             1             1
      0.05215             1             1             1             1
       0.0522             1             1             1             1
      0.05225             1             1             1             1
       0.0523             1             1             1             1
      0.05235             1             1             1             1
       0.0524             1             1             1             1
      0.05245             1             1             1             1
       0.0525             1             1             1             1
      0.05255             1             1             1             1
       0.0526             1             1             1             1
      0.05265             1             1             1             1
       0.0527             1             1             1             1
      0.05275             1             1             1             1
       0.0528             1             1             1             1
      0.05285             1             1             1             1
       0.0529             1             1             1             1
      0.05295             1             1             1             1
        0.053             1             1             1             1
      0.05305             1             1             1             1
       0.0531             1             1             1             1
      0.05315             1             1             1             1
       0.0532             1             1             1             1
      0.05325             1             1             1             1
       0.0533             1             1             1             1
      0.05335             1             1             1             1
       0.0534             1             1             1             1
      0.05345             1             1             1             1
       0.0535             1             1             1             1
      0.05355             1             1             1             1
       0.0536             1             1             1             1
      0.05365             1             1             1             1
       0.0537             1             1             1             1
      0.05375             1             1             1             1
       0.0538             1             1             1             1
      0.05385             1             1             1             1
       0.0539             1             1             1             1
      0.05395             1             1             1             1
        0.054             1             1             1             1
      0.05405             1             1             1             1
       0.0541             1             1             1             1
      0.05415             1             1             1             1
       0.0542             1             1             1             1
      0.05425             1             1             1             1
       0.0543             1             1             1             1
      0.05435             1             1             1             1
       0.0544             1             1             1             1
      0.05445             1             1             1             1
       0.0545             1             1             1             1
      0.05455             1             1             1             1
       0.0546             1             1             1             1
      0.05465             1             1             1             1
       0.0547             1             1             1             1
      0.05475             1             1             1             1
       0.0548             1             1             1             1
      0.05485             1             1             1             1
       0.0549             1             1             1             1
      0.05495             1             1             1             1
        0.055             1             1             1             1
      0.05505             1             1             1             1
       0.0551             1             1             1             1
      0.05515             1             1             1             1
       0.0552             1             1             1             1
      0.05525             1             1             1             1
       0.0553             1             1             1             1
      0.05535             1             1             1             1
       0.0554             1             1             1             1
      0.05545             1             1             1             1
       0.0555             1             1             1             1
      0.05555             1             1             1             1
       0.0556             1             1             1             1
      0.05565             1             1             1             1
       0.0557             1             1             1             1
      0.05575             1             1             1             1
       0.0558             1             1             1             1
      0.05585             1             1             1             1
       0.0559             1             1             1             1
      0.05595             1             1             1             1
        0.056             1             1             1             1
      0.05605             1             1             1             1
       0.0561             1             1             1             1
      0.05615             1             1             1             1
       0.0562             1             1             1             1
      0.05625             1             1             1             1
       0.0563             1             1             1             1
      0.05635             1             1             1             1
       0.0564             1             1             1             1
      0.05645             1             1             1             1
       0.0565             1             1             1             1
      0.05655             1             1             1             1
       0.0566             1             1             1             1
      0.05665             1             1             1             1
       0.0567             1             1             1             1
      0.05675             1             1             1             1
       0.0568             1             1             1             1
      0.05685             1             1             1             1
       0.0569             1             1             1             1
      0.05695             1             1             1             1
        0.057             1             1             1             1
      0.05705             1             1             1             1
       0.0571             1             1             1             1
      0.05715             1             1             1             1
       0.0572             1             1             1             1
      0.05725             1             1             1             1
       0.0573             1             1             1             1
      0.05735             1             1             1             1
       0.0574             1             1             1             1
      0.05745             1             1             1             1
       0.0575             1             1             1             1
      0.05755             1             1             1             1
       0.0576             1             1             1             1
      0.05765             1             1             1             1
       0.0577             1             1             1             1
      0.05775             1             1             1             1
       0.0578             1             1             1             1
      0.05785             1             1             1             1
       0.0579             1             1             1             1
      0.05795             1             1             1             1
        0.058             1             1             1             1
      0.05805             1             1             1             1
       0.0581             1             1             1             1
      0.05815             1             1             1             1
       0.0582             1             1             1             1
      0.05825             1             1             1             1
       0.0583             1             1             1             1
      0.05835             1             1             1             1
       0.0584             1             1             1             1
      0.05845             1             1             1             1
       0.0585             1             1             1             1
      0.05855             1             1             1             1
       0.0586             1             1             1             1
      0.05865             1             1             1             1
       0.0587             1             1             1             1
      0.05875             1             1             1             1
       0.0588             1             1             1             1
      0.05885             1             1             1             1
       0.0589             1             1             1             1
      0.05895             1             1             1             1
        0.059             1             1             1             1
      0.05905             1             1             1             1
       0.0591             1             1             1             1
      0.05915             1             1             1             1
       0.0592             1             1             1             1
      0.05925             1             1             1             1
       0.0593             1             1             1             1
      0.05935             1             1             1             1
       0.0594             1             1             1             1
      0.05945             1             1             1             1
       0.0595             1             1             1             1
      0.05955             1             1             1             1
       0.0596             1             1             1             1
      0.05965             1             1             1             1
       0.0597             1             1             1             1
      0.05975             1             1             1             1
       0.0598             1             1             1             1
      0.05985             1             1             1             1
       0.0599             1             1             1             1
      0.05995             1             1             1             1
         0.06             1             1             1             1
      0.06005             1             1             1             1
       0.0601             1             1             1             1
      0.06015             1             1             1             1
       0.0602             1             1             1             1
      0.06025             1             1             1             1
       0.0603             1             1             1             1
      0.06035             1             1             1             1
       0.0604             1             1             1             1
      0.06045             1             1             1             1
       0.0605             1             1             1             1
      0.06055             1             1             1             1
       0.0606             1             1             1             1
      0.06065             1             1             1             1
       0.0607             1             1             1             1
      0.06075             1             1             1             1
       0.0608             1             1             1             1
      0.06085             1             1             1             1
       0.0609             1             1             1             1
      0.06095             1             1             1             1
        0.061             1             1             1             1
      0.06105             1             1             1             1
       0.0611             1             1             1             1
      0.06115             1             1             1             1
       0.0612             1             1             1             1
      0.06125             1             1             1             1
       0.0613             1             1             1             1
      0.06135             1             1             1             1
       0.0614             1             1             1             1
      0.06145             1             1             1             1
       0.0615             1             1             1             1
      0.06155             1             1             1             1
       0.0616             1             1             1             1
      0.06165             1             1             1             1
       0.0617             1             1             1             1
      0.06175             1             1             1             1
       0.0618             1             1             1             1
      0.06185             1             1             1             1
       0.0619             1             1             1             1
      0.06195             1             1             1             1
        0.062             1             1             1             1
      0.06205             1             1             1             1
       0.0621             1             1             1             1
      0.06215             1             1             1             1
       0.0622             1             1             1             1
      0.06225             1             1             1             1
       0.0623             1             1             1             1
      0.06235             1             1             1             1
       0.0624             1             1             1             1
      0.06245             1             1             1             1
       0.0625             1             1             1             1
      0.06255             1             1             1             1
       0.0626             1             1             1             1
      0.06265             1             1             1             1
       0.0627             1             1             1             1
      0.06275             1             1             1             1
       0.0628             1             1             1             1
      0.06285             1             1             1             1
       0.0629             1             1             1             1
      0.06295             1             1             1             1
        0.063             1             1             1             1
      0.06305             1             1             1             1
       0.0631             1             1             1             1
      0.06315             1             1             1             1
       0.0632             1             1             1             1
      0.06325             1             1             1             1
       0.0633             1             1             1             1
      0.06335             1             1             1             1
       0.0634             1             1             1             1
      0.06345             1             1             1             1
       0.0635             1             1             1             1
      0.06355             1             1             1             1
       0.0636             1             1             1             1
      0.06365             1             1             1             1
       0.0637             1             1             1             1
      0.06375             1             1             1             1
       0.0638             1             1             1             1
      0.06385             1             1             1             1
       0.0639             1             1             1             1
      0.06395             1             1             1             1
        0.064             1             1             1             1
      0.06405             1             1             1             1
       0.0641             1             1             1             1
      0.06415             1             1             1             1
       0.0642             1             1             1             1
      0.06425             1             1             1             1
       0.0643             1             1             1             1
      0.06435             1             1             1             1
       0.0644             1             1             1             1
      0.06445             1             1             1             1
       0.0645             1             1             1             1
      0.06455             1             1             1             1
       0.0646             1             1             1             1
      0.06465             1             1             1             1
       0.0647             1             1             1             1
      0.06475             1             1             1             1
       0.0648             1             1             1             1
      0.06485             1             1             1             1
       0.0649             1             1             1             1
      0.06495             1             1             1             1
        0.065             1             1             1             1
      0.06505             1             1             1             1
       0.0651             1             1             1             1
      0.06515             1             1             1             1
       0.0652             1             1             1             1
      0.06525             1             1             1             1
       0.0653             1             1             1             1
      0.06535             1             1             1             1
       0.0654             1             1             1             1
      0.06545             1             1             1             1
       0.0655             1             1             1             1
      0.06555             1             1             1             1
       0.0656             1             1             1             1
      0.06565             1             1             1             1
       0.0657             1             1             1             1
      0.06575             1             1             1             1
       0.0658             1             1             1             1
      0.06585             1             1             1             1
       0.0659             1             1             1             1
      0.06595             1             1             1             1
        0.066             1             1             1             1
      0.06605             1             1             1             1
       0.0661             1             1             1             1
      0.06615             1             1             1             1
       0.0662             1             1             1             1
      0.06625             1             1             1             1
       0.0663             1             1             1             1
      0.06635             1             1             1             1
       0.0664             1             1             1             1
      0.06645             1             1             1             1
       0.0665             1             1             1             1
      0.06655             1             1             1             1
       0.0666             1             1             1             1
      0.06665             1             1             1             1
       0.0667             1             1             1             1
      0.06675             1             1             1             1
       0.0668             1             1             1             1
      0.06685             1             1             1             1
       0.0669             1             1             1             1
      0.06695             1             1             1             1
        0.067             1             1             1             1
      0.06705             1             1             1             1
       0.0671             1             1             1             1
      0.06715             1             1             1             1
       0.0672             1             1             1             1
      0.06725             1             1             1             1
       0.0673             1             1             1             1
      0.06735             1             1             1             1
       0.0674             1             1             1             1
      0.06745             1             1             1             1
       0.0675             1             1             1             1
      0.06755             1             1             1             1
       0.0676             1             1             1             1
      0.06765             1             1             1             1
       0.0677             1             1             1             1
      0.06775             1             1             1             1
       0.0678             1             1             1             1
      0.06785             1             1             1             1
       0.0679             1             1             1             1
      0.06795             1             1             1             1
        0.068             1             1             1             1
      0.06805             1             1             1             1
       0.0681             1             1             1             1
      0.06815             1             1             1             1
       0.0682             1             1             1             1
      0.06825             1             1             1             1
       0.0683             1             1             1             1
      0.06835             1             1             1             1
       0.0684             1             1             1             1
      0.06845             1             1             1             1
       0.0685             1             1             1             1
      0.06855             1             1             1             1
       0.0686             1             1             1             1
      0.06865             1             1             1             1
       0.0687             1             1             1             1
      0.06875             1             1             1             1
       0.0688             1             1             1             1
      0.06885             1             1             1             1
       0.0689             1             1             1             1
      0.06895             1             1             1             1
        0.069             1             1             1             1
      0.06905             1             1             1             1
       0.0691             1             1             1             1
      0.06915             1             1             1             1
       0.0692             1             1             1             1
      0.06925             1             1             1             1
       0.0693             1             1             1             1
      0.06935             1             1             1             1
       0.0694             1             1             1             1
      0.06945             1             1             1             1
       0.0695             1             1             1             1
      0.06955             1             1             1             1
       0.0696             1             1             1             1
      0.06965             1             1             1             1
       0.0697             1             1             1             1
      0.06975             1             1             1             1
       0.0698             1             1             1             1
      0.06985             1             1             1             1
       0.0699             1             1             1             1
      0.06995             1             1             1             1
         0.07             1             1             1             1
      0.07005             1             1             1             1
       0.0701             1             1             1             1
      0.07015             1             1             1             1
       0.0702             1             1             1             1
      0.07025             1             1             1             1
       0.0703             1             1             1             1
      0.07035             1             1             1             1
       0.0704             1             1             1             1
      0.07045             1             1             1             1
       0.0705             1             1             1             1
      0.07055             1             1             1             1
       0.0706             1             1             1             1
      0.07065             1             1             1             1
       0.0707             1             1             1             1
      0.07075             1             1             1             1
       0.0708             1             1             1             1
      0.07085             1             1             1             1
       0.0709             1             1             1             1
      0.07095             1             1             1             1
        0.071             1             1             1             1
      0.07105             1             1             1             1
       0.0711             1             1             1             1
      0.07115             1             1             1             1
       0.0712             1             1             1             1
      0.07125             1             1             1             1
       0.0713             1             1             1             1
      0.07135             1             1             1             1
       0.0714             1             1             1             1
      0.07145             1             1             1             1
       0.0715             1             1             1             1
      0.07155             1             1             1             1
       0.0716             1             1             1             1
      0.07165             1             1             1             1
       0.0717             1             1             1             1
      0.07175             1             1             1             1
       0.0718             1             1             1             1
      0.07185             1             1             1             1
       0.0719             1             1             1             1
      0.07195             1             1             1             1
        0.072             1             1             1             1
      0.07205             1             1             1             1
       0.0721             1             1             1             1
      0.07215             1             1             1             1
       0.0722             1             1             1             1
      0.07225             1             1             1             1
       0.0723             1             1             1             1
      0.07235             1             1             1             1
       0.0724             1             1             1             1
      0.07245             1             1             1             1
       0.0725             1             1             1             1
      0.07255             1             1             1             1
       0.0726             1             1             1             1
      0.07265             1             1             1             1
       0.0727             1             1             1             1
      0.07275             1             1             1             1
       0.0728             1             1             1             1
      0.07285             1             1             1             1
       0.0729             1             1             1             1
      0.07295             1             1             1             1
        0.073             1             1             1             1
      0.07305             1             1             1             1
       0.0731             1             1             1             1
      0.07315             1             1             1             1
       0.0732             1             1             1             1
      0.07325             1             1             1             1
       0.0733             1             1             1             1
      0.07335             1             1             1             1
       0.0734             1             1             1             1
      0.07345             1             1             1             1
       0.0735             1             1             1             1
      0.07355             1             1             1             1
       0.0736             1             1             1             1
      0.07365             1             1             1             1
       0.0737             1             1             1             1
      0.07375             1             1             1             1
       0.0738             1             1             1             1
      0.07385             1             1             1             1
       0.0739             1             1             1             1
      0.07395             1             1             1             1
        0.074             1             1             1             1
      0.07405             1             1             1             1
       0.0741             1             1             1             1
      0.07415             1             1             1             1
       0.0742             1             1             1             1
      0.07425             1             1             1             1
       0.0743             1             1             1             1
      0.07435             1             1             1             1
       0.0744             1             1             1             1
      0.07445             1             1             1             1
       0.0745             1             1             1             1
      0.07455             1             1             1             1
       0.0746             1             1             1             1
      0.07465             1             1             1             1
       0.0747             1             1             1             1
      0.07475             1             1             1             1
       0.0748             1             1             1             1
      0.07485             1             1             1             1
       0.0749             1             1             1             1
      0.07495             1             1             1             1
        0.075             1             1             1             1
      0.07505             1             1             1             1
       0.0751             1             1             1             1
      0.07515             1             1             1             1
       0.0752             1             1             1             1
      0.07525             1             1             1             1
       0.0753             1             1             1             1
      0.07535             1             1             1             1
       0.0754             1             1             1             1
      0.07545             1             1             1             1
       0.0755             1             1             1             1
      0.07555             1             1             1             1
       0.0756             1             1             1             1
      0.07565             1             1             1             1
       0.0757             1             1             1             1
      0.07575             1             1             1             1
       0.0758             1             1             1             1
      0.07585             1             1             1             1
       0.0759             1             1             1             1
      0.07595             1             1             1             1
        0.076             1             1             1             1
      0.07605             1             1             1             1
       0.0761             1             1             1             1
      0.07615             1             1             1             1
       0.0762             1             1             1             1
      0.07625             1             1             1             1
       0.0763             1             1             1             1
      0.07635             1             1             1             1
       0.0764             1             1             1             1
      0.07645             1             1             1             1
       0.0765             1             1             1             1
      0.07655             1             1             1             1
       0.0766             1             1             1             1
      0.07665             1             1             1             1
       0.0767             1             1             1             1
      0.07675             1             1             1             1
       0.0768             1             1             1             1
      0.07685             1             1             1             1
       0.0769             1             1             1             1
      0.07695             1             1             1             1
        0.077             1             1             1             1
      0.07705             1             1             1             1
       0.0771             1             1             1             1
      0.07715             1             1             1             1
       0.0772             1             1             1             1
      0.07725             1             1             1             1
       0.0773             1             1             1             1
      0.07735             1             1             1             1
       0.0774             1             1             1             1
      0.07745             1             1             1             1
       0.0775             1             1             1             1
      0.07755             1             1             1             1
       0.0776             1             1             1             1
      0.07765             1             1             1             1
       0.0777             1             1             1             1
      0.07775             1             1             1             1
       0.0778             1             1             1             1
      0.07785             1             1             1             1
       0.0779             1             1             1             1
      0.07795             1             1             1             1
        0.078             1             1             1             1
      0.07805             1             1             1             1
       0.0781             1             1             1             1
      0.07815             1             1             1             1
       0.0782             1             1             1             1
      0.07825             1             1             1             1
       0.0783             1             1             1             1
      0.07835             1             1             1             1
       0.0784             1             1             1             1
      0.07845             1             1             1             1
       0.0785             1             1             1             1
      0.07855             1             1             1             1
       0.0786             1             1             1             1
      0.07865             1             1             1             1
       0.0787             1             1             1             1
      0.07875             1             1             1             1
       0.0788             1             1             1             1
      0.07885             1             1             1             1
       0.0789             1             1             1             1
      0.07895             1             1             1             1
        0.079             1             1             1             1
      0.07905             1             1             1             1
       0.0791             1             1             1             1
      0.07915             1             1             1             1
       0.0792             1             1             1             1
      0.07925             1             1             1             1
       0.0793             1             1             1             1
      0.07935             1             1             1             1
       0.0794             1             1             1             1
      0.07945             1             1             1             1
       0.0795             1             1             1             1
      0.07955             1             1             1             1
       0.0796             1             1             1             1
      0.07965             1             1             1             1
       0.0797             1             1             1             1
      0.07975             1             1             1             1
       0.0798             1             1             1             1
      0.07985             1             1             1             1
       0.0799             1             1             1             1
      0.07995             1             1             1             1
         0.08             1             1             1             1
      0.08005             1             1             1             1
       0.0801             1             1             1             1
      0.08015             1             1             1             1
       0.0802             1             1             1             1
      0.08025             1             1             1             1
       0.0803             1             1             1             1
      0.08035             1             1             1             1
       0.0804             1             1             1             1
      0.08045             1             1             1             1
       0.0805             1             1             1             1
      0.08055             1             1             1             1
       0.0806             1             1             1             1
      0.08065             1             1             1             1
       0.0807             1             1             1             1
      0.08075             1             1             1             1
       0.0808             1             1             1             1
      0.08085             1             1             1             1
       0.0809             1             1             1             1
      0.08095             1             1             1             1
        0.081             1             1             1             1
      0.08105             1             1             1             1
       0.0811             1             1             1             1
      0.08115             1             1             1             1
       0.0812             1             1             1             1
      0.08125             1             1             1             1
       0.0813             1             1             1             1
      0.08135             1             1             1             1
       0.0814             1             1             1             1
      0.08145             1             1             1             1
       0.0815             1             1             1             1
      0.08155             1             1             1             1
       0.0816             1             1             1             1
      0.08165             1             1             1             1
       0.0817             1             1             1             1
      0.08175             1             1             1             1
       0.0818             1             1             1             1
      0.08185             1             1             1             1
       0.0819             1             1             1             1
      0.08195             1             1             1             1
        0.082             1             1             1             1
      0.08205             1             1             1             1
       0.0821             1             1             1             1
      0.08215             1             1             1             1
       0.0822             1             1             1             1
      0.08225             1             1             1             1
       0.0823             1             1             1             1
      0.08235             1             1             1             1
       0.0824             1             1             1             1
      0.08245             1             1             1             1
       0.0825             1             1             1             1
      0.08255             1             1             1             1
       0.0826             1             1             1             1
      0.08265             1             1             1             1
       0.0827             1             1             1             1
      0.08275             1             1             1             1
       0.0828             1             1             1             1
      0.08285             1             1             1             1
       0.0829             1             1             1             1
      0.08295             1             1             1             1
        0.083             1             1             1             1
      0.08305             1             1             1             1
       0.0831             1             1             1             1
      0.08315             1             1             1             1
       0.0832             1             1             1             1
      0.08325             1             1             1             1
       0.0833             1             1             1             1
      0.08335             1             1             1             1
       0.0834             1             1             1             1
      0.08345             1             1             1             1
       0.0835             1             1             1             1
      0.08355             1             1             1             1
       0.0836             1             1             1             1
      0.08365             1             1             1             1
       0.0837             1             1             1             1
      0.08375             1             1             1             1
       0.0838             1             1             1             1
      0.08385             1             1             1             1
       0.0839             1             1             1             1
      0.08395             1             1             1             1
        0.084             1             1             1             1
      0.08405             1             1             1             1
       0.0841             1             1             1             1
      0.08415             1             1             1             1
       0.0842             1             1             1             1
      0.08425             1             1             1             1
       0.0843             1             1             1             1
      0.08435             1             1             1             1
       0.0844             1             1             1             1
      0.08445             1             1             1             1
       0.0845             1             1             1             1
      0.08455             1             1             1             1
       0.0846             1             1             1             1
      0.08465             1             1             1             1
       0.0847             1             1             1             1
      0.08475             1             1             1             1
       0.0848             1             1             1             1
      0.08485             1             1             1             1
       0.0849             1             1             1             1
      0.08495             1             1             1             1
        0.085             1             1             1             1
      0.08505             1             1             1             1
       0.0851             1             1             1             1
      0.08515             1             1             1             1
       0.0852             1             1             1             1
      0.08525             1             1             1             1
       0.0853             1             1             1             1
      0.08535             1             1             1             1
       0.0854             1             1             1             1
      0.08545             1             1             1             1
       0.0855             1             1             1             1
      0.08555             1             1             1             1
       0.0856             1             1             1             1
      0.08565             1             1             1             1
       0.0857             1             1             1             1
      0.08575             1             1             1             1
       0.0858             1             1             1             1
      0.08585             1             1             1             1
       0.0859             1             1             1             1
      0.08595             1             1             1             1
        0.086             1             1             1             1
      0.08605             1             1             1             1
       0.0861             1             1             1             1
      0.08615             1             1             1             1
       0.0862             1             1             1             1
      0.08625             1             1             1             1
       0.0863             1             1             1             1
      0.08635             1             1             1             1
       0.0864             1             1             1             1
      0.08645             1             1             1             1
       0.0865             1             1             1             1
      0.08655             1             1             1             1
       0.0866             1             1             1             1
      0.08665             1             1             1             1
       0.0867             1             1             1             1
      0.08675             1             1             1             1
       0.0868             1             1             1             1
      0.08685             1             1             1             1
       0.0869             1             1             1             1
      0.08695             1             1             1             1
        0.087             1             1             1             1
      0.08705             1             1             1             1
       0.0871             1             1             1             1
      0.08715             1             1             1             1
       0.0872             1             1             1             1
      0.08725             1             1             1             1
       0.0873             1             1             1             1
      0.08735             1             1             1             1
       0.0874             1             1             1             1
      0.08745             1             1             1             1
       0.0875             1             1             1             1
      0.08755             1             1             1             1
       0.0876             1             1             1             1
      0.08765             1             1             1             1
       0.0877             1             1             1             1
      0.08775             1             1             1             1
       0.0878             1             1             1             1
      0.08785             1             1             1             1
       0.0879             1             1             1             1
      0.08795             1             1             1             1
        0.088             1             1             1             1
      0.08805             1             1             1             1
       0.0881             1             1             1             1
      0.08815             1             1             1             1
       0.0882             1             1             1             1
      0.08825             1             1             1             1
       0.0883             1             1             1             1
      0.08835             1             1             1             1
       0.0884             1             1             1             1
      0.08845             1             1             1             1
       0.0885             1             1             1             1
      0.08855             1             1             1             1
       0.0886             1             1             1             1
      0.08865             1             1             1             1
       0.0887             1             1             1             1
      0.08875             1             1             1             1
       0.0888             1             1             1             1
      0.08885             1             1             1             1
       0.0889             1             1             1             1
      0.08895             1             1             1             1
        0.089             1             1             1             1
      0.08905             1             1             1             1
       0.0891             1             1             1             1
      0.08915             1             1             1             1
       0.0892             1             1             1             1
      0.08925             1             1             1             1
       0.0893             1             1             1             1
      0.08935             1             1             1             1
       0.0894             1             1             1             1
      0.08945             1             1             1             1
       0.0895             1             1             1             1
      0.08955             1             1             1             1
       0.0896             1             1             1             1
      0.08965             1             1             1             1
       0.0897             1             1             1             1
      0.08975             1             1             1             1
       0.0898             1             1             1             1
      0.08985             1             1             1             1
       0.0899             1             1             1             1
      0.08995             1             1             1             1
         0.09             1             1             1             1
      0.09005             1             1             1             1
       0.0901             1             1             1             1
      0.09015             1             1             1             1
       0.0902             1             1             1             1
      0.09025             1             1             1             1
       0.0903             1             1             1             1
      0.09035             1             1             1             1
       0.0904             1             1             1             1
      0.09045             1             1             1             1
       0.0905             1             1             1             1
      0.09055             1             1             1             1
       0.0906             1             1             1             1
      0.09065             1             1             1             1
       0.0907             1             1             1             1
      0.09075             1             1             1             1
       0.0908             1             1             1             1
      0.09085             1             1             1             1
       0.0909             1             1             1             1
      0.09095             1             1             1             1
        0.091             1             1             1             1
      0.09105             1             1             1             1
       0.0911             1             1             1             1
      0.09115             1             1             1             1
       0.0912             1             1             1             1
      0.09125             1             1             1             1
       0.0913             1             1             1             1
      0.09135             1             1             1             1
       0.0914             1             1             1             1
      0.09145             1             1             1             1
       0.0915             1             1             1             1
      0.09155             1             1             1             1
       0.0916             1             1             1             1
      0.09165             1             1             1             1
       0.0917             1             1             1             1
      0.09175             1             1             1             1
       0.0918             1             1             1             1
      0.09185             1             1             1             1
       0.0919             1             1             1             1
      0.09195             1             1             1             1
        0.092             1             1             1             1
      0.09205             1             1             1             1
       0.0921             1             1             1             1
      0.09215             1             1             1             1
       0.0922             1             1             1             1
      0.09225             1             1             1             1
       0.0923             1             1             1             1
      0.09235             1             1             1             1
       0.0924             1             1             1             1
      0.09245             1             1             1             1
       0.0925             1             1             1             1
      0.09255             1             1             1             1
       0.0926             1             1             1             1
      0.09265             1             1             1             1
       0.0927             1             1             1             1
      0.09275             1             1             1             1
       0.0928             1             1             1             1
      0.09285             1             1             1             1
       0.0929             1             1             1             1
      0.09295             1             1             1             1
        0.093             1             1             1             1
      0.09305             1             1             1             1
       0.0931             1             1             1             1
      0.09315             1             1             1             1
       0.0932             1             1             1             1
      0.09325             1             1             1             1
       0.0933             1             1             1             1
      0.09335             1             1             1             1
       0.0934             1             1             1             1
      0.09345             1             1             1             1
       0.0935             1             1             1             1
      0.09355             1             1             1             1
       0.0936             1             1             1             1
      0.09365             1             1             1             1
       0.0937             1             1             1             1
      0.09375             1             1             1             1
       0.0938             1             1             1             1
      0.09385             1             1             1             1
       0.0939             1             1             1             1
      0.09395             1             1             1             1
        0.094             1             1             1             1
      0.09405             1             1             1             1
       0.0941             1             1             1             1
      0.09415             1             1             1             1
       0.0942             1             1             1             1
      0.09425             1             1             1             1
       0.0943             1             1             1             1
      0.09435             1             1             1             1
       0.0944             1             1             1             1
      0.09445             1             1             1             1
       0.0945             1             1             1             1
      0.09455             1             1             1             1
       0.0946             1             1             1             1
      0.09465             1             1             1             1
       0.0947             1             1             1             1
      0.09475             1             1             1             1
       0.0948             1             1             1             1
      0.09485             1             1             1             1
       0.0949             1             1             1             1
      0.09495             1             1             1             1
        0.095             1             1             1             1
      0.09505             1             1             1             1
       0.0951             1             1             1             1
      0.09515             1             1             1             1
       0.0952             1             1             1             1
      0.09525             1             1             1             1
       0.0953             1             1             1             1
      0.09535             1             1             1             1
       0.0954             1             1             1             1
      0.09545             1             1             1             1
       0.0955             1             1             1             1
      0.09555             1             1             1             1
       0.0956             1             1             1             1
      0.09565             1             1             1             1
       0.0957             1             1             1             1
      0.09575             1             1             1             1
       0.0958             1             1             1             1
      0.09585             1             1             1             1
       0.0959             1             1             1             1
      0.09595             1             1             1             1
        0.096             1             1             1             1
      0.09605             1             1             1             1
       0.0961             1             1             1             1
      0.09615             1             1             1             1
       0.0962             1             1             1             1
      0.09625             1             1             1             1
       0.0963             1             1             1             1
      0.09635             1             1             1             1
       0.0964             1             1             1             1
      0.09645             1             1             1             1
       0.0965             1             1             1             1
      0.09655             1             1             1             1
       0.0966             1             1             1             1
      0.09665             1             1             1             1
       0.0967             1             1             1             1
      0.09675             1             1             1             1
       0.0968             1             1             1             1
      0.09685             1             1             1             1
       0.0969             1             1             1             1
      0.09695             1             1             1             1
        0.097             1             1             1             1
      0.09705             1             1             1             1
       0.0971             1             1             1             1
      0.09715             1             1             1             1
       0.0972             1             1             1             1
      0.09725             1             1             1             1
       0.0973             1             1             1             1
      0.09735             1             1             1             1
       0.0974             1             1             1             1
      0.09745             1             1             1             1
       0.0975             1             1             1             1
      0.09755             1             1             1             1
       0.0976             1             1             1             1
      0.09765             1             1             1             1
       0.0977             1             1             1             1
      0.09775             1             1             1             1
       0.0978             1             1             1             1
      0.09785             1             1             1             1
       0.0979             1             1             1             1
      0.09795             1             1             1             1
        0.098             1             1             1             1
