/*--------------------------------*- C++ -*----------------------------------*\
| =========                 |                                                 |
| \\      /  F ield         | OpenFOAM: The Open Source CFD Toolbox           |
|  \\    /   O peration     | Version:  5.x                                   |
|   \\  /    A nd           | Web:      www.OpenFOAM.org                      |
|    \\/     M anipulation  |                                                 |
\*---------------------------------------------------------------------------*/
FoamFile
{
    version     2.0;
    format      ascii;
    class       labelList;
    note        "nPoints:65589  nCells:51196  nFaces:166832  nInternalFaces:148607";
    location    "constant/polyMesh";
    object      neighbour;
}
// * * * * * * * * * * * * * * * * * * * * * * * * * * * * * * * * * * * * * //


148607
(
12441
12442
12444
12441
12448
12449
12451
12421
12448
12455
12456
12458
12425
12455
12462
12463
12465
12429
12462
12469
12470
12472
12433
12469
12476
12477
12479
12476
12483
12484
12486
12483
12490
12491
12493
12505
12506
12508
12437
12505
41431
41432
41434
11
23
493
12442
12443
12446
12447
41431
41433
41435
41437
12
24
494
12449
12450
12453
12454
13
25
495
12456
12457
12460
12461
14
26
496
12463
12464
12467
12468
15
27
497
12470
12471
12474
12475
16
28
498
12477
12478
12481
12482
17
29
499
12484
12485
12488
12489
18
30
500
12491
12492
12495
12496
41439
41441
41443
12497
41438
41439
41441
12512
12513
12515
41438
12501
12525
41445
41446
41448
22
38
504
12506
12507
12510
12511
41445
41447
41449
41451
23
39
505
41432
41433
41436
41437
24
40
506
25
41
507
26
42
508
27
43
509
28
44
510
29
45
511
30
46
512
31
47
513
32
48
514
41439
41440
41443
41444
33
49
515
12513
12514
12517
12518
41453
41455
41457
12519
41452
41453
41455
12531
12533
41452
12538
12539
12541
12526
12538
41459
41460
41462
38
55
520
41446
41447
41450
41451
41459
41461
41463
41465
39
56
521
40
57
522
41
58
523
42
59
524
43
60
525
44
61
526
45
62
527
46
63
528
47
64
529
48
65
530
49
66
531
50
67
532
51
68
533
41453
41454
41457
41458
41467
41469
41471
12531
41466
41467
41469
12536
12545
12546
12548
41466
12539
12552
41473
41474
41476
55
74
537
41460
41461
41464
41465
41473
41475
41477
41479
56
75
538
57
76
539
58
77
540
59
78
541
60
79
542
61
80
543
62
81
544
63
82
545
64
83
546
65
84
547
66
85
548
67
86
549
68
87
550
69
88
551
70
89
552
41467
41468
41471
41472
41481
41483
41485
12546
41480
41481
41483
12558
12560
41480
12553
12563
41487
41488
41490
74
95
556
41474
41475
41478
41479
41487
41489
41491
41493
75
96
557
76
97
558
77
98
559
78
99
560
79
100
561
80
101
562
81
102
563
82
103
564
83
104
565
84
105
566
85
106
567
86
107
568
87
108
569
88
109
570
89
110
571
90
111
572
91
112
573
41481
41482
41485
41486
41495
41497
41499
12558
41494
41495
41497
12567
12568
41494
12570
12571
12573
95
116
577
12570
12572
12574
12576
41488
41489
41492
41493
96
117
578
97
118
579
98
119
580
99
120
581
100
121
582
101
122
583
102
123
584
103
124
585
104
125
586
105
126
587
106
127
588
107
128
589
108
129
590
109
130
591
110
131
592
111
132
593
112
133
594
113
134
595
114
135
596
12578
12580
12582
41495
41496
41499
41500
12567
12577
12578
12580
12571
12584
41501
41502
41504
117
140
599
41501
41503
41505
41507
118
141
600
119
142
601
120
143
602
121
144
603
122
145
604
123
146
605
124
147
606
125
148
607
126
149
608
127
150
609
128
151
610
129
152
611
130
153
612
131
154
613
132
155
614
133
156
615
134
157
616
135
158
617
136
159
618
41509
41511
41513
12578
41508
41509
41511
12588
12589
41508
12591
12592
12594
140
163
622
12591
12593
12595
12597
41502
41503
41506
41507
141
164
623
142
165
624
143
166
625
144
167
626
145
168
627
146
169
628
147
170
629
148
171
630
149
172
631
150
173
632
41515
41518
41519
41739
41740
41741
151
174
633
41522
41525
41526
41746
41747
41748
152
175
634
153
176
635
154
177
636
155
178
637
156
179
638
157
180
639
158
181
640
159
182
641
160
183
642
161
184
643
12599
12601
12603
41509
41510
41513
41514
12588
12598
12599
12601
12592
12605
12606
12608
164
187
646
12605
12607
12609
12611
165
188
647
166
189
648
167
190
649
168
191
650
169
192
651
170
193
652
171
194
653
172
195
654
173
196
655
41263
41264
41265
41516
41518
41520
41515
41516
41518
41515
41522
41523
41525
176
199
658
41270
41271
41272
41522
41524
41526
41528
177
200
659
178
201
660
179
202
661
180
203
662
181
204
663
182
205
664
183
206
665
184
207
666
185
208
667
12613
12615
12617
12599
12612
12613
12615
12606
12619
12623
12624
12626
188
212
670
12623
12625
12627
12629
189
213
671
190
214
672
191
215
673
192
216
674
193
217
675
194
218
676
195
219
677
196
220
678
41277
41278
41279
41529
41532
41533
197
221
679
40991
40992
40993
198
222
680
41284
41285
41286
41516
41517
41520
41521
199
223
681
41291
41292
41293
41523
41524
41527
41528
200
224
682
40998
40999
41000
201
225
683
41298
41299
41300
41536
41539
41540
202
226
684
203
227
685
204
228
686
205
229
687
206
230
688
207
231
689
208
232
690
209
233
691
12631
12633
12635
12613
12630
12631
12633
12630
12637
12638
12624
12640
12644
12645
12647
213
237
695
12644
12646
12648
12650
214
238
696
215
239
697
216
240
698
217
241
699
218
242
700
219
243
701
220
244
702
41530
41532
41534
41753
41754
41755
41529
41530
41532
222
246
704
41305
41306
41307
41529
41531
41533
41535
223
247
705
224
248
706
225
249
707
41312
41313
41314
41537
41539
41541
41536
41537
41539
227
251
709
41536
41538
41540
41542
41760
41761
41762
228
252
710
229
253
711
230
254
712
231
255
713
232
256
714
233
257
715
234
258
716
12652
12654
12656
12631
12651
12652
12654
12637
12651
12658
12659
12645
12661
12665
12666
12668
238
262
720
12665
12667
12669
12671
239
263
721
240
264
722
241
265
723
242
266
724
243
267
725
244
268
726
245
269
727
41544
41546
41548
41767
41768
41769
41530
41543
41544
41546
247
271
729
41319
41320
41321
41543
41545
41547
41549
248
272
730
249
273
731
250
274
732
41326
41327
41328
41551
41553
41555
41537
41550
41551
41553
252
276
734
41550
41552
41554
41556
41774
41775
41776
253
277
735
254
278
736
255
279
737
256
280
738
257
281
739
258
282
740
259
283
741
12673
12675
12677
12652
12672
12673
12675
12658
12672
12679
12680
12666
12682
12686
12687
12689
263
287
745
12686
12688
12690
12692
264
288
746
265
289
747
266
290
748
267
291
749
268
292
750
269
293
751
270
294
752
271
295
753
41333
41334
41335
41544
41545
41548
41549
272
296
754
41029
41030
41031
273
297
755
41340
41341
41342
41557
41560
41561
274
298
756
41347
41348
41349
41564
41567
41568
275
299
757
41036
41037
41038
276
300
758
41354
41355
41356
41551
41552
41555
41556
277
301
759
278
302
760
279
303
761
280
304
762
281
305
763
282
306
764
283
307
765
284
308
766
12694
12696
12698
12673
12693
12694
12696
12679
12693
12700
12701
12687
12703
12704
12706
288
311
770
12703
12705
12707
12709
289
312
771
290
313
772
291
314
773
292
315
774
293
316
775
294
317
776
295
318
777
296
319
778
297
320
779
41361
41362
41363
41558
41560
41562
41557
41558
41560
41557
41564
41565
41567
300
323
782
41368
41369
41370
41564
41566
41568
41570
301
324
783
302
325
784
303
326
785
304
327
786
305
328
787
306
329
788
307
330
789
308
331
790
309
332
791
12711
12713
12715
12694
12710
12711
12713
12704
12717
12718
12720
312
334
794
12717
12719
12721
12723
41571
41574
41575
313
335
795
314
336
796
315
337
797
316
338
798
317
339
799
318
340
800
319
341
801
320
342
802
321
343
803
322
344
804
41558
41559
41562
41563
41781
41782
41783
323
345
805
41565
41566
41569
41570
41788
41789
41790
324
346
806
325
347
807
326
348
808
327
349
809
328
350
810
329
351
811
330
352
812
331
353
813
332
354
814
333
355
815
12725
12727
12729
41578
41581
41582
12711
12724
12725
12727
12731
41571
41572
41574
336
358
818
41571
41573
41575
41577
337
359
819
338
360
820
339
361
821
340
362
822
341
363
823
342
364
824
343
365
825
344
366
826
345
367
827
346
368
828
347
369
829
348
370
830
349
371
831
350
372
832
351
373
833
352
374
834
353
375
835
354
376
836
355
377
837
41579
41581
41583
41578
41579
41581
12725
12735
12736
41578
12738
12739
12741
41572
359
379
841
12738
12740
12742
12744
41585
41588
41589
360
380
842
361
381
843
362
382
844
363
383
845
364
384
846
365
385
847
366
386
848
367
387
849
368
388
850
369
389
851
370
390
852
371
391
853
372
392
854
373
393
855
374
394
856
375
395
857
376
396
858
377
397
859
378
398
860
12746
12748
12750
41592
41595
41596
12745
12746
12748
41579
12752
41585
41586
41588
381
401
863
41585
41587
41589
41591
41599
41602
41603
382
402
864
383
403
865
384
404
866
385
405
867
386
406
868
387
407
869
388
408
870
389
409
871
390
410
872
391
411
873
392
412
874
393
413
875
394
414
876
395
415
877
396
416
878
397
417
879
398
418
880
41593
41595
41597
41606
41609
41610
41592
41593
41595
12746
12756
12757
41592
12759
12761
41586
12759
41599
41600
41602
403
421
885
41599
41601
41603
41605
41613
41616
41617
404
422
886
405
423
887
406
424
888
407
425
889
408
426
890
409
427
891
410
428
892
411
429
893
412
430
894
413
431
895
414
432
896
415
433
897
416
434
898
417
435
899
418
436
900
41607
41609
41611
41620
41623
41624
41606
41607
41609
12764
12765
12766
41593
41606
12769
12770
12772
41600
12769
41613
41614
41616
423
439
905
41613
41615
41617
41619
41627
41630
41631
424
440
906
425
441
907
426
442
908
427
443
909
428
444
910
429
445
911
430
446
912
431
447
913
432
448
914
433
449
915
434
450
916
435
451
917
436
452
918
41621
41623
41625
41634
41637
41638
41620
41621
41623
12776
12777
12779
41607
41620
12783
12785
12787
41614
12785
41627
41628
41630
441
456
923
12799
12802
12803
41627
41629
41631
41633
442
457
924
41641
41644
41645
443
458
925
444
459
926
445
460
927
446
461
928
447
462
929
448
463
930
449
464
931
450
465
932
451
466
933
41648
41651
41652
452
467
934
12806
12809
12810
41635
41637
41639
41634
41635
41637
12790
12791
12792
41621
41634
12777
12790
12795
12796
12797
41628
12796
12799
12800
12802
12799
41641
41642
41644
459
470
941
12819
12822
12823
41641
41643
41645
41647
460
471
942
12826
12829
12830
461
472
943
12833
12836
12837
462
473
944
12840
12843
12844
463
474
945
12847
12850
12851
464
475
946
12854
12857
12858
465
476
947
12861
12864
12865
466
477
948
12868
12871
12872
41649
41651
41653
41648
41649
41651
12806
12807
12809
41648
12806
12813
12814
41635
12816
12817
41642
12816
12819
12820
12822
12819
12826
12827
12829
12826
12833
12834
12836
12833
12840
12841
12843
12840
12847
12848
12850
12847
12854
12855
12857
12854
12861
12862
12864
12861
12868
12869
12871
12868
12875
12876
41649
12834
12878
12879
12841
12878
12881
12882
12848
12881
12884
12885
12855
12884
12887
12888
12444
12910
12911
12913
12451
12910
12917
12918
12920
12458
12890
12917
12924
12925
12927
12465
12894
12924
12931
12932
12934
12472
12898
12931
12938
12939
12941
12479
12902
12938
12945
12946
12948
12486
12945
12952
12953
12955
12493
12952
12959
12960
12962
12508
12974
12975
12977
12906
12974
41434
41655
41656
41658
494
506
976
12911
12912
12915
12916
41655
41657
41659
41661
495
507
977
12918
12919
12922
12923
496
508
978
12925
12926
12929
12930
497
509
979
12932
12933
12936
12937
498
510
980
12939
12940
12943
12944
499
511
981
12946
12947
12950
12951
500
512
982
12953
12954
12957
12958
501
513
983
12960
12961
12964
12965
41663
41665
41667
12966
41441
41662
41663
41665
12515
12981
12982
12984
41662
12970
12994
41448
41669
41670
41672
505
521
987
12975
12976
12979
12980
41669
41671
41673
41675
506
522
988
41656
41657
41660
41661
507
523
989
508
524
990
509
525
991
510
526
992
511
527
993
512
528
994
513
529
995
514
530
996
515
531
997
41663
41664
41667
41668
516
532
998
12982
12983
12986
12987
41677
41679
41681
12988
41455
41676
41677
41679
12533
13000
13002
41676
12541
13007
13008
13010
12995
13007
41462
41683
41684
41686
521
538
1003
41670
41671
41674
41675
41683
41685
41687
41689
522
539
1004
523
540
1005
524
541
1006
525
542
1007
526
543
1008
527
544
1009
528
545
1010
529
546
1011
530
547
1012
531
548
1013
532
549
1014
533
550
1015
534
551
1016
41677
41678
41681
41682
41691
41693
41695
13000
41469
41690
41691
41693
12548
13005
13014
13015
13017
41690
13008
13021
41476
41697
41698
41700
538
557
1020
41684
41685
41688
41689
41697
41699
41701
41703
539
558
1021
540
559
1022
541
560
1023
542
561
1024
543
562
1025
544
563
1026
545
564
1027
546
565
1028
547
566
1029
548
567
1030
549
568
1031
550
569
1032
551
570
1033
552
571
1034
553
572
1035
41691
41692
41695
41696
41705
41707
41709
13015
41483
41704
41705
41707
12560
13027
13029
41704
13022
13032
41490
41711
41712
41714
557
578
1039
41698
41699
41702
41703
41711
41713
41715
41717
558
579
1040
559
580
1041
560
581
1042
561
582
1043
562
583
1044
563
584
1045
564
585
1046
565
586
1047
566
587
1048
567
588
1049
568
589
1050
569
590
1051
570
591
1052
571
592
1053
572
593
1054
573
594
1055
574
595
1056
41705
41706
41709
41710
41719
41721
41723
13027
41497
41718
41719
41721
12568
13036
13037
41718
12573
13039
13040
13042
578
599
1060
13039
13041
13043
13045
41712
41713
41716
41717
579
600
1061
580
601
1062
581
602
1063
582
603
1064
583
604
1065
584
605
1066
585
606
1067
586
607
1068
587
608
1069
588
609
1070
589
610
1071
590
611
1072
591
612
1073
592
613
1074
593
614
1075
594
615
1076
595
616
1077
596
617
1078
597
618
1079
13047
13049
13051
41719
41720
41723
41724
12580
13036
13046
13047
13049
13040
13053
41504
41725
41726
41728
600
623
1082
41725
41727
41729
41731
601
624
1083
602
625
1084
603
626
1085
604
627
1086
605
628
1087
606
629
1088
607
630
1089
608
631
1090
609
632
1091
41739
41742
41743
610
633
1092
41746
41749
41750
611
634
1093
612
635
1094
613
636
1095
614
637
1096
615
638
1097
616
639
1098
617
640
1099
618
641
1100
619
642
1101
41733
41735
41737
13047
41511
41732
41733
41735
12589
13057
13058
41732
12594
13060
13061
13063
623
646
1105
13060
13062
13064
13066
41726
41727
41730
41731
624
647
1106
625
648
1107
626
649
1108
627
650
1109
628
651
1110
629
652
1111
630
653
1112
631
654
1113
632
655
1114
41263
41266
41267
41740
41742
41744
41739
41740
41742
41739
41746
41747
41749
635
658
1117
41270
41273
41274
41746
41748
41750
41752
636
659
1118
637
660
1119
638
661
1120
639
662
1121
640
663
1122
641
664
1123
642
665
1124
643
666
1125
644
667
1126
13068
13070
13072
41733
41734
41737
41738
12601
13057
13067
13068
13070
12608
13061
13074
13075
13077
647
670
1129
13074
13076
13078
13080
648
671
1130
649
672
1131
650
673
1132
651
674
1133
652
675
1134
653
676
1135
654
677
1136
655
678
1137
41264
41266
41268
41277
41280
41281
41263
41264
41266
40979
40980
40982
41263
41518
41740
40979
40985
40986
40988
41525
41747
40985
41270
41271
41273
660
683
1142
41270
41272
41274
41276
41298
41301
41302
661
684
1143
662
685
1144
663
686
1145
664
687
1146
665
688
1147
666
689
1148
667
690
1149
668
691
1150
13082
13084
13086
12615
13068
13081
13082
13084
12626
13075
13088
13092
13093
13095
671
695
1153
13092
13094
13096
13098
672
696
1154
673
697
1155
674
698
1156
675
699
1157
676
700
1158
677
701
1159
678
702
1160
41278
41280
41282
41753
41756
41757
41277
41278
41280
40991
40992
40994
41264
41277
40980
40991
41284
41285
41287
40986
41284
41291
41292
41294
40998
40999
41001
41271
41291
40998
41298
41299
41301
685
709
1167
41298
41300
41302
41304
41760
41763
41764
686
710
1168
687
711
1169
688
712
1170
689
713
1171
690
714
1172
691
715
1173
692
716
1174
13100
13102
13104
12633
13082
13099
13100
13102
12638
13099
13106
13107
12647
13093
13109
13113
13114
13116
696
720
1178
13113
13115
13117
13119
697
721
1179
698
722
1180
699
723
1181
700
724
1182
701
725
1183
702
726
1184
41754
41756
41758
41753
41754
41756
41005
41006
41008
41278
41532
41753
40992
41005
41305
41306
41308
706
730
1188
41285
41286
41289
41290
41305
41307
41309
41311
707
731
1189
41292
41293
41296
41297
41313
41315
41317
40999
41312
41313
41315
41011
41012
41014
41299
41312
41539
41011
41760
41761
41763
711
735
1193
41760
41762
41764
41766
712
736
1194
713
737
1195
714
738
1196
715
739
1197
716
740
1198
717
741
1199
13121
13123
13125
12654
13100
13120
13121
13123
12659
13106
13120
13127
13128
12668
13114
13130
13134
13135
13137
721
745
1203
13134
13136
13138
13140
722
746
1204
723
747
1205
724
748
1206
725
749
1207
726
750
1208
727
751
1209
41768
41770
41772
41754
41767
41768
41770
41006
41017
41018
41020
41546
41767
41017
41306
41319
41320
41322
731
755
1213
41319
41321
41323
41325
41340
41343
41344
732
756
1214
41327
41329
41331
41347
41350
41351
41313
41326
41327
41329
41012
41023
41024
41326
41553
41023
41761
41774
41775
41777
736
760
1217
41774
41776
41778
41780
737
761
1218
738
762
1219
739
763
1220
740
764
1221
741
765
1222
742
766
1223
13142
13144
13146
12675
13121
13141
13142
13144
12680
13127
13141
13148
13149
12689
13135
13151
13155
13156
13158
746
770
1227
13155
13157
13159
13161
747
771
1228
748
772
1229
749
773
1230
750
774
1231
751
775
1232
752
776
1233
753
777
1234
41334
41336
41338
41768
41769
41772
41773
41018
41333
41334
41336
41029
41030
41032
41320
41333
41029
41340
41341
41343
41340
41347
41348
41350
41036
41037
41039
41327
41347
41024
41036
41354
41355
41357
760
784
1241
41354
41356
41358
41360
41775
41776
41779
41780
761
785
1242
762
786
1243
763
787
1244
764
788
1245
765
789
1246
766
790
1247
767
791
1248
13163
13165
13167
12696
13142
13162
13163
13165
12701
13148
13162
13169
13170
12706
13156
13172
13173
13175
771
794
1252
13172
13174
13176
13178
772
795
1253
773
796
1254
774
797
1255
775
798
1256
776
799
1257
777
800
1258
778
801
1259
779
802
1260
41334
41335
41338
41339
41362
41364
41366
41030
41361
41362
41364
41043
41044
41046
41341
41361
41560
41043
41049
41050
41348
41567
41037
41049
41368
41369
41371
784
807
1264
41355
41356
41359
41360
41368
41370
41372
41374
785
808
1265
786
809
1266
787
810
1267
788
811
1268
789
812
1269
790
813
1270
791
814
1271
792
815
1272
13180
13182
13184
12713
13163
13179
13180
13182
12720
13173
13186
13187
13189
795
817
1275
13186
13188
13190
13192
41795
41798
41799
796
818
1276
797
819
1277
798
820
1278
799
821
1279
800
822
1280
801
823
1281
802
824
1282
803
825
1283
804
826
1284
41362
41363
41366
41367
41782
41784
41786
41044
41781
41782
41784
41050
41781
41788
41789
41791
807
829
1287
41369
41370
41373
41374
41788
41790
41792
41794
808
830
1288
809
831
1289
810
832
1290
811
833
1291
812
834
1292
813
835
1293
814
836
1294
815
837
1295
816
838
1296
13194
13196
13198
41802
41805
41806
12727
13180
13193
13194
13196
13200
41574
41795
41796
41798
819
841
1299
41795
41797
41799
41801
820
842
1300
821
843
1301
822
844
1302
823
845
1303
824
846
1304
825
847
1305
826
848
1306
827
849
1307
828
850
1308
41782
41783
41786
41787
829
851
1309
41789
41790
41793
41794
830
852
1310
831
853
1311
832
854
1312
833
855
1313
834
856
1314
835
857
1315
836
858
1316
837
859
1317
838
860
1318
41803
41805
41807
41581
41802
41803
41805
12736
13194
13204
13205
41802
12741
13207
13208
13210
41796
842
862
1322
13207
13209
13211
13213
41809
41812
41813
843
863
1323
844
864
1324
845
865
1325
846
866
1326
847
867
1327
848
868
1328
849
869
1329
850
870
1330
851
871
1331
852
872
1332
853
873
1333
854
874
1334
855
875
1335
856
876
1336
857
877
1337
858
878
1338
859
879
1339
860
880
1340
861
881
1341
13215
13217
13219
41816
41819
41820
12748
13214
13215
13217
41803
13221
41588
41809
41810
41812
864
884
1344
41809
41811
41813
41815
41823
41826
41827
865
885
1345
866
886
1346
867
887
1347
868
888
1348
869
889
1349
870
890
1350
871
891
1351
872
892
1352
873
893
1353
874
894
1354
875
895
1355
876
896
1356
877
897
1357
878
898
1358
879
899
1359
880
900
1360
881
901
1361
41817
41819
41821
41830
41833
41834
41595
41816
41817
41819
12757
13215
13225
13226
41816
12761
13228
13230
41810
13228
41602
41823
41824
41826
886
904
1366
41823
41825
41827
41829
41837
41840
41841
887
905
1367
888
906
1368
889
907
1369
890
908
1370
891
909
1371
892
910
1372
893
911
1373
894
912
1374
895
913
1375
896
914
1376
897
915
1377
898
916
1378
899
917
1379
900
918
1380
901
919
1381
41831
41833
41835
41844
41847
41848
41609
41830
41831
41833
12766
13233
13234
13235
41817
41830
12772
13238
13239
13241
41824
13238
41616
41837
41838
41840
906
922
1386
41837
41839
41841
41843
41851
41854
41855
907
923
1387
908
924
1388
909
925
1389
910
926
1390
911
927
1391
912
928
1392
913
929
1393
914
930
1394
915
931
1395
916
932
1396
917
933
1397
918
934
1398
919
935
1399
41845
41847
41849
41858
41861
41862
41623
41844
41845
41847
12779
13245
13246
13248
41831
41844
12787
13252
13254
13256
41838
13254
41630
41851
41852
41854
924
939
1404
13268
13271
13272
41851
41853
41855
41857
925
940
1405
41865
41868
41869
926
941
1406
927
942
1407
928
943
1408
929
944
1409
930
945
1410
931
946
1411
932
947
1412
933
948
1413
934
949
1414
41872
41875
41876
935
950
1415
13275
13278
13279
41859
41861
41863
41637
41858
41859
41861
12792
13259
13260
13261
41845
41858
12795
13246
13259
13264
12797
13265
13266
41852
12802
13265
13268
13269
13271
13268
41644
41865
41866
41868
942
953
1422
13288
13291
13292
41865
41867
41869
41871
943
954
1423
13295
13298
13299
944
955
1424
13302
13305
13306
945
956
1425
13309
13312
13313
946
957
1426
13316
13319
13320
947
958
1427
13323
13326
13327
948
959
1428
13330
13333
13334
949
960
1429
13337
13340
13341
41873
41875
41877
41651
41872
41873
41875
12809
13275
13276
13278
41872
12814
13275
13282
13283
41859
12817
13285
13286
41866
12822
13285
13288
13289
13291
12829
13288
13295
13296
13298
12836
13295
13302
13303
13305
12843
13302
13309
13310
13312
12850
13309
13316
13317
13319
12857
13316
13323
13324
13326
12864
13323
13330
13331
13333
12871
13330
13337
13338
13340
12876
13337
13344
13345
41873
12879
13303
13347
13348
12882
13310
13347
13350
13351
12885
13317
13350
13353
13354
12888
13324
13353
13356
13357
12913
13379
13380
13382
12920
13379
13386
13387
13389
12927
13359
13386
13393
13394
13396
12934
13363
13393
13400
13401
13403
12941
13367
13400
13407
13408
13410
12948
13371
13407
13414
13415
13417
12955
13414
13421
13422
13424
12962
13421
13428
13429
13431
12977
13443
13444
13446
13375
13443
41658
41879
41880
41882
977
989
1457
13380
13381
13384
13385
41879
41881
41883
41885
978
990
1458
13387
13388
13391
13392
979
991
1459
13394
13395
13398
13399
980
992
1460
13401
13402
13405
13406
981
993
1461
13408
13409
13412
13413
982
994
1462
13415
13416
13419
13420
983
995
1463
13422
13423
13426
13427
984
996
1464
13429
13430
13433
13434
41887
41889
41891
13435
41665
41886
41887
41889
12984
13450
13451
13453
41886
13439
13463
41672
41893
41894
41896
988
1004
1468
13444
13445
13448
13449
41893
41895
41897
41899
989
1005
1469
41880
41881
41884
41885
990
1006
1470
991
1007
1471
992
1008
1472
993
1009
1473
994
1010
1474
995
1011
1475
996
1012
1476
997
1013
1477
998
1014
1478
41887
41888
41891
41892
999
1015
1479
13451
13452
13455
13456
41901
41903
41905
13457
41679
41900
41901
41903
13002
13469
13471
41900
13010
13476
13477
13479
13464
13476
41686
41907
41908
41910
1004
1021
1484
41894
41895
41898
41899
41907
41909
41911
41913
1005
1022
1485
1006
1023
1486
1007
1024
1487
1008
1025
1488
1009
1026
1489
1010
1027
1490
1011
1028
1491
1012
1029
1492
1013
1030
1493
1014
1031
1494
1015
1032
1495
1016
1033
1496
1017
1034
1497
41901
41902
41905
41906
41915
41917
41919
13469
41693
41914
41915
41917
13017
13474
13483
13484
13486
41914
13477
13490
41700
41921
41922
41924
1021
1040
1501
41908
41909
41912
41913
41921
41923
41925
41927
1022
1041
1502
1023
1042
1503
1024
1043
1504
1025
1044
1505
1026
1045
1506
1027
1046
1507
1028
1047
1508
1029
1048
1509
1030
1049
1510
1031
1050
1511
1032
1051
1512
1033
1052
1513
1034
1053
1514
1035
1054
1515
1036
1055
1516
41915
41916
41919
41920
41929
41931
41933
13484
41707
41928
41929
41931
13029
13496
13498
41928
13491
13501
41714
41935
41936
41938
1040
1061
1520
41922
41923
41926
41927
41935
41937
41939
41941
1041
1062
1521
1042
1063
1522
1043
1064
1523
1044
1065
1524
1045
1066
1525
1046
1067
1526
1047
1068
1527
1048
1069
1528
1049
1070
1529
1050
1071
1530
1051
1072
1531
1052
1073
1532
1053
1074
1533
1054
1075
1534
1055
1076
1535
1056
1077
1536
1057
1078
1537
41929
41930
41933
41934
41943
41945
41947
13496
41721
41942
41943
41945
13037
13505
13506
41942
13042
13508
13509
13511
1061
1082
1541
13508
13510
13512
13514
41936
41937
41940
41941
1062
1083
1542
1063
1084
1543
1064
1085
1544
1065
1086
1545
1066
1087
1546
1067
1088
1547
1068
1089
1548
1069
1090
1549
1070
1091
1550
1071
1092
1551
1072
1093
1552
1073
1094
1553
1074
1095
1554
1075
1096
1555
1076
1097
1556
1077
1098
1557
1078
1099
1558
1079
1100
1559
1080
1101
1560
13516
13518
13520
41943
41944
41947
41948
13049
13505
13515
13516
13518
13509
13522
41728
41949
41950
41952
1083
1106
1563
41949
41951
41953
41955
1084
1107
1564
1085
1108
1565
1086
1109
1566
1087
1110
1567
1088
1111
1568
1089
1112
1569
1090
1113
1570
1091
1114
1571
1092
1115
1572
41963
41966
41967
1093
1116
1573
41970
41973
41974
1094
1117
1574
1095
1118
1575
1096
1119
1576
1097
1120
1577
1098
1121
1578
1099
1122
1579
1100
1123
1580
1101
1124
1581
1102
1125
1582
41957
41959
41961
13516
41735
41956
41957
41959
13058
13526
13527
41956
13063
13529
13530
13532
1106
1129
1586
13529
13531
13533
13535
41950
41951
41954
41955
1107
1130
1587
1108
1131
1588
1109
1132
1589
1110
1133
1590
1111
1134
1591
1112
1135
1592
1113
1136
1593
1114
1137
1594
1115
1138
1595
13550
13553
13554
41964
41966
41968
41742
41963
41964
41966
41749
41963
41970
41971
41973
1118
1141
1598
13567
13570
13571
41970
41972
41974
41976
1119
1142
1599
1120
1143
1600
1121
1144
1601
1122
1145
1602
1123
1146
1603
1124
1147
1604
1125
1148
1605
1126
1149
1606
1127
1150
1607
13537
13539
13541
41957
41958
41961
41962
13070
13526
13536
13537
13539
13077
13530
13543
13544
13546
1130
1153
1610
13543
13545
13547
13549
1131
1154
1611
1132
1155
1612
1133
1156
1613
1134
1157
1614
1135
1158
1615
1136
1159
1616
1137
1160
1617
1138
1161
1618
13551
13553
13555
13592
13595
13596
13550
13551
13553
41266
13550
13557
13558
13559
40982
41964
13557
13562
13564
40988
41971
13562
13567
13568
13570
41273
1143
1166
1623
13567
13569
13571
13573
13627
13630
13631
1144
1167
1624
1145
1168
1625
1146
1169
1626
1147
1170
1627
1148
1171
1628
1149
1172
1629
1150
1173
1630
1151
1174
1631
13575
13577
13579
13084
13537
13574
13575
13577
13095
13544
13581
13585
13586
13588
1154
1178
1634
13585
13587
13589
13591
1155
1179
1635
1156
1180
1636
1157
1181
1637
1158
1182
1638
1159
1183
1639
1160
1184
1640
1161
1185
1641
13593
13595
13597
41977
41980
41981
13592
13593
13595
41280
13551
13592
13602
40994
13599
13606
13607
13609
41287
13606
13613
13614
13616
41294
13613
13621
13623
41001
13620
13627
13628
13630
41301
1168
1192
1648
13627
13629
13631
13633
41984
41987
41988
1169
1193
1649
1170
1194
1650
1171
1195
1651
1172
1196
1652
1173
1197
1653
1174
1198
1654
1175
1199
1655
13635
13637
13639
13102
13575
13634
13635
13637
13107
13634
13641
13642
13116
13586
13644
13648
13649
13651
1179
1203
1659
13648
13650
13652
13654
1180
1204
1660
1181
1205
1661
1182
1206
1662
1183
1207
1663
1184
1208
1664
1185
1209
1665
41978
41980
41982
41756
41977
41978
41980
13593
13655
13656
13657
41008
41977
13600
13660
13661
13663
41308
1189
1213
1669
13607
13608
13611
13612
13660
13662
13664
13666
1190
1214
1670
13614
13615
13618
13619
13668
13670
13672
13621
13667
13668
13670
41315
13628
13674
13676
41014
13674
41763
41984
41985
41987
1194
1217
1674
41984
41986
41988
41990
1195
1218
1675
1196
1219
1676
1197
1220
1677
1198
1221
1678
1199
1222
1679
1200
1223
1680
13680
13682
13684
13123
13635
13679
13680
13682
13128
13641
13679
13686
13687
13137
13649
13689
13693
13694
13696
1204
1227
1684
13693
13695
13697
13699
1205
1228
1685
1206
1229
1686
1207
1230
1687
1208
1231
1688
1209
1232
1689
1210
1233
1690
41992
41994
41996
41770
41978
41991
41992
41994
13656
13700
13702
41020
41991
13661
13705
13706
13708
41322
1214
1237
1694
13705
13707
13709
13711
13760
13763
13764
1215
1238
1695
13713
13715
13717
13767
13770
13771
13668
13712
13713
13715
41329
13719
41777
41985
41998
41999
42001
1218
1242
1698
41998
42000
42002
42004
1219
1243
1699
1220
1244
1700
1221
1245
1701
1222
1246
1702
1223
1247
1703
1224
1248
1704
13726
13728
13730
13144
13680
13725
13726
13728
13149
13686
13725
13732
13733
13158
13694
13735
13739
13740
13742
1228
1252
1708
13739
13741
13743
13745
1229
1253
1709
1230
1254
1710
1231
1255
1711
1232
1256
1712
1233
1257
1713
1234
1258
1714
1235
1259
1715
13747
13749
13751
41992
41993
41996
41997
13700
13746
13747
13749
41336
13706
13753
13756
41032
13753
13760
13761
13763
41343
13760
13767
13768
13770
41350
13713
13767
13774
13775
13777
41039
13720
13781
13782
13784
41357
1242
1265
1722
13781
13783
13785
13787
41999
42000
42003
42004
1243
1266
1723
1244
1267
1724
1245
1268
1725
1246
1269
1726
1247
1270
1727
1248
1271
1728
1249
1272
1729
13789
13791
13793
13165
13726
13788
13789
13791
13170
13732
13788
13795
13796
13175
13740
13798
13799
13801
1253
1275
1733
13798
13800
13802
13804
1254
1276
1734
1255
1277
1735
1256
1278
1736
1257
1279
1737
1258
1280
1738
1259
1281
1739
1260
1282
1740
1261
1283
1741
13747
13748
13751
13752
13806
13808
13810
13754
13805
13806
13808
41364
13805
13812
13814
41046
13817
13823
13824
13826
41371
1265
1288
1745
13782
13783
13786
13787
13823
13825
13827
13829
1266
1289
1746
1267
1290
1747
1268
1291
1748
1269
1292
1749
1270
1293
1750
1271
1294
1751
1272
1295
1752
1273
1296
1753
13831
13833
13835
13182
13789
13830
13831
13833
13189
13799
13837
13838
13840
1276
1298
1756
13837
13839
13841
13843
42019
42022
42023
1277
1299
1757
1278
1300
1758
1279
1301
1759
1280
1302
1760
1281
1303
1761
1282
1304
1762
1283
1305
1763
1284
1306
1764
1285
1307
1765
13806
13807
13810
13811
42006
42008
42010
13812
41784
42005
42006
42008
13818
41791
42005
42012
42013
42015
1288
1310
1768
13824
13825
13828
13829
42012
42014
42016
42018
1289
1311
1769
1290
1312
1770
1291
1313
1771
1292
1314
1772
1293
1315
1773
1294
1316
1774
1295
1317
1775
1296
1318
1776
1297
1319
1777
13845
13847
13849
42026
42029
42030
13196
13831
13844
13845
13847
13851
41798
42019
42020
42022
1300
1322
1780
42019
42021
42023
42025
1301
1323
1781
1302
1324
1782
1303
1325
1783
1304
1326
1784
1305
1327
1785
1306
1328
1786
1307
1329
1787
1308
1330
1788
1309
1331
1789
42006
42007
42010
42011
1310
1332
1790
42013
42014
42017
42018
1311
1333
1791
1312
1334
1792
1313
1335
1793
1314
1336
1794
1315
1337
1795
1316
1338
1796
1317
1339
1797
1318
1340
1798
1319
1341
1799
42027
42029
42031
41805
42026
42027
42029
13205
13845
13855
13856
42026
13210
13858
13859
13861
42020
1323
1343
1803
13858
13860
13862
13864
42033
42036
42037
1324
1344
1804
1325
1345
1805
1326
1346
1806
1327
1347
1807
1328
1348
1808
1329
1349
1809
1330
1350
1810
1331
1351
1811
1332
1352
1812
1333
1353
1813
1334
1354
1814
1335
1355
1815
1336
1356
1816
1337
1357
1817
1338
1358
1818
1339
1359
1819
1340
1360
1820
1341
1361
1821
1342
1362
1822
13866
13868
13870
42040
42043
42044
13217
13865
13866
13868
42027
13872
41812
42033
42034
42036
1345
1365
1825
42033
42035
42037
42039
42047
42050
42051
1346
1366
1826
1347
1367
1827
1348
1368
1828
1349
1369
1829
1350
1370
1830
1351
1371
1831
1352
1372
1832
1353
1373
1833
1354
1374
1834
1355
1375
1835
1356
1376
1836
1357
1377
1837
1358
1378
1838
1359
1379
1839
1360
1380
1840
1361
1381
1841
1362
1382
1842
42041
42043
42045
42054
42057
42058
41819
42040
42041
42043
13226
13866
13876
13877
42040
13230
13879
13881
42034
13879
41826
42047
42048
42050
1367
1385
1847
42047
42049
42051
42053
42061
42064
42065
1368
1386
1848
1369
1387
1849
1370
1388
1850
1371
1389
1851
1372
1390
1852
1373
1391
1853
1374
1392
1854
1375
1393
1855
1376
1394
1856
1377
1395
1857
1378
1396
1858
1379
1397
1859
1380
1398
1860
1381
1399
1861
1382
1400
1862
42055
42057
42059
42068
42071
42072
41833
42054
42055
42057
13235
13884
13885
13886
42041
42054
13241
13889
13890
13892
42048
13889
41840
42061
42062
42064
1387
1403
1867
42061
42063
42065
42067
42075
42078
42079
1388
1404
1868
1389
1405
1869
1390
1406
1870
1391
1407
1871
1392
1408
1872
1393
1409
1873
1394
1410
1874
1395
1411
1875
1396
1412
1876
1397
1413
1877
1398
1414
1878
1399
1415
1879
1400
1416
1880
42069
42071
42073
42082
42085
42086
41847
42068
42069
42071
13248
13896
13897
13899
42055
42068
13256
13903
13905
13907
42062
13905
41854
42075
42076
42078
1405
1420
1885
13919
13922
13923
42075
42077
42079
42081
1406
1421
1886
42089
42092
42093
1407
1422
1887
1408
1423
1888
1409
1424
1889
1410
1425
1890
1411
1426
1891
1412
1427
1892
1413
1428
1893
1414
1429
1894
1415
1430
1895
42096
42099
42100
1416
1431
1896
13926
13929
13930
42083
42085
42087
41861
42082
42083
42085
13261
13910
13911
13912
42069
42082
13264
13897
13910
13915
13266
13916
13917
42076
13271
13916
13919
13920
13922
13919
41868
42089
42090
42092
1423
1434
1903
13939
13942
13943
42089
42091
42093
42095
1424
1435
1904
13946
13949
13950
1425
1436
1905
13953
13956
13957
1426
1437
1906
13960
13963
13964
1427
1438
1907
13967
13970
13971
1428
1439
1908
13974
13977
13978
1429
1440
1909
13981
13984
13985
1430
1441
1910
13988
13991
13992
42097
42099
42101
41875
42096
42097
42099
13278
13926
13927
13929
42096
13283
13926
13933
13934
42083
13286
13936
13937
42090
13291
13936
13939
13940
13942
13298
13939
13946
13947
13949
13305
13946
13953
13954
13956
13312
13953
13960
13961
13963
13319
13960
13967
13968
13970
13326
13967
13974
13975
13977
13333
13974
13981
13982
13984
13340
13981
13988
13989
13991
13345
13988
13995
13996
42097
13348
13954
13998
13999
13351
13961
13998
14001
14002
13354
13968
14001
14004
14005
13357
13975
14004
14007
14008
13382
14030
14031
14033
13389
14030
14037
14038
14040
13396
14010
14037
14044
14045
14047
13403
14014
14044
14051
14052
14054
13410
14018
14051
14058
14059
14061
13417
14022
14058
14065
14066
14068
13424
14065
14072
14073
14075
13431
14072
14079
14080
14082
13446
14094
14095
14097
14026
14094
41882
42103
42104
42106
1458
1470
1938
14031
14032
14035
14036
42103
42105
42107
42109
1459
1471
1939
14038
14039
14042
14043
1460
1472
1940
14045
14046
14049
14050
1461
1473
1941
14052
14053
14056
14057
1462
1474
1942
14059
14060
14063
14064
1463
1475
1943
14066
14067
14070
14071
1464
1476
1944
14073
14074
14077
14078
1465
1477
1945
14080
14081
14084
14085
42111
42113
42115
14086
41889
42110
42111
42113
13453
14101
14102
14104
42110
14090
14114
41896
42117
42118
42120
1469
1485
1949
14095
14096
14099
14100
42117
42119
42121
42123
1470
1486
1950
42104
42105
42108
42109
1471
1487
1951
1472
1488
1952
1473
1489
1953
1474
1490
1954
1475
1491
1955
1476
1492
1956
1477
1493
1957
1478
1494
1958
1479
1495
1959
42111
42112
42115
42116
1480
1496
1960
14102
14103
14106
14107
42125
42127
42129
14108
41903
42124
42125
42127
13471
14120
14122
42124
13479
14127
14128
14130
14115
14127
41910
42131
42132
42134
1485
1502
1965
42118
42119
42122
42123
42131
42133
42135
42137
1486
1503
1966
1487
1504
1967
1488
1505
1968
1489
1506
1969
1490
1507
1970
1491
1508
1971
1492
1509
1972
1493
1510
1973
1494
1511
1974
1495
1512
1975
1496
1513
1976
1497
1514
1977
1498
1515
1978
42125
42126
42129
42130
42139
42141
42143
14120
41917
42138
42139
42141
13486
14125
14134
14135
14137
42138
14128
14141
41924
42145
42146
42148
1502
1521
1982
42132
42133
42136
42137
42145
42147
42149
42151
1503
1522
1983
1504
1523
1984
1505
1524
1985
1506
1525
1986
1507
1526
1987
1508
1527
1988
1509
1528
1989
1510
1529
1990
1511
1530
1991
1512
1531
1992
1513
1532
1993
1514
1533
1994
1515
1534
1995
1516
1535
1996
1517
1536
1997
42139
42140
42143
42144
42153
42155
42157
14135
41931
42152
42153
42155
13498
14147
14149
42152
14142
14152
41938
42159
42160
42162
1521
1542
2001
42146
42147
42150
42151
42159
42161
42163
42165
1522
1543
2002
1523
1544
2003
1524
1545
2004
1525
1546
2005
1526
1547
2006
1527
1548
2007
1528
1549
2008
1529
1550
2009
1530
1551
2010
1531
1552
2011
1532
1553
2012
1533
1554
2013
1534
1555
2014
1535
1556
2015
1536
1557
2016
1537
1558
2017
1538
1559
2018
42153
42154
42157
42158
42167
42169
42171
14147
41945
42166
42167
42169
13506
14156
14157
42166
13511
14159
14160
14162
1542
1563
2022
14159
14161
14163
14165
42160
42161
42164
42165
1543
1564
2023
1544
1565
2024
1545
1566
2025
1546
1567
2026
1547
1568
2027
1548
1569
2028
1549
1570
2029
1550
1571
2030
1551
1572
2031
1552
1573
2032
1553
1574
2033
1554
1575
2034
1555
1576
2035
1556
1577
2036
1557
1578
2037
1558
1579
2038
1559
1580
2039
1560
1581
2040
1561
1582
2041
14167
14169
14171
42167
42168
42171
42172
13518
14156
14166
14167
14169
14160
14173
41952
42173
42174
42176
1564
1587
2044
42173
42175
42177
42179
1565
1588
2045
1566
1589
2046
1567
1590
2047
1568
1591
2048
1569
1592
2049
1570
1593
2050
1571
1594
2051
1572
1595
2052
1573
1596
2053
42187
42190
42191
1574
1597
2054
42194
42197
42198
1575
1598
2055
1576
1599
2056
1577
1600
2057
1578
1601
2058
1579
1602
2059
1580
1603
2060
1581
1604
2061
1582
1605
2062
1583
1606
2063
42181
42183
42185
14167
41959
42180
42181
42183
13527
14177
14178
42180
13532
14180
14181
14183
1587
1610
2067
14180
14182
14184
14186
42174
42175
42178
42179
1588
1611
2068
1589
1612
2069
1590
1613
2070
1591
1614
2071
1592
1615
2072
1593
1616
2073
1594
1617
2074
1595
1618
2075
1596
1619
2076
14201
14204
14205
42188
42190
42192
42411
42412
42413
41966
42187
42188
42190
41973
42187
42194
42195
42197
1599
1622
2079
14218
14221
14222
42194
42196
42198
42200
42418
42419
42420
1600
1623
2080
1601
1624
2081
1602
1625
2082
1603
1626
2083
1604
1627
2084
1605
1628
2085
1606
1629
2086
1607
1630
2087
1608
1631
2088
14188
14190
14192
42181
42182
42185
42186
13539
14177
14187
14188
14190
13546
14181
14194
14195
14197
1611
1634
2091
14194
14196
14198
14200
1612
1635
2092
1613
1636
2093
1614
1637
2094
1615
1638
2095
1616
1639
2096
1617
1640
2097
1618
1641
2098
1619
1642
2099
14202
14204
14206
14243
14246
14247
42425
42426
42427
13553
14201
14202
14204
13559
14201
14208
14209
14210
42188
13564
14208
14213
14215
42195
13570
14213
14218
14219
14221
1624
1647
2104
14218
14220
14222
14224
14278
14281
14282
42432
42433
42434
1625
1648
2105
1626
1649
2106
1627
1650
2107
1628
1651
2108
1629
1652
2109
1630
1653
2110
1631
1654
2111
1632
1655
2112
14226
14228
14230
13577
14188
14225
14226
14228
13588
14195
14232
14236
14237
14239
1635
1659
2115
14236
14238
14240
14242
1636
1660
2116
1637
1661
2117
1638
1662
2118
1639
1663
2119
1640
1664
2120
1641
1665
2121
1642
1666
2122
14244
14246
14248
42201
42204
42205
42439
42440
42441
13595
14243
14244
14246
13602
14202
14243
14253
13609
14250
14257
14258
14260
13616
14257
14264
14265
14267
13623
14264
14272
14274
13630
14271
14278
14279
14281
1649
1673
2129
14278
14280
14282
14284
42208
42211
42212
42446
42447
42448
1650
1674
2130
1651
1675
2131
1652
1676
2132
1653
1677
2133
1654
1678
2134
1655
1679
2135
1656
1680
2136
14286
14288
14290
13637
14226
14285
14286
14288
13642
14285
14292
14293
13651
14237
14295
14299
14300
14302
1660
1684
2140
14299
14301
14303
14305
1661
1685
2141
1662
1686
2142
1663
1687
2143
1664
1688
2144
1665
1689
2145
1666
1690
2146
42202
42204
42206
41980
42201
42202
42204
13657
14244
14306
14307
14308
42201
13663
14251
14311
14312
14314
1670
1694
2150
14258
14259
14262
14263
14311
14313
14315
14317
1671
1695
2151
14265
14266
14269
14270
14319
14321
14323
13670
14272
14318
14319
14321
13676
14279
14325
14327
14325
41987
42208
42209
42211
1675
1698
2154
42208
42210
42212
42214
1676
1699
2155
1677
1700
2156
1678
1701
2157
1679
1702
2158
1680
1703
2159
1681
1704
2160
14331
14333
14335
13682
14286
14330
14331
14333
13687
14292
14330
14337
14338
13696
14300
14340
14344
14345
14347
1685
1708
2164
14344
14346
14348
14350
1686
1709
2165
1687
1710
2166
1688
1711
2167
1689
1712
2168
1690
1713
2169
1691
1714
2170
42216
42218
42220
41994
42202
42215
42216
42218
13702
14307
14351
14353
42215
13708
14312
14356
14357
14359
1695
1718
2174
14356
14358
14360
14362
14411
14414
14415
1696
1719
2175
14364
14366
14368
14418
14421
14422
13715
14319
14363
14364
14366
14370
42001
42209
42222
42223
42225
1699
1723
2179
42222
42224
42226
42228
1700
1724
2180
1701
1725
2181
1702
1726
2182
1703
1727
2183
1704
1728
2184
1705
1729
2185
14377
14379
14381
13728
14331
14376
14377
14379
13733
14337
14376
14383
14384
13742
14345
14386
14390
14391
14393
1709
1733
2189
14390
14392
14394
14396
1710
1734
2190
1711
1735
2191
1712
1736
2192
1713
1737
2193
1714
1738
2194
1715
1739
2195
1716
1740
2196
14398
14400
14402
42216
42217
42220
42221
42453
42454
42455
13749
14351
14397
14398
14400
13756
14357
14404
14407
13763
14404
14411
14412
14414
13770
14411
14418
14419
14421
13777
14364
14418
14425
14426
14428
13784
14371
14432
14433
14435
1723
1746
2203
14432
14434
14436
14438
42223
42224
42227
42228
42460
42461
42462
1724
1747
2204
1725
1748
2205
1726
1749
2206
1727
1750
2207
1728
1751
2208
1729
1752
2209
1730
1753
2210
14440
14442
14444
13791
14377
14439
14440
14442
13796
14383
14439
14446
14447
13801
14391
14449
14450
14452
1734
1756
2214
14449
14451
14453
14455
1735
1757
2215
1736
1758
2216
1737
1759
2217
1738
1760
2218
1739
1761
2219
1740
1762
2220
1741
1763
2221
1742
1764
2222
14398
14399
14402
14403
14457
14459
14461
42467
42468
42469
13808
14405
14456
14457
14459
13814
14456
14463
14465
13826
14468
14474
14475
14477
1746
1769
2226
14433
14434
14437
14438
14474
14476
14478
14480
42474
42475
42476
1747
1770
2227
1748
1771
2228
1749
1772
2229
1750
1773
2230
1751
1774
2231
1752
1775
2232
1753
1776
2233
1754
1777
2234
14482
14484
14486
13833
14440
14481
14482
14484
13840
14450
14488
14489
14491
1757
1779
2237
14488
14490
14492
14494
42243
42246
42247
1758
1780
2238
1759
1781
2239
1760
1782
2240
1761
1783
2241
1762
1784
2242
1763
1785
2243
1764
1786
2244
1765
1787
2245
1766
1788
2246
14457
14458
14461
14462
42230
42232
42234
42481
42482
42483
14463
42008
42229
42230
42232
14469
42015
42229
42236
42237
42239
1769
1791
2249
14475
14476
14479
14480
42236
42238
42240
42242
42488
42489
42490
1770
1792
2250
1771
1793
2251
1772
1794
2252
1773
1795
2253
1774
1796
2254
1775
1797
2255
1776
1798
2256
1777
1799
2257
1778
1800
2258
14496
14498
14500
42250
42253
42254
13847
14482
14495
14496
14498
14502
42022
42243
42244
42246
1781
1803
2261
42243
42245
42247
42249
1782
1804
2262
1783
1805
2263
1784
1806
2264
1785
1807
2265
1786
1808
2266
1787
1809
2267
1788
1810
2268
1789
1811
2269
1790
1812
2270
42230
42231
42234
42235
1791
1813
2271
42237
42238
42241
42242
1792
1814
2272
1793
1815
2273
1794
1816
2274
1795
1817
2275
1796
1818
2276
1797
1819
2277
1798
1820
2278
1799
1821
2279
1800
1822
2280
42251
42253
42255
42029
42250
42251
42253
13856
14496
14506
14507
42250
13861
14509
14510
14512
42244
1804
1824
2284
14509
14511
14513
14515
42257
42260
42261
1805
1825
2285
1806
1826
2286
1807
1827
2287
1808
1828
2288
1809
1829
2289
1810
1830
2290
1811
1831
2291
1812
1832
2292
1813
1833
2293
1814
1834
2294
1815
1835
2295
1816
1836
2296
1817
1837
2297
1818
1838
2298
1819
1839
2299
1820
1840
2300
1821
1841
2301
1822
1842
2302
1823
1843
2303
14517
14519
14521
42264
42267
42268
13868
14516
14517
14519
42251
14523
42036
42257
42258
42260
1826
1846
2306
42257
42259
42261
42263
42271
42274
42275
1827
1847
2307
1828
1848
2308
1829
1849
2309
1830
1850
2310
1831
1851
2311
1832
1852
2312
1833
1853
2313
1834
1854
2314
1835
1855
2315
1836
1856
2316
1837
1857
2317
1838
1858
2318
1839
1859
2319
1840
1860
2320
1841
1861
2321
1842
1862
2322
1843
1863
2323
42265
42267
42269
42278
42281
42282
42043
42264
42265
42267
13877
14517
14527
14528
42264
13881
14530
14532
42258
14530
42050
42271
42272
42274
1848
1866
2328
42271
42273
42275
42277
42285
42288
42289
1849
1867
2329
1850
1868
2330
1851
1869
2331
1852
1870
2332
1853
1871
2333
1854
1872
2334
1855
1873
2335
1856
1874
2336
1857
1875
2337
1858
1876
2338
1859
1877
2339
1860
1878
2340
1861
1879
2341
1862
1880
2342
1863
1881
2343
42279
42281
42283
42292
42295
42296
42057
42278
42279
42281
13886
14535
14536
14537
42265
42278
13892
14540
14541
14543
42272
14540
42064
42285
42286
42288
1868
1884
2348
42285
42287
42289
42291
42299
42302
42303
1869
1885
2349
1870
1886
2350
1871
1887
2351
1872
1888
2352
1873
1889
2353
1874
1890
2354
1875
1891
2355
1876
1892
2356
1877
1893
2357
1878
1894
2358
1879
1895
2359
1880
1896
2360
1881
1897
2361
42293
42295
42297
42306
42309
42310
42071
42292
42293
42295
13899
14547
14548
14550
42279
42292
13907
14554
14556
14558
42286
14556
42078
42299
42300
42302
1886
1901
2366
14570
14573
14574
42299
42301
42303
42305
1887
1902
2367
42313
42316
42317
1888
1903
2368
1889
1904
2369
1890
1905
2370
1891
1906
2371
1892
1907
2372
1893
1908
2373
1894
1909
2374
1895
1910
2375
1896
1911
2376
42320
42323
42324
1897
1912
2377
14577
14580
14581
42307
42309
42311
42085
42306
42307
42309
13912
14561
14562
14563
42293
42306
13915
14548
14561
14566
13917
14567
14568
42300
13922
14567
14570
14571
14573
14570
42092
42313
42314
42316
1904
1915
2384
14590
14593
14594
42313
42315
42317
42319
1905
1916
2385
14597
14600
14601
1906
1917
2386
14604
14607
14608
1907
1918
2387
14611
14614
14615
1908
1919
2388
14618
14621
14622
1909
1920
2389
14625
14628
14629
1910
1921
2390
14632
14635
14636
1911
1922
2391
14639
14642
14643
42321
42323
42325
42099
42320
42321
42323
13929
14577
14578
14580
42320
13934
14577
14584
14585
42307
13937
14587
14588
42314
13942
14587
14590
14591
14593
13949
14590
14597
14598
14600
13956
14597
14604
14605
14607
13963
14604
14611
14612
14614
13970
14611
14618
14619
14621
13977
14618
14625
14626
14628
13984
14625
14632
14633
14635
13991
14632
14639
14640
14642
13996
14639
14646
14647
42321
13999
14605
14649
14650
14002
14612
14649
14652
14653
14005
14619
14652
14655
14656
14008
14626
14655
14658
14659
14033
14681
14682
14684
14040
14681
14688
14689
14691
14047
14661
14688
14695
14696
14698
14054
14665
14695
14702
14703
14705
14061
14669
14702
14709
14710
14712
14068
14673
14709
14716
14717
14719
14075
14716
14723
14724
14726
14082
14723
14730
14731
14733
14097
14745
14746
14748
14677
14745
42106
42327
42328
42330
1939
1951
2419
14682
14683
14686
14687
42327
42329
42331
42333
1940
1952
2420
14689
14690
14693
14694
1941
1953
2421
14696
14697
14700
14701
1942
1954
2422
14703
14704
14707
14708
1943
1955
2423
14710
14711
14714
14715
1944
1956
2424
14717
14718
14721
14722
1945
1957
2425
14724
14725
14728
14729
1946
1958
2426
14731
14732
14735
14736
42335
42337
42339
14737
42113
42334
42335
42337
14104
14752
14753
14755
42334
14741
14765
42120
42341
42342
42344
1950
1966
2430
14746
14747
14750
14751
42341
42343
42345
42347
1951
1967
2431
42328
42329
42332
42333
1952
1968
2432
1953
1969
2433
1954
1970
2434
1955
1971
2435
1956
1972
2436
1957
1973
2437
1958
1974
2438
1959
1975
2439
1960
1976
2440
42335
42336
42339
42340
1961
1977
2441
14753
14754
14757
14758
42349
42351
42353
14759
42127
42348
42349
42351
14122
14771
14773
42348
14130
14778
14779
14781
14766
14778
42134
42355
42356
42358
1966
1983
2446
42342
42343
42346
42347
42355
42357
42359
42361
1967
1984
2447
1968
1985
2448
1969
1986
2449
1970
1987
2450
1971
1988
2451
1972
1989
2452
1973
1990
2453
1974
1991
2454
1975
1992
2455
1976
1993
2456
1977
1994
2457
1978
1995
2458
1979
1996
2459
42349
42350
42353
42354
42363
42365
42367
14771
42141
42362
42363
42365
14137
14776
14785
14786
14788
42362
14779
14792
42148
42369
42370
42372
1983
2002
2463
42356
42357
42360
42361
42369
42371
42373
42375
1984
2003
2464
1985
2004
2465
1986
2005
2466
1987
2006
2467
1988
2007
2468
1989
2008
2469
1990
2009
2470
1991
2010
2471
1992
2011
2472
1993
2012
2473
1994
2013
2474
1995
2014
2475
1996
2015
2476
1997
2016
2477
1998
2017
2478
42363
42364
42367
42368
42377
42379
42381
14786
42155
42376
42377
42379
14149
14798
14800
42376
14793
14803
42162
42383
42384
42386
2002
2023
2482
42370
42371
42374
42375
42383
42385
42387
42389
2003
2024
2483
2004
2025
2484
2005
2026
2485
2006
2027
2486
2007
2028
2487
2008
2029
2488
2009
2030
2489
2010
2031
2490
2011
2032
2491
2012
2033
2492
2013
2034
2493
2014
2035
2494
2015
2036
2495
2016
2037
2496
2017
2038
2497
2018
2039
2498
2019
2040
2499
42377
42378
42381
42382
42391
42393
42395
14798
42169
42390
42391
42393
14157
14807
14808
42390
14162
14810
14811
14813
2023
2044
2503
14810
14812
14814
14816
42384
42385
42388
42389
2024
2045
2504
2025
2046
2505
2026
2047
2506
2027
2048
2507
2028
2049
2508
2029
2050
2509
2030
2051
2510
2031
2052
2511
2032
2053
2512
2033
2054
2513
2034
2055
2514
2035
2056
2515
2036
2057
2516
2037
2058
2517
2038
2059
2518
2039
2060
2519
2040
2061
2520
2041
2062
2521
2042
2063
2522
14818
14820
14822
42391
42392
42395
42396
14169
14807
14817
14818
14820
14811
14824
42176
42397
42398
42400
2045
2068
2525
42397
42399
42401
42403
2046
2069
2526
2047
2070
2527
2048
2071
2528
2049
2072
2529
2050
2073
2530
2051
2074
2531
2052
2075
2532
2053
2076
2533
42411
42414
42415
2054
2077
2534
14838
14841
14842
42656
42657
42658
2055
2078
2535
14845
14848
14849
42663
42664
42665
2056
2079
2536
42418
42421
42422
2057
2080
2537
2058
2081
2538
2059
2082
2539
2060
2083
2540
2061
2084
2541
2062
2085
2542
2063
2086
2543
2064
2087
2544
42405
42407
42409
14818
42183
42404
42405
42407
14178
14828
14829
42404
14183
14831
14832
14834
2068
2091
2548
14831
14833
14835
14837
42398
42399
42402
42403
2069
2092
2549
2070
2093
2550
2071
2094
2551
2072
2095
2552
2073
2096
2553
2074
2097
2554
2075
2098
2555
2076
2099
2556
42412
42414
42416
42425
42428
42429
42677
42678
42679
42411
42412
42414
14838
14839
14841
42190
42411
14838
14845
14846
14848
42197
14845
42418
42419
42421
2081
2104
2561
42418
42420
42422
42424
42432
42435
42436
42684
42685
42686
2082
2105
2562
2083
2106
2563
2084
2107
2564
2085
2108
2565
2086
2109
2566
2087
2110
2567
2088
2111
2568
2089
2112
2569
14853
14855
14857
42405
42406
42409
42410
14190
14828
14852
14853
14855
14197
14832
14859
14860
14862
2092
2115
2572
14859
14861
14863
14865
2093
2116
2573
2094
2117
2574
2095
2118
2575
2096
2119
2576
2097
2120
2577
2098
2121
2578
2099
2122
2579
42426
42428
42430
42439
42442
42443
42691
42692
42693
42425
42426
42428
14204
14866
14867
14869
42412
42425
14210
14839
14866
14873
14875
14215
14846
14873
14879
14881
14221
14879
14885
14886
14888
42419
14885
42432
42433
42435
2106
2129
2585
42432
42434
42436
42438
42446
42449
42450
42698
42699
42700
2107
2130
2586
2108
2131
2587
2109
2132
2588
2110
2133
2589
2111
2134
2590
2112
2135
2591
2113
2136
2592
14893
14895
14897
14228
14853
14892
14893
14895
14239
14860
14899
14903
14904
14906
2116
2140
2595
14903
14905
14907
14909
2117
2141
2596
2118
2142
2597
2119
2143
2598
2120
2144
2599
2121
2145
2600
2122
2146
2601
42440
42442
42444
42439
42440
42442
14246
14910
14911
14913
42426
42439
14253
14867
14910
14260
14917
14924
14925
14927
14267
14880
14924
14931
14932
14934
14274
14931
14939
14941
14281
14938
14945
14946
14948
42433
14945
42446
42447
42449
2131
2154
2610
42446
42448
42450
42452
2132
2155
2611
2133
2156
2612
2134
2157
2613
2135
2158
2614
2136
2159
2615
2137
2160
2616
14953
14955
14957
14288
14893
14952
14953
14955
14293
14952
14959
14960
14302
14904
14962
14966
14967
14969
2141
2164
2620
14966
14968
14970
14972
2142
2165
2621
2143
2166
2622
2144
2167
2623
2145
2168
2624
2146
2169
2625
2147
2170
2626
14974
14976
14978
42719
42720
42721
14973
14974
14976
42204
42440
14308
14911
14973
14980
14982
14314
14918
14986
14987
14989
2151
2174
2630
14925
14926
14929
14930
14986
14988
14990
14992
2152
2175
2631
14932
14933
14936
14937
14994
14996
14998
14321
14939
14993
14994
14996
15000
15007
15008
15010
42211
42447
2155
2179
2635
15007
15009
15011
15013
42726
42727
42728
2156
2180
2636
2157
2181
2637
2158
2182
2638
2159
2183
2639
2160
2184
2640
2161
2185
2641
15015
15017
15019
14333
14953
15014
15015
15017
14338
14959
15014
15021
15022
14347
14967
15024
15028
15029
15031
2165
2189
2645
15028
15030
15032
15034
2166
2190
2646
2167
2191
2647
2168
2192
2648
2169
2193
2649
2170
2194
2650
2171
2195
2651
15036
15038
15040
42733
42734
42735
14974
15035
15036
15038
42218
14353
14980
15035
15043
15044
14359
14987
15042
15048
15049
15051
2175
2199
2655
15048
15050
15052
15054
15110
15113
15114
2176
2200
2656
15056
15058
15060
15117
15120
15121
14366
14994
15055
15056
15058
15001
15055
15064
15008
15062
15068
15069
15071
42225
2180
2204
2660
15068
15070
15072
15074
42740
42741
42742
2181
2205
2661
2182
2206
2662
2183
2207
2663
2184
2208
2664
2185
2209
2665
2186
2210
2666
15076
15078
15080
14379
15015
15075
15076
15078
14384
15021
15075
15082
15083
14393
15029
15085
15089
15090
15092
2190
2214
2670
15089
15091
15093
15095
2191
2215
2671
2192
2216
2672
2193
2217
2673
2194
2218
2674
2195
2219
2675
2196
2220
2676
42454
42456
42458
15036
42453
42454
42456
14400
15043
15096
15097
15099
42453
14407
15049
15103
15106
14414
15103
15110
15111
15113
14421
15110
15117
15118
15120
14428
15056
15117
15124
15125
15127
14435
15131
15132
15069
15131
42460
42461
42463
2205
2228
2684
42460
42462
42464
42466
2206
2229
2685
2207
2230
2686
2208
2231
2687
2209
2232
2688
2210
2233
2689
2211
2234
2690
15139
15141
15143
14442
15076
15138
15139
15141
14447
15082
15138
15145
15146
14452
15090
15148
15149
15151
2215
2237
2694
15148
15150
15152
15154
2216
2238
2695
2217
2239
2696
2218
2240
2697
2219
2241
2698
2220
2242
2699
2221
2243
2700
2222
2244
2701
42454
42455
42458
42459
42468
42470
42472
42761
42762
42763
15097
42467
42468
42470
14459
15104
15155
15156
15158
42467
15118
15162
15171
14477
15175
15176
15132
15175
42474
42475
42477
2228
2251
2708
42461
42462
42465
42466
42474
42476
42478
42480
42768
42769
42770
2229
2252
2709
2230
2253
2710
2231
2254
2711
2232
2255
2712
2233
2256
2713
2234
2257
2714
2235
2258
2715
15183
15185
15187
14484
15139
15182
15183
15185
14491
15149
15189
15190
15192
2238
2260
2718
15189
15191
15193
15195
42495
42498
42499
2239
2261
2719
2240
2262
2720
2241
2263
2721
2242
2264
2722
2243
2265
2723
2244
2266
2724
2245
2267
2725
2246
2268
2726
42468
42469
42472
42473
42482
42484
42486
42775
42776
42777
15156
42481
42482
42484
15163
15196
15197
15199
42232
42481
15169
15196
15203
15204
15206
42239
15176
15203
42488
42489
42491
2251
2273
2731
42475
42476
42479
42480
42488
42490
42492
42494
42782
42783
42784
2252
2274
2732
2253
2275
2733
2254
2276
2734
2255
2277
2735
2256
2278
2736
2257
2279
2737
2258
2280
2738
2259
2281
2739
15211
15213
15215
42502
42505
42506
14498
15183
15210
15211
15213
15217
42246
42495
42496
42498
2262
2284
2742
42495
42497
42499
42501
2263
2285
2743
2264
2286
2744
2265
2287
2745
2266
2288
2746
2267
2289
2747
2268
2290
2748
2269
2291
2749
2270
2292
2750
42482
42483
42486
42487
2271
2293
2751
15197
15198
15201
15202
42796
42797
42798
2272
2294
2752
15204
15205
15208
15209
42803
42804
42805
2273
2295
2753
42489
42490
42493
42494
2274
2296
2754
2275
2297
2755
2276
2298
2756
2277
2299
2757
2278
2300
2758
2279
2301
2759
2280
2302
2760
2281
2303
2761
42503
42505
42507
42253
42502
42503
42505
14507
15211
15221
15222
42502
14512
15224
15225
15227
42496
2285
2305
2765
15224
15226
15228
15230
42509
42512
42513
2286
2306
2766
2287
2307
2767
2288
2308
2768
2289
2309
2769
2290
2310
2770
2291
2311
2771
2292
2312
2772
2293
2313
2773
2294
2314
2774
2295
2315
2775
2296
2316
2776
2297
2317
2777
2298
2318
2778
2299
2319
2779
2300
2320
2780
2301
2321
2781
2302
2322
2782
2303
2323
2783
2304
2324
2784
15232
15234
15236
42516
42519
42520
14519
15231
15232
15234
42503
15238
42260
42509
42510
42512
2307
2327
2787
42509
42511
42513
42515
42523
42526
42527
2308
2328
2788
2309
2329
2789
2310
2330
2790
2311
2331
2791
2312
2332
2792
2313
2333
2793
2314
2334
2794
2315
2335
2795
2316
2336
2796
2317
2337
2797
2318
2338
2798
2319
2339
2799
2320
2340
2800
2321
2341
2801
2322
2342
2802
2323
2343
2803
2324
2344
2804
42517
42519
42521
42530
42533
42534
42267
42516
42517
42519
14528
15232
15242
15243
42516
14532
15245
15247
42510
15245
42274
42523
42524
42526
2329
2347
2809
42523
42525
42527
42529
42537
42540
42541
2330
2348
2810
2331
2349
2811
2332
2350
2812
2333
2351
2813
2334
2352
2814
2335
2353
2815
2336
2354
2816
2337
2355
2817
2338
2356
2818
2339
2357
2819
2340
2358
2820
2341
2359
2821
2342
2360
2822
2343
2361
2823
2344
2362
2824
42531
42533
42535
42544
42547
42548
42281
42530
42531
42533
14537
15250
15251
15252
42517
42530
14543
15255
15256
15258
42524
15255
42288
42537
42538
42540
2349
2365
2829
42537
42539
42541
42543
42551
42554
42555
2350
2366
2830
2351
2367
2831
2352
2368
2832
2353
2369
2833
2354
2370
2834
2355
2371
2835
2356
2372
2836
2357
2373
2837
2358
2374
2838
2359
2375
2839
2360
2376
2840
2361
2377
2841
2362
2378
2842
42545
42547
42549
42558
42561
42562
42295
42544
42545
42547
14550
15262
15263
15265
42531
42544
14558
15269
15271
15273
42538
15271
42302
42551
42552
42554
2367
2382
2847
15285
15288
15289
42551
42553
42555
42557
2368
2383
2848
42565
42568
42569
2369
2384
2849
2370
2385
2850
2371
2386
2851
2372
2387
2852
2373
2388
2853
2374
2389
2854
2375
2390
2855
2376
2391
2856
2377
2392
2857
42572
42575
42576
2378
2393
2858
15292
15295
15296
42559
42561
42563
42309
42558
42559
42561
14563
15276
15277
15278
42545
42558
14566
15263
15276
15281
14568
15282
15283
42552
14573
15282
15285
15286
15288
15285
42316
42565
42566
42568
2385
2396
2865
15305
15308
15309
42565
42567
42569
42571
2386
2397
2866
15312
15315
15316
2387
2398
2867
15319
15322
15323
2388
2399
2868
15326
15329
15330
2389
2400
2869
15333
15336
15337
2390
2401
2870
15340
15343
15344
2391
2402
2871
15347
15350
15351
2392
2403
2872
15354
15357
15358
42573
42575
42577
42323
42572
42573
42575
14580
15292
15293
15295
42572
14585
15292
15299
15300
42559
14588
15302
15303
42566
14593
15302
15305
15306
15308
14600
15305
15312
15313
15315
14607
15312
15319
15320
15322
14614
15319
15326
15327
15329
14621
15326
15333
15334
15336
14628
15333
15340
15341
15343
14635
15340
15347
15348
15350
14642
15347
15354
15355
15357
14647
15354
15361
15362
42573
14650
15320
15364
15365
14653
15327
15364
15367
15368
14656
15334
15367
15370
15371
14659
15341
15370
15373
15374
14684
15396
15397
15399
14691
15396
15403
15404
15406
14698
15376
15403
15410
15411
15413
14705
15380
15410
15417
15418
15420
14712
15384
15417
15424
15425
15427
14719
15388
15424
15431
15432
15434
14726
15431
15438
15439
15441
14733
15438
15445
15446
15448
14748
15460
15461
15463
15392
15460
42330
42579
42580
42582
2420
2432
2900
15397
15398
15401
15402
42579
42581
42583
42585
2421
2433
2901
15404
15405
15408
15409
2422
2434
2902
15411
15412
15415
15416
2423
2435
2903
15418
15419
15422
15423
2424
2436
2904
15425
15426
15429
15430
2425
2437
2905
15432
15433
15436
15437
2426
2438
2906
15439
15440
15443
15444
2427
2439
2907
15446
15447
15450
15451
42587
42589
42591
15452
42337
42586
42587
42589
14755
15467
15468
15470
42586
15456
15480
42344
42593
42594
42596
2431
2447
2911
15461
15462
15465
15466
42593
42595
42597
42599
2432
2448
2912
42580
42581
42584
42585
2433
2449
2913
2434
2450
2914
2435
2451
2915
2436
2452
2916
2437
2453
2917
2438
2454
2918
2439
2455
2919
2440
2456
2920
2441
2457
2921
42587
42588
42591
42592
2442
2458
2922
15468
15469
15472
15473
42601
42603
42605
15474
42351
42600
42601
42603
14773
15486
15488
42600
14781
15493
15494
15496
15481
15493
42358
42607
42608
42610
2447
2464
2927
42594
42595
42598
42599
42607
42609
42611
42613
2448
2465
2928
2449
2466
2929
2450
2467
2930
2451
2468
2931
2452
2469
2932
2453
2470
2933
2454
2471
2934
2455
2472
2935
2456
2473
2936
2457
2474
2937
2458
2475
2938
2459
2476
2939
2460
2477
2940
42601
42602
42605
42606
42615
42617
42619
15486
42365
42614
42615
42617
14788
15491
15500
15501
15503
42614
15494
15507
42372
42621
42622
42624
2464
2483
2944
42608
42609
42612
42613
42621
42623
42625
42627
2465
2484
2945
2466
2485
2946
2467
2486
2947
2468
2487
2948
2469
2488
2949
2470
2489
2950
2471
2490
2951
2472
2491
2952
2473
2492
2953
2474
2493
2954
2475
2494
2955
2476
2495
2956
2477
2496
2957
2478
2497
2958
2479
2498
2959
42615
42616
42619
42620
42629
42631
42633
15501
42379
42628
42629
42631
14800
15513
15515
42628
15508
15518
42386
42635
42636
42638
2483
2504
2963
42622
42623
42626
42627
42635
42637
42639
42641
2484
2505
2964
2485
2506
2965
2486
2507
2966
2487
2508
2967
2488
2509
2968
2489
2510
2969
2490
2511
2970
2491
2512
2971
2492
2513
2972
2493
2514
2973
2494
2515
2974
2495
2516
2975
2496
2517
2976
2497
2518
2977
2498
2519
2978
2499
2520
2979
2500
2521
2980
42629
42630
42633
42634
42643
42645
42647
15513
42393
42642
42643
42645
14808
15522
15523
42642
14813
15525
15526
15528
2504
2525
2984
15525
15527
15529
15531
42636
42637
42640
42641
2505
2526
2985
2506
2527
2986
2507
2528
2987
2508
2529
2988
2509
2530
2989
2510
2531
2990
2511
2532
2991
2512
2533
2992
2513
2534
2993
42656
42659
42660
2514
2535
2994
42663
42666
42667
2515
2536
2995
2516
2537
2996
2517
2538
2997
2518
2539
2998
2519
2540
2999
2520
2541
3000
2521
2542
3001
2522
2543
3002
2523
2544
3003
15533
15535
15537
42643
42644
42647
42648
14820
15522
15532
15533
15535
15526
15539
42400
42649
42650
42652
2526
2549
3006
42649
42651
42653
42655
2527
2550
3007
2528
2551
3008
2529
2552
3009
2530
2553
3010
2531
2554
3011
2532
2555
3012
2533
2556
3013
42677
42680
42681
2534
2557
3014
15553
15556
15557
42657
42659
42661
42964
42965
42966
42656
42657
42659
42656
42663
42664
42666
2537
2560
3017
15572
15575
15576
42663
42665
42667
42669
42971
42972
42973
2538
2561
3018
42684
42687
42688
2539
2562
3019
2540
2563
3020
2541
2564
3021
2542
2565
3022
2543
2566
3023
2544
2567
3024
2545
2568
3025
42671
42673
42675
15533
42407
42670
42671
42673
14829
15543
15544
42670
14834
15546
15547
15549
2549
2572
3029
15546
15548
15550
15552
42650
42651
42654
42655
2550
2573
3030
2551
2574
3031
2552
2575
3032
2553
2576
3033
2554
2577
3034
2555
2578
3035
2556
2579
3036
42678
42680
42682
42691
42694
42695
42985
42986
42987
42677
42678
42680
15553
15554
15556
42414
42677
14841
15553
15560
15561
15563
42657
14848
15560
15566
15567
15569
42664
15566
15572
15573
15575
42421
15572
42684
42685
42687
2563
2585
3043
42684
42686
42688
42690
42698
42701
42702
42992
42993
42994
2564
2586
3044
2565
2587
3045
2566
2588
3046
2567
2589
3047
2568
2590
3048
2569
2591
3049
2570
2592
3050
15580
15582
15584
42671
42672
42675
42676
14855
15543
15579
15580
15582
14862
15547
15586
15587
15589
2573
2595
3053
15586
15588
15590
15592
2574
2596
3054
2575
2597
3055
2576
2598
3056
2577
2599
3057
2578
2600
3058
2579
2601
3059
42692
42694
42696
42691
42692
42694
15593
15594
15596
42428
42678
42691
14869
15554
15593
15604
15605
15607
15604
15611
15612
15614
15618
15624
15625
15627
42435
42685
15624
42698
42699
42701
2587
2610
3067
42698
42700
42702
42704
2588
2611
3068
2589
2612
3069
2590
2613
3070
2591
2614
3071
2592
2615
3072
2593
2616
3073
15631
15633
15635
14895
15580
15630
15631
15633
14906
15587
15637
15641
15642
15644
2596
2620
3076
15641
15643
15645
15647
2597
2621
3077
2598
2622
3078
2599
2623
3079
2600
2624
3080
2601
2625
3081
2602
2626
3082
15649
15651
15653
42719
42722
42723
43013
43014
43015
15648
15649
15651
42442
42692
14913
15594
15648
14920
15599
15655
42705
42706
42708
2606
2630
3086
14927
14928
14929
14930
15605
15606
15609
15610
42705
42707
42709
42711
2607
2631
3087
14934
14935
14936
14937
15612
15613
15616
15617
42713
42715
42717
14941
15619
42712
42713
42715
15661
15662
42712
15660
15665
15666
15668
42449
42699
2611
2635
3091
15665
15667
15669
15671
42726
42729
42730
43020
43021
43022
2612
2636
3092
2613
2637
3093
2614
2638
3094
2615
2639
3095
2616
2640
3096
2617
2641
3097
15673
15675
15677
14955
15631
15672
15673
15675
14960
15672
15679
15680
14969
15642
15682
15686
15687
15689
2621
2645
3101
15686
15688
15690
15692
2622
2646
3102
2623
2647
3103
2624
2648
3104
2625
2649
3105
2626
2650
3106
42720
42722
42724
42719
42720
42722
14976
15649
15693
15694
15696
42719
15699
15700
15702
2630
2654
3110
14989
14990
14991
14992
15699
15701
15703
15705
42706
42707
42710
42711
2631
2655
3111
2632
2656
3112
2633
2657
3113
14996
14997
14998
14999
15707
15709
15711
42713
42714
42717
42718
15003
15661
15706
15707
15709
15010
15666
15713
15714
15716
15713
42726
42727
42729
2637
2661
3117
42726
42728
42730
42732
2638
2662
3118
2639
2663
3119
2640
2664
3120
2641
2665
3121
2642
2666
3122
15720
15722
15724
15017
15673
15719
15720
15722
15022
15679
15719
15726
15727
15031
15687
15729
15733
15734
15736
2646
2670
3126
15733
15735
15737
15739
2647
2671
3127
2648
2672
3128
2649
2673
3129
2650
2674
3130
2651
2675
3131
42734
42736
42738
42720
42733
42734
42736
15038
15694
15740
15741
15743
42733
15700
15746
15747
15749
2655
2678
3135
15051
15052
15053
15054
15746
15748
15750
15752
42747
42750
42751
2656
2679
3136
2657
2680
3137
2658
2681
3138
15058
15059
15060
15061
15754
15756
15758
42754
42757
42758
15064
15707
15753
15754
15756
15071
15714
15760
15761
15760
42727
42740
42741
42743
2662
2685
3142
42740
42742
42744
42746
2663
2686
3143
2664
2687
3144
2665
2688
3145
2666
2689
3146
2667
2690
3147
15767
15769
15771
15078
15720
15766
15767
15769
15083
15726
15766
15773
15774
15092
15734
15776
15780
15781
15783
2671
2694
3151
15780
15782
15784
15786
2672
2695
3152
2673
2696
3153
2674
2697
3154
2675
2698
3155
2676
2699
3156
2677
2700
3157
15788
15790
15792
42734
42735
42738
42739
43055
43056
43057
15741
15787
15788
15790
42456
15106
15794
42747
42748
42750
2680
2704
3161
15113
15114
15115
15116
15840
15843
15844
42747
42749
42751
42753
2681
2705
3162
15120
15121
15122
15123
15847
15850
15851
42755
42757
42759
15127
42754
42755
42757
15134
15754
15800
15802
42754
15761
15805
15806
15808
42463
2685
2709
3165
15805
15807
15809
15811
42741
42742
42745
42746
43062
43063
43064
2686
2710
3166
2687
2711
3167
2688
2712
3168
2689
2713
3169
2690
2714
3170
2691
2715
3171
15813
15815
15817
15141
15767
15812
15813
15815
15146
15773
15812
15819
15820
15151
15781
15822
15823
15825
2695
2718
3175
15822
15824
15826
15828
2696
2719
3176
2697
2720
3177
2698
2721
3178
2699
2722
3179
2700
2723
3180
2701
2724
3181
42762
42764
42766
15788
42761
42762
42764
15795
15829
15830
15832
42470
42761
15835
15837
42748
15165
15835
15840
15841
15843
15171
15840
15847
15848
15850
15178
15847
15854
15856
42755
15859
15860
42477
15806
15859
42768
42769
42771
2710
2733
3189
42768
42770
42772
42774
2711
2734
3190
2712
2735
3191
2713
2736
3192
2714
2737
3193
2715
2738
3194
2716
2739
3195
15866
15868
15870
15185
15813
15865
15866
15868
15192
15823
15872
15873
15875
2719
2741
3198
15872
15874
15876
15878
42789
42792
42793
2720
2742
3199
2721
2743
3200
2722
2744
3201
2723
2745
3202
2724
2746
3203
2725
2747
3204
2726
2748
3205
42762
42763
42766
42767
42776
42778
42780
43083
43084
43085
15830
42775
42776
42778
15836
15879
15880
15882
42484
42775
15199
15879
15886
15887
15889
15206
15886
15892
15893
15892
15898
15899
15901
42491
15860
15898
42782
42783
42785
2733
2755
3211
42769
42770
42773
42774
42782
42784
42786
42788
43090
43091
43092
2734
2756
3212
2735
2757
3213
2736
2758
3214
2737
2759
3215
2738
2760
3216
2739
2761
3217
2740
2762
3218
15906
15908
15910
42810
42813
42814
15213
15866
15905
15906
15908
15912
42498
42789
42790
42792
2743
2765
3221
42789
42791
42793
42795
2744
2766
3222
2745
2767
3223
2746
2768
3224
2747
2769
3225
2748
2770
3226
2749
2771
3227
2750
2772
3228
42776
42777
42780
42781
2751
2773
3229
15880
15881
15884
15885
42797
42799
42801
43104
43105
43106
15887
42796
42797
42799
15893
42796
42803
42804
42806
2754
2776
3232
15899
15900
15903
15904
42803
42805
42807
42809
43111
43112
43113
2755
2777
3233
42783
42784
42787
42788
2756
2778
3234
2757
2779
3235
2758
2780
3236
2759
2781
3237
2760
2782
3238
2761
2783
3239
2762
2784
3240
42811
42813
42815
42505
42810
42811
42813
15222
15906
15916
15917
42810
15227
15919
15920
15922
42790
2766
2786
3244
15919
15921
15923
15925
42817
42820
42821
2767
2787
3245
2768
2788
3246
2769
2789
3247
2770
2790
3248
2771
2791
3249
2772
2792
3250
2773
2793
3251
2774
2794
3252
2775
2795
3253
42797
42798
42801
42802
2776
2796
3254
42804
42805
42808
42809
2777
2797
3255
2778
2798
3256
2779
2799
3257
2780
2800
3258
2781
2801
3259
2782
2802
3260
2783
2803
3261
2784
2804
3262
2785
2805
3263
15927
15929
15931
42824
42827
42828
15234
15926
15927
15929
42811
15933
42512
42817
42818
42820
2788
2808
3266
42817
42819
42821
42823
42831
42834
42835
2789
2809
3267
2790
2810
3268
2791
2811
3269
2792
2812
3270
2793
2813
3271
2794
2814
3272
2795
2815
3273
2796
2816
3274
2797
2817
3275
2798
2818
3276
2799
2819
3277
2800
2820
3278
2801
2821
3279
2802
2822
3280
2803
2823
3281
2804
2824
3282
2805
2825
3283
42825
42827
42829
42838
42841
42842
42519
42824
42825
42827
15243
15927
15937
15938
42824
15247
15940
15942
42818
15940
42526
42831
42832
42834
2810
2828
3288
42831
42833
42835
42837
42845
42848
42849
2811
2829
3289
2812
2830
3290
2813
2831
3291
2814
2832
3292
2815
2833
3293
2816
2834
3294
2817
2835
3295
2818
2836
3296
2819
2837
3297
2820
2838
3298
2821
2839
3299
2822
2840
3300
2823
2841
3301
2824
2842
3302
2825
2843
3303
42839
42841
42843
42852
42855
42856
42533
42838
42839
42841
15252
15945
15946
15947
42825
42838
15258
15950
15951
15953
42832
15950
42540
42845
42846
42848
2830
2846
3308
42845
42847
42849
42851
42859
42862
42863
2831
2847
3309
2832
2848
3310
2833
2849
3311
2834
2850
3312
2835
2851
3313
2836
2852
3314
2837
2853
3315
2838
2854
3316
2839
2855
3317
2840
2856
3318
2841
2857
3319
2842
2858
3320
2843
2859
3321
42853
42855
42857
42866
42869
42870
42547
42852
42853
42855
15265
15957
15958
15960
42839
42852
15273
15964
15966
15968
42846
15966
42554
42859
42860
42862
2848
2863
3326
15980
15983
15984
42859
42861
42863
42865
2849
2864
3327
42873
42876
42877
2850
2865
3328
2851
2866
3329
2852
2867
3330
2853
2868
3331
2854
2869
3332
2855
2870
3333
2856
2871
3334
2857
2872
3335
2858
2873
3336
42880
42883
42884
2859
2874
3337
15987
15990
15991
42867
42869
42871
42561
42866
42867
42869
15278
15971
15972
15973
42853
42866
15281
15958
15971
15976
15283
15977
15978
42860
15288
15977
15980
15981
15983
15980
42568
42873
42874
42876
2866
2877
3344
16000
16003
16004
42873
42875
42877
42879
2867
2878
3345
16007
16010
16011
2868
2879
3346
16014
16017
16018
2869
2880
3347
16021
16024
16025
2870
2881
3348
16028
16031
16032
2871
2882
3349
16035
16038
16039
2872
2883
3350
16042
16045
16046
2873
2884
3351
16049
16052
16053
42881
42883
42885
42575
42880
42881
42883
15295
15987
15988
15990
42880
15300
15987
15994
15995
42867
15303
15997
15998
42874
15308
15997
16000
16001
16003
15315
16000
16007
16008
16010
15322
16007
16014
16015
16017
15329
16014
16021
16022
16024
15336
16021
16028
16029
16031
15343
16028
16035
16036
16038
15350
16035
16042
16043
16045
15357
16042
16049
16050
16052
15362
16049
16056
16057
42881
15365
16015
16059
16060
15368
16022
16059
16062
16063
15371
16029
16062
16065
16066
15374
16036
16065
16068
16069
15399
16091
16092
16094
15406
16091
16098
16099
16101
15413
16071
16098
16105
16106
16108
15420
16075
16105
16112
16113
16115
15427
16079
16112
16119
16120
16122
15434
16083
16119
16126
16127
16129
15441
16126
16133
16134
16136
15448
16133
16140
16141
16143
15463
16155
16156
16158
16087
16155
42582
42887
42888
42890
2901
2913
3379
16092
16093
16096
16097
42887
42889
42891
42893
2902
2914
3380
16099
16100
16103
16104
2903
2915
3381
16106
16107
16110
16111
2904
2916
3382
16113
16114
16117
16118
2905
2917
3383
16120
16121
16124
16125
2906
2918
3384
16127
16128
16131
16132
2907
2919
3385
16134
16135
16138
16139
2908
2920
3386
16141
16142
16145
16146
42895
42897
42899
16147
42589
42894
42895
42897
15470
16162
16163
16165
42894
16151
16175
42596
42901
42902
42904
2912
2928
3390
16156
16157
16160
16161
42901
42903
42905
42907
2913
2929
3391
42888
42889
42892
42893
2914
2930
3392
2915
2931
3393
2916
2932
3394
2917
2933
3395
2918
2934
3396
2919
2935
3397
2920
2936
3398
2921
2937
3399
2922
2938
3400
42895
42896
42899
42900
2923
2939
3401
16163
16164
16167
16168
42909
42911
42913
16169
42603
42908
42909
42911
15488
16181
16183
42908
15496
16188
16189
16191
16176
16188
42610
42915
42916
42918
2928
2945
3406
42902
42903
42906
42907
42915
42917
42919
42921
2929
2946
3407
2930
2947
3408
2931
2948
3409
2932
2949
3410
2933
2950
3411
2934
2951
3412
2935
2952
3413
2936
2953
3414
2937
2954
3415
2938
2955
3416
2939
2956
3417
2940
2957
3418
2941
2958
3419
42909
42910
42913
42914
42923
42925
42927
16181
42617
42922
42923
42925
15503
16186
16195
16196
16198
42922
16189
16202
42624
42929
42930
42932
2945
2964
3423
42916
42917
42920
42921
42929
42931
42933
42935
2946
2965
3424
2947
2966
3425
2948
2967
3426
2949
2968
3427
2950
2969
3428
2951
2970
3429
2952
2971
3430
2953
2972
3431
2954
2973
3432
2955
2974
3433
2956
2975
3434
2957
2976
3435
2958
2977
3436
2959
2978
3437
2960
2979
3438
42923
42924
42927
42928
42937
42939
42941
16196
42631
42936
42937
42939
15515
16208
16210
42936
16203
16213
42638
42943
42944
42946
2964
2985
3442
42930
42931
42934
42935
42943
42945
42947
42949
2965
2986
3443
2966
2987
3444
2967
2988
3445
2968
2989
3446
2969
2990
3447
2970
2991
3448
2971
2992
3449
2972
2993
3450
2973
2994
3451
2974
2995
3452
2975
2996
3453
2976
2997
3454
2977
2998
3455
2978
2999
3456
2979
3000
3457
2980
3001
3458
2981
3002
3459
42937
42938
42941
42942
42951
42953
42955
16208
42645
42950
42951
42953
15523
16217
16218
42950
15528
16220
16221
16223
2985
3006
3463
16220
16222
16224
16226
42944
42945
42948
42949
2986
3007
3464
2987
3008
3465
2988
3009
3466
2989
3010
3467
2990
3011
3468
2991
3012
3469
2992
3013
3470
2993
3014
3471
42964
42967
42968
43265
43266
43267
2994
3015
3472
16238
16241
16242
43272
43273
43274
2995
3016
3473
16245
16248
16249
43279
43280
43281
2996
3017
3474
42971
42974
42975
43286
43287
43288
2997
3018
3475
2998
3019
3476
2999
3020
3477
3000
3021
3478
3001
3022
3479
3002
3023
3480
3003
3024
3481
3004
3025
3482
16228
16230
16232
42951
42952
42955
42956
15535
16217
16227
16228
16230
16221
16234
42652
42957
42958
42960
3007
3030
3485
42957
42959
42961
42963
3008
3031
3486
3009
3032
3487
3010
3033
3488
3011
3034
3489
3012
3035
3490
3013
3036
3491
42985
42988
42989
3014
3037
3492
16262
16265
16266
16983
16984
16985
42965
42967
42969
42964
42965
42967
16238
16239
16241
42659
42964
16238
16245
16246
16248
42666
16245
42971
42972
42974
3019
3042
3497
16291
16294
16295
17014
17015
17016
42971
42973
42975
42977
3020
3043
3498
42992
42995
42996
3021
3044
3499
3022
3045
3500
3023
3046
3501
3024
3047
3502
3025
3048
3503
3026
3049
3504
42979
42981
42983
16228
42673
42978
42979
42981
15544
16252
16253
42978
15549
16255
16256
16258
3030
3053
3508
16255
16257
16259
16261
42958
42959
42962
42963
3031
3054
3509
3032
3055
3510
3033
3056
3511
3034
3057
3512
3035
3058
3513
3036
3059
3514
42986
42988
42990
42985
42986
42988
16262
16263
16265
42680
42985
15556
16262
16269
16270
16271
42965
15563
16239
16269
16275
15569
16246
16275
16280
15575
16280
16285
16287
42972
16285
16291
16292
16294
42687
16291
42992
42993
42995
3045
3067
3522
42992
42994
42996
42998
3046
3068
3523
3047
3069
3524
3048
3070
3525
3049
3071
3526
3050
3072
3527
3051
3073
3528
16299
16301
16303
42979
42980
42983
42984
15582
16252
16298
16299
16301
15589
16256
16305
16306
16308
3054
3076
3531
16305
16307
16309
16311
3055
3077
3532
3056
3078
3533
3057
3079
3534
3058
3080
3535
3059
3081
3536
3060
3082
3537
16313
16315
16317
17098
17099
17100
43013
43016
43017
16312
16313
16315
42694
42986
15596
16263
16312
16323
16324
16326
15607
16276
16323
42999
43000
43002
15614
16281
42999
43006
43007
43009
15621
16330
16331
16333
43006
16337
16342
16343
16345
42701
42993
3068
3091
3546
16342
16344
16346
16348
17131
17132
17133
43020
43023
43024
3069
3092
3547
3070
3093
3548
3071
3094
3549
3072
3095
3550
3073
3096
3551
3074
3097
3552
16350
16352
16354
15633
16299
16349
16350
16352
15644
16306
16356
16360
16361
16363
3077
3101
3555
16360
16362
16364
16366
3078
3102
3556
3079
3103
3557
3080
3104
3558
3081
3105
3559
3082
3106
3560
43014
43016
43018
43321
43322
43323
43013
43014
43016
15651
16313
16367
16368
16369
43013
16373
16374
16376
3086
3110
3563
16324
16325
16328
16329
16373
16375
16377
16379
42708
42709
42710
42711
3087
3111
3564
43000
43001
43004
43005
3088
3112
3565
43007
43008
43011
43012
3089
3113
3566
16331
16332
16335
16336
16381
16383
16385
42715
42716
42717
42718
15662
16338
16380
16381
16383
15668
16343
16387
16387
43020
43021
43023
3093
3117
3570
43020
43022
43024
43026
43342
43343
43344
3094
3118
3571
3095
3119
3572
3096
3120
3573
3097
3121
3574
3098
3122
3575
16394
16396
16398
15675
16350
16393
16394
16396
15680
16393
16400
16401
15689
16361
16403
16407
16408
16410
3102
3126
3579
16407
16409
16411
16413
3103
3127
3580
3104
3128
3581
3105
3129
3582
3106
3130
3583
3107
3131
3584
16415
16417
16419
43349
43350
43351
16414
16415
16417
42722
43014
15696
16368
16414
16422
15702
16374
16421
43027
43028
43030
3111
3135
3588
43027
43029
43031
43033
3112
3136
3589
3113
3137
3590
3114
3138
3591
43035
43037
43039
15709
16381
43034
43035
43037
16427
16429
43034
16426
16431
16432
16434
42729
43021
3118
3142
3595
16431
16433
16435
16437
43356
43357
43358
3119
3143
3596
3120
3144
3597
3121
3145
3598
3122
3146
3599
3123
3147
3600
16439
16441
16443
15722
16394
16438
16439
16441
15727
16400
16438
16445
16446
15736
16408
16448
16452
16453
16455
3127
3151
3604
16452
16454
16456
16458
3128
3152
3605
3129
3153
3606
3130
3154
3607
3131
3155
3608
3132
3156
3609
16460
16462
16464
43363
43364
43365
16415
16459
16460
16462
42736
15743
16422
16459
16467
15749
16466
43028
43041
43042
43044
3136
3160
3613
43041
43043
43045
43047
3137
3161
3614
3138
3162
3615
3139
3163
3616
43049
43051
43053
15756
43035
43048
43049
43051
16427
16472
16474
43048
16432
16471
16476
16477
16479
42743
3143
3166
3620
16476
16478
16480
16482
43370
43371
43372
3144
3167
3621
3145
3168
3622
3146
3169
3623
3147
3170
3624
3148
3171
3625
16484
16486
16488
15769
16439
16483
16484
16486
15774
16445
16483
16490
16491
15783
16453
16493
16497
16498
16500
3152
3175
3629
16497
16499
16501
16503
3153
3176
3630
3154
3177
3631
3155
3178
3632
3156
3179
3633
3157
3180
3634
43056
43058
43060
43377
43378
43379
16460
43055
43056
43058
15790
16467
16504
16506
43055
15797
16510
16511
16513
43042
3161
3183
3638
16510
16512
16514
16516
16560
16563
16564
42750
42751
42752
42753
3162
3184
3639
43069
43072
43073
3163
3185
3640
43076
43079
43080
3164
3186
3641
16518
16520
16522
16567
16570
16571
42757
42758
42759
42760
15802
16517
16518
16520
43049
16477
16524
43062
43063
43065
3167
3190
3645
43062
43064
43066
43068
43398
43399
43400
3168
3191
3646
3169
3192
3647
3170
3193
3648
3171
3194
3649
3172
3195
3650
16532
16534
16536
15815
16484
16531
16532
16534
15820
16490
16531
16538
16539
15825
16498
16541
16542
16544
3176
3198
3654
16541
16543
16545
16547
3177
3199
3655
3178
3200
3656
3179
3201
3657
3180
3202
3658
3181
3203
3659
3182
3204
3660
16549
16551
16553
17337
17338
17339
43056
43057
43060
43061
16504
16548
16549
16551
42764
15837
16555
16560
16561
16563
15843
16560
43069
43070
43072
15850
43069
43076
43077
43079
15856
16567
16568
16570
43076
16518
16567
16575
16525
16578
16579
16581
42771
3190
3212
3669
16578
16580
16582
16584
17370
17371
17372
43063
43064
43067
43068
3191
3213
3670
3192
3214
3671
3193
3215
3672
3194
3216
3673
3195
3217
3674
3196
3218
3675
16586
16588
16590
15868
16532
16585
16586
16588
15875
16542
16592
16593
16595
3199
3220
3678
16592
16594
16596
16598
43097
43100
43101
3200
3221
3679
3201
3222
3680
3202
3223
3681
3203
3224
3682
3204
3225
3683
3205
3226
3684
43084
43086
43088
16549
43083
43084
43086
16556
16599
16600
16602
42778
43083
15882
16599
16606
16612
16615
43070
16612
16617
16620
43077
16622
16629
16630
16632
42785
16579
16629
43090
43091
43093
3213
3235
3693
43090
43092
43094
43096
3214
3236
3694
3215
3237
3695
3216
3238
3696
3217
3239
3697
3218
3240
3698
3219
3241
3699
16637
16639
16641
43118
43121
43122
15908
16586
16636
16637
16639
16643
42792
43097
43098
43100
3222
3244
3702
43097
43099
43101
43103
3223
3245
3703
3224
3246
3704
3225
3247
3705
3226
3248
3706
3227
3249
3707
3228
3250
3708
43084
43085
43088
43089
3229
3251
3709
16600
16601
16604
16605
17454
17455
17456
43105
43107
43109
16606
43104
43105
43107
16613
16647
16648
16650
42799
43104
16618
16647
16654
16655
16657
42806
16623
16654
43111
43112
43114
3234
3256
3714
16630
16631
16634
16635
17485
17486
17487
43111
43113
43115
43117
3235
3257
3715
43091
43092
43095
43096
3236
3258
3716
3237
3259
3717
3238
3260
3718
3239
3261
3719
3240
3262
3720
3241
3263
3721
43119
43121
43123
42813
43118
43119
43121
15917
16637
16661
16662
43118
15922
16664
16665
16667
43098
3245
3265
3725
16664
16666
16668
16670
43125
43128
43129
3246
3266
3726
3247
3267
3727
3248
3268
3728
3249
3269
3729
3250
3270
3730
3251
3271
3731
3252
3272
3732
3253
3273
3733
43105
43106
43109
43110
43433
43434
43435
3254
3274
3734
16648
16649
16652
16653
43440
43441
43442
3255
3275
3735
16655
16656
16659
16660
43447
43448
43449
3256
3276
3736
43112
43113
43116
43117
43454
43455
43456
3257
3277
3737
3258
3278
3738
3259
3279
3739
3260
3280
3740
3261
3281
3741
3262
3282
3742
3263
3283
3743
3264
3284
3744
16672
16674
16676
43132
43135
43136
15929
16671
16672
16674
43119
16678
42820
43125
43126
43128
3267
3287
3747
43125
43127
43129
43131
43139
43142
43143
3268
3288
3748
3269
3289
3749
3270
3290
3750
3271
3291
3751
3272
3292
3752
3273
3293
3753
3274
3294
3754
3275
3295
3755
3276
3296
3756
3277
3297
3757
3278
3298
3758
3279
3299
3759
3280
3300
3760
3281
3301
3761
3282
3302
3762
3283
3303
3763
3284
3304
3764
43133
43135
43137
43146
43149
43150
42827
43132
43133
43135
15938
16672
16682
16683
43132
15942
16685
16687
43126
16685
42834
43139
43140
43142
3289
3307
3769
43139
43141
43143
43145
43153
43156
43157
3290
3308
3770
3291
3309
3771
3292
3310
3772
3293
3311
3773
3294
3312
3774
3295
3313
3775
3296
3314
3776
3297
3315
3777
3298
3316
3778
3299
3317
3779
3300
3318
3780
3301
3319
3781
3302
3320
3782
3303
3321
3783
3304
3322
3784
43147
43149
43151
43160
43163
43164
42841
43146
43147
43149
15947
16690
16691
16692
43133
43146
15953
16695
16696
16698
43140
16695
42848
43153
43154
43156
3309
3325
3789
43153
43155
43157
43159
43167
43170
43171
3310
3326
3790
3311
3327
3791
3312
3328
3792
3313
3329
3793
3314
3330
3794
3315
3331
3795
3316
3332
3796
3317
3333
3797
3318
3334
3798
3319
3335
3799
3320
3336
3800
3321
3337
3801
3322
3338
3802
43161
43163
43165
43174
43177
43178
42855
43160
43161
43163
15960
16702
16703
16705
43147
43160
15968
16709
16711
16713
43154
16711
42862
43167
43168
43170
3327
3342
3807
16725
16728
16729
43167
43169
43171
43173
3328
3343
3808
43181
43184
43185
3329
3344
3809
3330
3345
3810
3331
3346
3811
3332
3347
3812
3333
3348
3813
3334
3349
3814
3335
3350
3815
3336
3351
3816
3337
3352
3817
43188
43191
43192
3338
3353
3818
16732
16735
16736
43175
43177
43179
42869
43174
43175
43177
15973
16716
16717
16718
43161
43174
15976
16703
16716
16721
15978
16722
16723
43168
15983
16722
16725
16726
16728
16725
42876
43181
43182
43184
3345
3356
3825
16745
16748
16749
43181
43183
43185
43187
3346
3357
3826
16752
16755
16756
3347
3358
3827
16759
16762
16763
3348
3359
3828
16766
16769
16770
3349
3360
3829
16773
16776
16777
3350
3361
3830
16780
16783
16784
3351
3362
3831
16787
16790
16791
3352
3363
3832
16794
16797
16798
43189
43191
43193
42883
43188
43189
43191
15990
16732
16733
16735
43188
15995
16732
16739
16740
43175
15998
16742
16743
43182
16003
16742
16745
16746
16748
16010
16745
16752
16753
16755
16017
16752
16759
16760
16762
16024
16759
16766
16767
16769
16031
16766
16773
16774
16776
16038
16773
16780
16781
16783
16045
16780
16787
16788
16790
16052
16787
16794
16795
16797
16057
16794
16801
16802
43189
16060
16760
16804
16805
16063
16767
16804
16807
16808
16066
16774
16807
16810
16811
16069
16781
16810
16813
16814
16094
16836
16837
16839
16101
16836
16843
16844
16846
16108
16816
16843
16850
16851
16853
16115
16820
16850
16857
16858
16860
16122
16824
16857
16864
16865
16867
16129
16828
16864
16871
16872
16874
16136
16871
16878
16879
16881
16143
16878
16885
16886
16888
16158
16900
16901
16903
16832
16900
42890
43195
43196
43198
3380
3392
3860
16837
16838
16841
16842
43195
43197
43199
43201
3381
3393
3861
16844
16845
16848
16849
3382
3394
3862
16851
16852
16855
16856
3383
3395
3863
16858
16859
16862
16863
3384
3396
3864
16865
16866
16869
16870
3385
3397
3865
16872
16873
16876
16877
3386
3398
3866
16879
16880
16883
16884
3387
3399
3867
16886
16887
16890
16891
43203
43205
43207
16892
42897
43202
43203
43205
16165
16907
16908
16910
43202
16896
16920
42904
43209
43210
43212
3391
3407
3871
16901
16902
16905
16906
43209
43211
43213
43215
3392
3408
3872
43196
43197
43200
43201
3393
3409
3873
3394
3410
3874
3395
3411
3875
3396
3412
3876
3397
3413
3877
3398
3414
3878
3399
3415
3879
3400
3416
3880
3401
3417
3881
43203
43204
43207
43208
3402
3418
3882
16908
16909
16912
16913
43217
43219
43221
16914
42911
43216
43217
43219
16183
16926
16928
43216
16191
16933
16934
16936
16921
16933
42918
43223
43224
43226
3407
3424
3887
43210
43211
43214
43215
43223
43225
43227
43229
3408
3425
3888
3409
3426
3889
3410
3427
3890
3411
3428
3891
3412
3429
3892
3413
3430
3893
3414
3431
3894
3415
3432
3895
3416
3433
3896
3417
3434
3897
3418
3435
3898
3419
3436
3899
3420
3437
3900
43217
43218
43221
43222
43231
43233
43235
16926
42925
43230
43231
43233
16198
16931
16940
16941
16943
43230
16934
16947
42932
43237
43238
43240
3424
3443
3904
43224
43225
43228
43229
43237
43239
43241
43243
3425
3444
3905
3426
3445
3906
3427
3446
3907
3428
3447
3908
3429
3448
3909
3430
3449
3910
3431
3450
3911
3432
3451
3912
3433
3452
3913
3434
3453
3914
3435
3454
3915
3436
3455
3916
3437
3456
3917
3438
3457
3918
3439
3458
3919
43231
43232
43235
43236
43245
43247
43249
16941
42939
43244
43245
43247
16210
16953
16955
43244
16948
16958
42946
43251
43252
43254
3443
3464
3923
43238
43239
43242
43243
43251
43253
43255
43257
3444
3465
3924
3445
3466
3925
3446
3467
3926
3447
3468
3927
3448
3469
3928
3449
3470
3929
3450
3471
3930
43265
43268
43269
3451
3472
3931
43272
43275
43276
3452
3473
3932
43279
43282
43283
3453
3474
3933
43286
43289
43290
3454
3475
3934
3455
3476
3935
3456
3477
3936
3457
3478
3937
3458
3479
3938
3459
3480
3939
3460
3481
3940
43245
43246
43249
43250
43259
43261
43263
16953
42953
43258
43259
43261
16218
16962
16963
43258
16223
16965
16966
16968
3464
3485
3944
16965
16967
16969
16971
43252
43253
43256
43257
3465
3486
3945
3466
3487
3946
3467
3488
3947
3468
3489
3948
3469
3490
3949
3470
3491
3950
3471
3492
3951
16983
16986
16987
43266
43268
43270
43601
43602
43603
43265
43266
43268
43265
43272
43273
43275
43272
43279
43280
43282
43279
43286
43287
43289
3476
3497
3956
17014
17017
17018
43286
43288
43290
43292
43608
43609
43610
3477
3498
3957
3478
3499
3958
3479
3500
3959
3480
3501
3960
3481
3502
3961
3482
3503
3962
3483
3504
3963
16973
16975
16977
43259
43260
43263
43264
16230
16962
16972
16973
16975
16966
16979
42960
43293
43294
43296
3486
3509
3966
43293
43295
43297
43299
3487
3510
3967
3488
3511
3968
3489
3512
3969
3490
3513
3970
3491
3514
3971
3492
3515
3972
16984
16986
16988
17031
17034
17035
41055
41056
41057
16983
16984
16986
16983
16990
16991
16993
42967
43266
16241
16990
16996
16997
16999
43273
16248
16996
17002
17003
17005
43280
17002
17008
17009
17011
42974
43287
17008
17014
17015
17017
3499
3521
3979
17014
17016
17018
17020
17077
17080
17081
41062
41063
41064
3500
3522
3980
3501
3523
3981
3502
3524
3982
3503
3525
3983
3504
3526
3984
3505
3527
3985
43301
43303
43305
16973
42981
43300
43301
43303
16253
17021
17022
43300
16258
17024
17025
17027
3509
3531
3989
17024
17026
17028
17030
43294
43295
43298
43299
3510
3532
3990
3511
3533
3991
3512
3534
3992
3513
3535
3993
3514
3536
3994
3515
3537
3995
17032
17034
17036
17098
17101
17102
41069
41070
41071
17031
17032
17034
42988
16265
16984
17031
17038
17039
17041
17044
17051
17052
17054
17051
17058
17059
17061
17058
17065
17067
16294
17015
17071
17071
17077
17078
17080
42995
3523
3546
4003
17077
17079
17081
17083
17131
17134
17135
41076
41077
41078
3524
3547
4004
3525
3548
4005
3526
3549
4006
3527
3550
4007
3528
3551
4008
3529
3552
4009
17085
17087
17089
43301
43302
43305
43306
16301
17021
17084
17085
17087
16308
17025
17091
17092
17094
3532
3555
4012
17091
17093
17095
17097
3533
3556
4013
3534
3557
4014
3535
3558
4015
3536
3559
4016
3537
3560
4017
17099
17101
17103
43321
43324
43325
43643
43644
43645
17098
17099
17101
16315
17032
17098
17105
17106
17108
17111
17112
17114
16326
17045
17111
43307
43308
43310
3542
3564
4021
17052
17053
17056
17057
43002
43003
43004
43005
43307
43309
43311
43313
3543
3565
4022
17059
17060
17063
17064
43009
43010
43011
43012
43315
43317
43319
16333
17065
43314
43315
43317
16339
17072
17118
17119
17121
43314
16345
17078
17125
17125
17131
17132
17134
3548
3570
4027
17131
17133
17135
17137
43342
43345
43346
43664
43665
43666
3549
3571
4028
3550
3572
4029
3551
3573
4030
3552
3574
4031
3553
3575
4032
17139
17141
17143
16352
17085
17138
17139
17141
16363
17092
17145
17149
17150
17152
3556
3579
4035
17149
17151
17153
17155
3557
3580
4036
3558
3581
4037
3559
3582
4038
3560
3583
4039
43322
43324
43326
43321
43322
43324
17099
17156
17157
17159
43016
43321
16376
17112
17162
43328
43329
43331
3564
3588
4044
43308
43309
43312
43313
43328
43330
43332
43334
3565
3589
4045
3566
3590
4046
3567
3591
4047
43315
43316
43319
43320
43336
43338
43340
16383
17119
43335
43336
43338
16389
17126
17169
17171
43335
17132
17175
17176
17178
43023
17175
43342
43343
43345
3572
3596
4051
43342
43344
43346
43348
3573
3597
4052
3574
3598
4053
3575
3599
4054
3576
3600
4055
17182
17184
17186
16396
17139
17181
17182
17184
16401
17181
17188
17189
16410
17150
17191
17195
17196
17198
3580
3604
4059
17195
17197
17199
17201
3581
3605
4060
3582
3606
4061
3583
3607
4062
3584
3608
4063
43350
43352
43354
43322
43349
43350
43352
16417
17157
17202
17203
17205
43349
17163
17208
17209
17211
3588
3612
4067
17208
17210
17212
17214
43030
43031
43032
43033
43329
43330
43333
43334
3589
3613
4068
3590
3614
4069
3591
3615
4070
3592
3616
4071
3593
3617
4072
17216
17218
17220
43037
43038
43039
43040
43336
43337
43340
43341
16429
17169
17215
17216
17218
16434
17176
17222
17223
17222
43343
43356
43357
43359
3597
3621
4076
43356
43358
43360
43362
3598
3622
4077
3599
3623
4078
3600
3624
4079
3601
3625
4080
17229
17231
17233
16441
17182
17228
17229
17231
16446
17188
17228
17235
17236
16455
17196
17238
17242
17243
17245
3605
3629
4084
17242
17244
17246
17248
3606
3630
4085
3607
3631
4086
3608
3632
4087
3609
3633
4088
43364
43366
43368
43350
43363
43364
43366
16462
17203
17249
17250
17252
43363
17209
17255
17256
17258
3613
3637
4092
17255
17257
17259
17261
43044
43045
43046
43047
43384
43387
43388
3614
3638
4093
3615
3639
4094
3616
3640
4095
3617
3641
4096
3618
3642
4097
17263
17265
17267
43051
43052
43053
43054
43391
43394
43395
16474
17216
17262
17263
17265
16479
17223
17269
17270
17269
43357
43370
43371
43373
3622
3646
4101
43370
43372
43374
43376
3623
3647
4102
3624
3648
4103
3625
3649
4104
3626
3650
4105
17276
17278
17280
16486
17229
17275
17276
17278
16491
17235
17275
17282
17283
16500
17243
17285
17289
17290
17292
3630
3654
4109
17289
17291
17293
17295
3631
3655
4110
3632
3656
4111
3633
3657
4112
3634
3658
4113
43378
43380
43382
43364
43377
43378
43380
17250
17296
17297
17299
43058
43377
17256
17302
17304
16513
17302
43384
43385
43387
3639
3663
4118
43384
43386
43388
43390
43405
43408
43409
3640
3664
4119
3641
3665
4120
3642
3666
4121
43392
43394
43396
43412
43415
43416
16520
43391
43392
43394
16527
17263
17308
17309
17310
43391
17270
17314
17315
43065
17314
43371
43398
43399
43401
3647
3671
4126
43398
43400
43402
43404
3648
3672
4127
3649
3673
4128
3650
3674
4129
3651
3675
4130
17321
17323
17325
16534
17276
17320
17321
17323
16539
17282
17320
17327
17328
16544
17290
17330
17331
17333
3655
3678
4134
17330
17332
17334
17336
3656
3679
4135
3657
3680
4136
3658
3681
4137
3659
3682
4138
3660
3683
4139
17338
17340
17342
43378
43379
43382
43383
43699
43700
43701
17297
17337
17338
17340
16551
17337
17345
16557
17344
17350
17351
17353
43385
16563
17350
43405
43406
43408
3665
3688
4144
17410
17413
17414
43072
43073
43074
43075
43405
43407
43409
43411
3666
3689
4145
17417
17420
17421
43079
43080
43081
43082
43413
43415
43417
16570
43412
43413
43415
16575
17357
17358
17360
43392
43412
17309
17357
17367
17315
17364
17370
17371
17373
3671
3694
4150
17370
17372
17374
17376
43399
43400
43403
43404
43720
43721
43722
3672
3695
4151
3673
3696
4152
3674
3697
4153
3675
3698
4154
3676
3699
4155
17378
17380
17382
16588
17321
17377
17378
17380
16595
17331
17384
17385
17387
3679
3701
4158
17384
17386
17388
17390
43419
43422
43423
3680
3702
4159
3681
3703
4160
3682
3704
4161
3683
3705
4162
3684
3706
4163
3685
3707
4164
17338
17339
17342
17343
17392
17394
17396
41083
41084
41085
17345
17391
17392
17394
43086
16602
17391
17399
16608
17398
17404
17406
43406
16615
17404
17410
17411
17413
16620
17410
17417
17418
17420
16625
17417
17424
17425
17426
43413
17358
17424
17433
17365
17430
17436
17437
17439
43093
3694
3716
4172
17371
17372
17375
17376
17436
17438
17440
17442
41090
41091
41092
3695
3717
4173
3696
3718
4174
3697
3719
4175
3698
3720
4176
3699
3721
4177
3700
3722
4178
17444
17446
17448
43426
43429
43430
16639
17378
17443
17444
17446
17450
43100
43419
43420
43422
3703
3725
4181
43419
43421
43423
43425
3704
3726
4182
3705
3727
4183
3706
3728
4184
3707
3729
4185
3708
3730
4186
3709
3731
4187
17392
17393
17396
17397
17455
17457
17459
41097
41098
41099
17399
17454
17455
17457
17454
17461
17462
17464
43107
16650
17461
17467
17468
16657
17467
17473
17474
17473
17479
17480
43114
17431
17479
17485
17486
17488
3716
3738
4193
17437
17438
17441
17442
17485
17487
17489
17491
41104
41105
41106
3717
3739
4194
3718
3740
4195
3719
3741
4196
3720
3742
4197
3721
3743
4198
3722
3744
4199
43427
43429
43431
43121
43426
43427
43429
16662
17444
17492
17493
43426
16667
17495
17496
17498
43420
3726
3746
4203
17495
17497
17499
17501
43461
43464
43465
3727
3747
4204
3728
3748
4205
3729
3749
4206
3730
3750
4207
3731
3751
4208
3732
3752
4209
3733
3753
4210
17455
17456
17459
17460
43434
43436
43438
43755
43756
43757
17462
43433
43434
43436
17468
43433
43440
43441
43443
17474
43440
43447
43448
43450
17480
43447
43454
43455
43457
3738
3758
4215
17486
17487
17490
17491
43454
43456
43458
43460
43762
43763
43764
3739
3759
4216
3740
3760
4217
3741
3761
4218
3742
3762
4219
3743
3763
4220
3744
3764
4221
3745
3765
4222
17503
17505
17507
43468
43471
43472
16674
17502
17503
17505
43427
17509
43128
43461
43462
43464
3748
3768
4225
43461
43463
43465
43467
43475
43478
43479
3749
3769
4226
3750
3770
4227
3751
3771
4228
3752
3772
4229
3753
3773
4230
3754
3774
4231
3755
3775
4232
43434
43435
43438
43439
3756
3776
4233
43441
43442
43445
43446
3757
3777
4234
43448
43449
43452
43453
3758
3778
4235
43455
43456
43459
43460
3759
3779
4236
3760
3780
4237
3761
3781
4238
3762
3782
4239
3763
3783
4240
3764
3784
4241
3765
3785
4242
43469
43471
43473
43482
43485
43486
43135
43468
43469
43471
16683
17503
17513
17514
43468
16687
17516
17518
43462
17516
43142
43475
43476
43478
3770
3788
4247
43475
43477
43479
43481
43489
43492
43493
3771
3789
4248
3772
3790
4249
3773
3791
4250
3774
3792
4251
3775
3793
4252
3776
3794
4253
3777
3795
4254
3778
3796
4255
3779
3797
4256
3780
3798
4257
3781
3799
4258
3782
3800
4259
3783
3801
4260
3784
3802
4261
3785
3803
4262
43483
43485
43487
43496
43499
43500
43149
43482
43483
43485
16692
17521
17522
17523
43469
43482
16698
17526
17527
17529
43476
17526
43156
43489
43490
43492
3790
3806
4267
43489
43491
43493
43495
43503
43506
43507
3791
3807
4268
3792
3808
4269
3793
3809
4270
3794
3810
4271
3795
3811
4272
3796
3812
4273
3797
3813
4274
3798
3814
4275
3799
3815
4276
3800
3816
4277
3801
3817
4278
3802
3818
4279
3803
3819
4280
43497
43499
43501
43510
43513
43514
43163
43496
43497
43499
16705
17533
17534
17536
43483
43496
16713
17540
17542
17544
43490
17542
43170
43503
43504
43506
3808
3823
4285
17556
17559
17560
43503
43505
43507
43509
3809
3824
4286
43517
43520
43521
3810
3825
4287
3811
3826
4288
3812
3827
4289
3813
3828
4290
3814
3829
4291
3815
3830
4292
3816
3831
4293
3817
3832
4294
3818
3833
4295
43524
43527
43528
3819
3834
4296
17563
17566
17567
43511
43513
43515
43177
43510
43511
43513
16718
17547
17548
17549
43497
43510
16721
17534
17547
17552
16723
17553
17554
43504
16728
17553
17556
17557
17559
17556
43184
43517
43518
43520
3826
3837
4303
17576
17579
17580
43517
43519
43521
43523
3827
3838
4304
17583
17586
17587
3828
3839
4305
17590
17593
17594
3829
3840
4306
17597
17600
17601
3830
3841
4307
17604
17607
17608
3831
3842
4308
17611
17614
17615
3832
3843
4309
17618
17621
17622
3833
3844
4310
17625
17628
17629
43525
43527
43529
43191
43524
43525
43527
16735
17563
17564
17566
43524
16740
17563
17570
17571
43511
16743
17573
17574
43518
16748
17573
17576
17577
17579
16755
17576
17583
17584
17586
16762
17583
17590
17591
17593
16769
17590
17597
17598
17600
16776
17597
17604
17605
17607
16783
17604
17611
17612
17614
16790
17611
17618
17619
17621
16797
17618
17625
17626
17628
16802
17625
17632
17633
43525
16805
17591
17635
17636
16808
17598
17635
17638
17639
16811
17605
17638
17641
17642
16814
17612
17641
17644
17645
16839
17667
17668
17670
16846
17667
17674
17675
17677
16853
17647
17674
17681
17682
17684
16860
17651
17681
17688
17689
17691
16867
17655
17688
17695
17696
17698
16874
17659
17695
17702
17703
17705
16881
17702
17709
17710
17712
16888
17709
17716
17717
17719
16903
17731
17732
17734
17663
17731
43198
43531
43532
43534
3861
3873
4338
17668
17669
17672
17673
43531
43533
43535
43537
3862
3874
4339
17675
17676
17679
17680
3863
3875
4340
17682
17683
17686
17687
3864
3876
4341
17689
17690
17693
17694
3865
3877
4342
17696
17697
17700
17701
3866
3878
4343
17703
17704
17707
17708
3867
3879
4344
17710
17711
17714
17715
3868
3880
4345
17717
17718
17721
17722
43539
43541
43543
17723
43205
43538
43539
43541
16910
17738
17739
17741
43538
17727
17751
43212
43545
43546
43548
3872
3888
4349
17732
17733
17736
17737
43545
43547
43549
43551
3873
3889
4350
43532
43533
43536
43537
3874
3890
4351
3875
3891
4352
3876
3892
4353
3877
3893
4354
3878
3894
4355
3879
3895
4356
3880
3896
4357
3881
3897
4358
3882
3898
4359
43539
43540
43543
43544
3883
3899
4360
17739
17740
17743
17744
43553
43555
43557
17745
43219
43552
43553
43555
16928
17757
17759
43552
16936
17764
17765
17767
17752
17764
43226
43559
43560
43562
3888
3905
4365
43546
43547
43550
43551
43559
43561
43563
43565
3889
3906
4366
3890
3907
4367
3891
3908
4368
3892
3909
4369
3893
3910
4370
3894
3911
4371
3895
3912
4372
3896
3913
4373
3897
3914
4374
3898
3915
4375
3899
3916
4376
3900
3917
4377
3901
3918
4378
43553
43554
43557
43558
43567
43569
43571
17757
43233
43566
43567
43569
16943
17762
17771
17772
17774
43566
17765
17778
43240
43573
43574
43576
3905
3924
4382
43560
43561
43564
43565
43573
43575
43577
43579
3906
3925
4383
3907
3926
4384
3908
3927
4385
3909
3928
4386
3910
3929
4387
3911
3930
4388
3912
3931
4389
3913
3932
4390
3914
3933
4391
3915
3934
4392
3916
3935
4393
3917
3936
4394
3918
3937
4395
3919
3938
4396
3920
3939
4397
43567
43568
43571
43572
43581
43583
43585
17772
43247
43580
43581
43583
16955
17784
17786
43580
17779
17789
43254
43587
43588
43590
3924
3945
4401
43574
43575
43578
43579
43587
43589
43591
43593
3925
3946
4402
3926
3947
4403
3927
3948
4404
3928
3949
4405
3929
3950
4406
3930
3951
4407
43601
43604
43605
3931
3952
4408
17803
17806
17807
43902
43903
43904
3932
3953
4409
17810
17813
17814
43909
43910
43911
3933
3954
4410
17817
17820
17821
43916
43917
43918
3934
3955
4411
17824
17827
17828
43923
43924
43925
3935
3956
4412
43608
43611
43612
3936
3957
4413
3937
3958
4414
3938
3959
4415
3939
3960
4416
3940
3961
4417
3941
3962
4418
43581
43582
43585
43586
43595
43597
43599
17784
43261
43594
43595
43597
16963
17793
17794
43594
16968
17796
17797
17799
3945
3966
4422
17796
17798
17800
17802
43588
43589
43592
43593
3946
3967
4423
3947
3968
4424
3948
3969
4425
3949
3970
4426
3950
3971
4427
3951
3972
4428
41055
41058
41059
43602
43604
43606
43937
43938
43939
43601
43602
43604
17803
17804
17806
43268
43601
17803
17810
17811
17813
43275
17810
17817
17818
17820
43282
17817
17824
17825
17827
43289
17824
43608
43609
43611
3958
3979
4435
41062
41065
41066
43608
43610
43612
43614
43944
43945
43946
3959
3980
4436
3960
3981
4437
3961
3982
4438
3962
3983
4439
3963
3984
4440
3964
3985
4441
17832
17834
17836
43595
43596
43599
43600
16975
17793
17831
17832
17834
17797
17838
43296
43615
43616
43618
3967
3990
4444
43615
43617
43619
43621
3968
3991
4445
3969
3992
4446
3970
3993
4447
3971
3994
4448
3972
3995
4449
41056
41058
41060
41069
41072
41073
43958
43959
43960
41055
41056
41058
16986
17842
17843
17845
41055
43602
16993
17804
17842
17849
17851
16999
17811
17849
17854
17005
17818
17854
17861
17011
17825
17861
17868
17017
17868
17873
17874
17876
43609
17873
41062
41063
41065
3981
4003
4457
41062
41064
41066
41068
41076
41079
41080
43965
43966
43967
3982
4004
4458
3983
4005
4459
3984
4006
4460
3985
4007
4461
3986
4008
4462
43623
43625
43627
17832
43303
43622
43623
43625
17022
17880
17881
43622
17027
17883
17884
17886
3990
4012
4466
17883
17885
17887
17889
43616
43617
43620
43621
3991
4013
4467
3992
4014
4468
3993
4015
4469
3994
4016
4470
3995
4017
4471
41070
41072
41074
43643
43646
43647
43979
43980
43981
41069
41070
41072
17034
17890
17891
17892
41056
41069
17047
17894
17901
17902
17904
17054
17855
17901
43629
43630
43632
17061
17862
43629
43636
43637
43639
17067
17869
17908
17909
17911
43636
17908
17915
17917
17080
17921
41063
17921
41076
41077
41079
4005
4027
4481
41076
41078
41080
41082
43664
43667
43668
44000
44001
44002
4006
4028
4482
4007
4029
4483
4008
4030
4484
4009
4031
4485
4010
4032
4486
17926
17928
17930
43623
43624
43627
43628
17087
17880
17925
17926
17928
17094
17884
17932
17933
17935
4013
4035
4489
17932
17934
17936
17938
4014
4036
4490
4015
4037
4491
4016
4038
4492
4017
4039
4493
43644
43646
43648
43643
43644
43646
17101
17939
17940
17942
41070
43643
17114
17895
17946
43650
43651
43653
4021
4044
4498
17902
17903
17906
17907
43310
43311
43312
43313
43650
43652
43654
43656
4022
4045
4499
43630
43631
43634
43635
4023
4046
4500
43637
43638
43641
43642
4024
4047
4501
17909
17910
17913
17914
43317
43318
43319
43320
43658
43660
43662
17121
17915
43657
43658
43660
17128
17953
17955
43657
17134
17959
17960
17962
41077
17959
43664
43665
43667
4029
4051
4506
43664
43666
43668
43670
4030
4052
4507
4031
4053
4508
4032
4054
4509
4033
4055
4510
17967
17969
17971
17141
17926
17966
17967
17969
17152
17933
17973
17977
17978
17980
4036
4059
4513
17977
17979
17981
17983
4037
4060
4514
4038
4061
4515
4039
4062
4516
4040
4063
4517
17985
17987
17989
44021
44022
44023
17984
17985
17987
43324
43644
17159
17940
17984
17991
17993
17165
17947
17996
17997
17999
4044
4067
4521
17996
17998
18000
18002
43331
43332
43333
43334
43651
43652
43655
43656
4045
4068
4522
4046
4069
4523
4047
4070
4524
4048
4071
4525
4049
4072
4526
18004
18006
18008
43338
43339
43340
43341
43658
43659
43662
43663
17171
17953
18003
18004
18006
18010
18016
18017
18019
43345
43665
4052
4076
4530
18016
18018
18020
18022
44028
44029
44030
4053
4077
4531
4054
4078
4532
4055
4079
4533
4056
4080
4534
18024
18026
18028
17184
17967
18023
18024
18026
17189
18023
18030
18031
17198
17978
18033
18037
18038
18040
4060
4084
4538
18037
18039
18041
18043
4061
4085
4539
4062
4086
4540
4063
4087
4541
4064
4088
4542
18045
18047
18049
44035
44036
44037
17985
18044
18045
18047
43352
17205
17991
18044
18052
17211
17997
18051
43671
43672
43674
4068
4092
4546
43671
43673
43675
43677
4069
4093
4547
4070
4094
4548
4071
4095
4549
4072
4096
4550
4073
4097
4551
43679
43681
43683
17218
18004
43678
43679
43681
18011
18059
18061
43678
18017
18058
18065
18066
18068
43359
4077
4101
4554
18065
18067
18069
18071
44042
44043
44044
4078
4102
4555
4079
4103
4556
4080
4104
4557
4081
4105
4558
18073
18075
18077
17231
18024
18072
18073
18075
17236
18030
18072
18079
18080
17245
18038
18082
18086
18087
18089
4085
4109
4562
18086
18088
18090
18092
4086
4110
4563
4087
4111
4564
4088
4112
4565
4089
4113
4566
18094
18096
18098
44049
44050
44051
18045
18093
18094
18096
43366
17252
18052
18093
18101
17258
18100
43672
43685
43686
43688
4093
4117
4570
43685
43687
43689
43691
4094
4118
4571
4095
4119
4572
4096
4120
4573
4097
4121
4574
4098
4122
4575
43693
43695
43697
17265
43679
43692
43693
43695
17272
18059
18108
18110
43692
18066
18107
18114
18115
18117
43373
4102
4126
4578
18114
18116
18118
18120
44056
44057
44058
4103
4127
4579
4104
4128
4580
4105
4129
4581
4106
4130
4582
18122
18124
18126
17278
18073
18121
18122
18124
17283
18079
18121
18128
18129
17292
18087
18131
18135
18136
18138
4110
4134
4586
18135
18137
18139
18141
4111
4135
4587
4112
4136
4588
4113
4137
4589
4114
4138
4590
18143
18145
18147
44063
44064
44065
18094
18142
18143
18145
43380
17299
18101
18142
18150
17304
18149
18154
18155
18157
43686
4118
4142
4594
18154
18156
18158
18160
43387
43388
43389
43390
43706
43709
43710
4119
4143
4595
4120
4144
4596
4121
4145
4597
4122
4146
4598
4123
4147
4599
18162
18164
18166
43394
43395
43396
43397
43713
43716
43717
17310
18161
18162
18164
43693
18108
18161
18170
18115
18168
18173
18174
18176
43401
4127
4151
4603
18173
18175
18177
18179
44070
44071
44072
4128
4152
4604
4129
4153
4605
4130
4154
4606
4131
4155
4607
18181
18183
18185
17323
18122
18180
18181
18183
17328
18128
18180
18187
18188
17333
18136
18190
18191
18193
4135
4158
4611
18190
18192
18194
18196
4136
4159
4612
4137
4160
4613
4138
4161
4614
4139
4162
4615
43700
43702
43704
18143
43699
43700
43702
17340
18150
18197
18198
18200
43699
18155
18204
18206
17353
18204
43706
43707
43709
4144
4167
4619
18247
18250
18251
43408
43409
43410
43411
43706
43708
43710
43712
4145
4168
4620
43727
43730
43731
4146
4169
4621
43734
43737
43738
4147
4170
4622
18254
18257
18258
43415
43416
43417
43418
43714
43716
43718
17360
43713
43714
43716
17367
18162
18210
18211
18212
43713
17373
18216
18217
18174
18216
43720
43721
43723
4152
4174
4627
43720
43722
43724
43726
4153
4175
4628
4154
4176
4629
4155
4177
4630
4156
4178
4631
18224
18226
18228
17380
18181
18223
18224
18226
17387
18191
18230
18231
18233
4159
4180
4634
18230
18232
18234
18236
43741
43744
43745
4160
4181
4635
4161
4182
4636
4162
4183
4637
4163
4184
4638
4164
4185
4639
41084
41086
41088
43700
43701
43704
43705
44091
44092
44093
18198
41083
41084
41086
17394
18237
41083
17401
18241
18243
43707
17406
18241
18247
18248
18250
17413
18247
43727
43728
43730
17420
43727
43734
43735
43737
17426
18254
18255
18257
43734
17433
18254
18261
18262
18263
43714
18217
18267
41090
41091
41093
4174
4195
4650
41090
41092
41094
41096
43721
43722
43725
43726
44112
44113
44114
4175
4196
4651
4176
4197
4652
4177
4198
4653
4178
4199
4654
4179
4200
4655
18273
18275
18277
43748
43751
43752
17446
18224
18272
18273
18275
18279
43422
43741
43742
43744
4182
4203
4658
43741
43743
43745
43747
4183
4204
4659
4184
4205
4660
4185
4206
4661
4186
4207
4662
4187
4208
4663
41084
41085
41088
41089
41098
41100
41102
44126
44127
44128
18237
41097
41098
41100
17457
18283
18284
18286
41097
18290
18296
18299
43728
17476
18296
18303
18306
43735
18255
18303
18312
17488
18315
18316
18268
18315
41104
41105
41107
4195
4217
4672
41091
41092
41095
41096
41104
41106
41108
41110
44133
44134
44135
4196
4218
4673
4197
4219
4674
4198
4220
4675
4199
4221
4676
4200
4222
4677
43749
43751
43753
43429
43748
43749
43751
17493
18273
18322
18323
43748
17498
18325
18326
18328
43742
4204
4224
4681
18325
18327
18329
18331
43769
43772
43773
4205
4225
4682
4206
4226
4683
4207
4227
4684
4208
4228
4685
4209
4229
4686
4210
4230
4687
41098
41099
41102
41103
43756
43758
43760
44147
44148
44149
18284
43755
43756
43758
18291
18332
18333
18335
43436
43755
18297
18332
18339
18340
18342
43443
18304
18339
18346
18347
18349
43450
18310
18346
18353
18354
18356
43457
18316
18353
43762
43763
43765
4217
4237
4692
41105
41106
41109
41110
43762
43764
43766
43768
44154
44155
44156
4218
4238
4693
4219
4239
4694
4220
4240
4695
4221
4241
4696
4222
4242
4697
4223
4243
4698
18361
18363
18365
43776
43779
43780
17505
18360
18361
18363
43749
18367
43464
43769
43770
43772
4226
4246
4701
43769
43771
43773
43775
43783
43786
43787
4227
4247
4702
4228
4248
4703
4229
4249
4704
4230
4250
4705
4231
4251
4706
4232
4252
4707
43756
43757
43760
43761
4233
4253
4708
18333
18334
18337
18338
44168
44169
44170
4234
4254
4709
18340
18341
18344
18345
44175
44176
44177
4235
4255
4710
18347
18348
18351
18352
44182
44183
44184
4236
4256
4711
18354
18355
18358
18359
44189
44190
44191
4237
4257
4712
43763
43764
43767
43768
4238
4258
4713
4239
4259
4714
4240
4260
4715
4241
4261
4716
4242
4262
4717
4243
4263
4718
43777
43779
43781
43790
43793
43794
43471
43776
43777
43779
17514
18361
18371
18372
43776
17518
18374
18376
43770
18374
43478
43783
43784
43786
4248
4266
4723
43783
43785
43787
43789
43797
43800
43801
4249
4267
4724
4250
4268
4725
4251
4269
4726
4252
4270
4727
4253
4271
4728
4254
4272
4729
4255
4273
4730
4256
4274
4731
4257
4275
4732
4258
4276
4733
4259
4277
4734
4260
4278
4735
4261
4279
4736
4262
4280
4737
4263
4281
4738
43791
43793
43795
43804
43807
43808
43485
43790
43791
43793
17523
18379
18380
18381
43777
43790
17529
18384
18385
18387
43784
18384
43492
43797
43798
43800
4268
4284
4743
43797
43799
43801
43803
43811
43814
43815
4269
4285
4744
4270
4286
4745
4271
4287
4746
4272
4288
4747
4273
4289
4748
4274
4290
4749
4275
4291
4750
4276
4292
4751
4277
4293
4752
4278
4294
4753
4279
4295
4754
4280
4296
4755
4281
4297
4756
43805
43807
43809
43818
43821
43822
43499
43804
43805
43807
17536
18391
18392
18394
43791
43804
17544
18398
18400
18402
43798
18400
43506
43811
43812
43814
4286
4301
4761
18414
18417
18418
43811
43813
43815
43817
4287
4302
4762
43825
43828
43829
4288
4303
4763
4289
4304
4764
4290
4305
4765
4291
4306
4766
4292
4307
4767
4293
4308
4768
4294
4309
4769
4295
4310
4770
4296
4311
4771
43832
43835
43836
4297
4312
4772
18421
18424
18425
43819
43821
43823
43513
43818
43819
43821
17549
18405
18406
18407
43805
43818
17552
18392
18405
18410
17554
18411
18412
43812
17559
18411
18414
18415
18417
18414
43520
43825
43826
43828
4304
4315
4779
18434
18437
18438
43825
43827
43829
43831
4305
4316
4780
18441
18444
18445
4306
4317
4781
18448
18451
18452
4307
4318
4782
18455
18458
18459
4308
4319
4783
18462
18465
18466
4309
4320
4784
18469
18472
18473
4310
4321
4785
18476
18479
18480
4311
4322
4786
18483
18486
18487
43833
43835
43837
43527
43832
43833
43835
17566
18421
18422
18424
43832
17571
18421
18428
18429
43819
17574
18431
18432
43826
17579
18431
18434
18435
18437
17586
18434
18441
18442
18444
17593
18441
18448
18449
18451
17600
18448
18455
18456
18458
17607
18455
18462
18463
18465
17614
18462
18469
18470
18472
17621
18469
18476
18477
18479
17628
18476
18483
18484
18486
17633
18483
18490
18491
43833
17636
18449
18493
18494
17639
18456
18493
18496
18497
17642
18463
18496
18499
18500
17645
18470
18499
18502
18503
17670
18525
18526
18528
17677
18525
18532
18533
18535
17684
18505
18532
18539
18540
18542
17691
18509
18539
18546
18547
18549
17698
18513
18546
18553
18554
18556
17705
18517
18553
18560
18561
18563
17712
18560
18567
18568
18570
17719
18567
18574
18575
18577
17734
18589
18590
18592
18521
18589
43534
43839
43840
43842
4339
4351
4814
18526
18527
18530
18531
43839
43841
43843
43845
4340
4352
4815
18533
18534
18537
18538
4341
4353
4816
18540
18541
18544
18545
4342
4354
4817
18547
18548
18551
18552
4343
4355
4818
18554
18555
18558
18559
4344
4356
4819
18561
18562
18565
18566
4345
4357
4820
18568
18569
18572
18573
4346
4358
4821
18575
18576
18579
18580
43847
43849
43851
18581
43541
43846
43847
43849
17741
18596
18597
18599
43846
18585
18609
43548
43853
43854
43856
4350
4366
4825
18590
18591
18594
18595
43853
43855
43857
43859
4351
4367
4826
43840
43841
43844
43845
4352
4368
4827
4353
4369
4828
4354
4370
4829
4355
4371
4830
4356
4372
4831
4357
4373
4832
4358
4374
4833
4359
4375
4834
4360
4376
4835
43847
43848
43851
43852
4361
4377
4836
18597
18598
18601
18602
43861
43863
43865
18603
43555
43860
43861
43863
17759
18615
18617
43860
17767
18622
18623
18625
18610
18622
43562
43867
43868
43870
4366
4383
4841
43854
43855
43858
43859
43867
43869
43871
43873
4367
4384
4842
4368
4385
4843
4369
4386
4844
4370
4387
4845
4371
4388
4846
4372
4389
4847
4373
4390
4848
4374
4391
4849
4375
4392
4850
4376
4393
4851
4377
4394
4852
4378
4395
4853
4379
4396
4854
43861
43862
43865
43866
43875
43877
43879
18615
43569
43874
43875
43877
17774
18620
18629
18630
18632
43874
18623
18636
43576
43881
43882
43884
4383
4402
4858
43868
43869
43872
43873
43881
43883
43885
43887
4384
4403
4859
4385
4404
4860
4386
4405
4861
4387
4406
4862
4388
4407
4863
4389
4408
4864
43902
43905
43906
4390
4409
4865
43909
43912
43913
4391
4410
4866
43916
43919
43920
4392
4411
4867
43923
43926
43927
4393
4412
4868
4394
4413
4869
4395
4414
4870
4396
4415
4871
4397
4416
4872
4398
4417
4873
43875
43876
43879
43880
43889
43891
43893
18630
43583
43888
43889
43891
17786
18642
18644
43888
18637
18647
43590
43895
43896
43898
4402
4423
4877
43882
43883
43886
43887
43895
43897
43899
43901
4403
4424
4878
4404
4425
4879
4405
4426
4880
4406
4427
4881
4407
4428
4882
43937
43940
43941
4408
4429
4883
18661
18664
18665
43903
43905
43907
44322
44323
44324
43902
43903
43905
43902
43909
43910
43912
43909
43916
43917
43919
43916
43923
43924
43926
4413
4434
4888
18690
18693
18694
43923
43925
43927
43929
44329
44330
44331
4414
4435
4889
43944
43947
43948
4415
4436
4890
4416
4437
4891
4417
4438
4892
4418
4439
4893
4419
4440
4894
43889
43890
43893
43894
43931
43933
43935
18642
43597
43930
43931
43933
17794
18651
18652
43930
17799
18654
18655
18657
4423
4444
4898
18654
18656
18658
18660
43896
43897
43900
43901
4424
4445
4899
4425
4446
4900
4426
4447
4901
4427
4448
4902
4428
4449
4903
43938
43940
43942
43958
43961
43962
44343
44344
44345
43937
43938
43940
18661
18662
18664
43604
43937
17806
18661
18668
18669
18671
43903
17813
18668
18674
18675
43910
17820
18674
18679
18680
43917
17827
18679
18684
18685
18687
43924
18684
18690
18691
18693
43611
18690
43944
43945
43947
4437
4457
4910
43944
43946
43948
43950
43965
43968
43969
44350
44351
44352
4438
4458
4911
4439
4459
4912
4440
4460
4913
4441
4461
4914
4442
4462
4915
18698
18700
18702
43931
43932
43935
43936
17834
18651
18697
18698
18700
18655
18704
43618
43951
43952
43954
4445
4467
4918
43951
43953
43955
43957
4446
4468
4919
4447
4469
4920
4448
4470
4921
4449
4471
4922
43959
43961
43963
43979
43982
43983
44364
44365
44366
43958
43959
43961
18708
18709
18711
41058
43938
43958
17845
18662
18708
18720
18721
18723
17857
18720
18727
18728
18730
17864
18727
18734
18735
18737
18734
18741
18742
18744
18748
18754
18755
18757
41065
43945
18754
43965
43966
43968
4459
4481
4932
43965
43967
43969
43971
44000
44003
44004
44399
44400
44401
4460
4482
4933
4461
4483
4934
4462
4484
4935
4463
4485
4936
43973
43975
43977
18698
43625
43972
43973
43975
17881
18761
18762
43972
17886
18764
18765
18767
4467
4489
4940
18764
18766
18768
18770
43952
43953
43956
43957
4468
4490
4941
4469
4491
4942
4470
4492
4943
4471
4493
4944
43980
43982
43984
43979
43980
43982
18771
18772
18774
41072
43959
43979
17897
18715
18778
43986
43987
43989
4475
4498
4949
17904
17905
17906
17907
18721
18722
18725
18726
43986
43988
43990
43992
4476
4499
4950
18728
18729
18732
18733
43632
43633
43634
43635
4477
4500
4951
18735
18736
18739
18740
43639
43640
43641
43642
4478
4501
4952
17911
17912
17913
17914
18742
18743
18746
18747
43994
43996
43998
17917
18749
43993
43994
43996
18785
18787
43993
18791
18792
18794
41079
43966
18791
44000
44001
44003
4483
4506
4957
44000
44002
44004
44006
4484
4507
4958
4485
4508
4959
4486
4509
4960
4487
4510
4961
18799
18801
18803
43973
43974
43977
43978
17928
18761
18798
18799
18801
17935
18765
18805
18806
18808
4490
4513
4964
18805
18807
18809
18811
4491
4514
4965
4492
4515
4966
4493
4516
4967
4494
4517
4968
18813
18815
18817
44021
44024
44025
44427
44428
44429
18812
18813
18815
43646
43980
17942
18772
18812
17949
18779
18819
44007
44008
44010
4498
4521
4972
43653
43654
43655
43656
43987
43988
43991
43992
44007
44009
44011
44013
4499
4522
4973
4500
4523
4974
4501
4524
4975
4502
4525
4976
4503
4526
4977
43660
43661
43662
43663
43994
43995
43998
43999
44015
44017
44019
17955
18785
44014
44015
44017
18825
18826
44014
18824
18829
18830
18832
43667
44001
4507
4530
4981
18829
18831
18833
18835
44028
44031
44032
44434
44435
44436
4508
4531
4982
4509
4532
4983
4510
4533
4984
4511
4534
4985
18837
18839
18841
17969
18799
18836
18837
18839
17980
18806
18843
18847
18848
18850
4514
4538
4988
18847
18849
18851
18853
4515
4539
4989
4516
4540
4990
4517
4541
4991
44022
44024
44026
44021
44022
44024
17987
18813
18854
18855
18857
44021
18860
18861
18863
4521
4545
4995
17999
18000
18001
18002
18860
18862
18864
18866
44008
44009
44012
44013
4522
4546
4996
4523
4547
4997
4524
4548
4998
4525
4549
4999
4526
4550
5000
4527
4551
5001
4528
4552
5002
18006
18007
18008
18009
18868
18870
18872
44015
44016
44019
44020
18013
18825
18867
18868
18870
18019
18830
18874
18875
18874
44028
44029
44031
4532
4555
5006
44028
44030
44032
44034
4533
4556
5007
4534
4557
5008
4535
4558
5009
18881
18883
18885
18026
18837
18880
18881
18883
18031
18880
18887
18888
18040
18848
18890
18894
18895
18897
4539
4562
5013
18894
18896
18898
18900
4540
4563
5014
4541
4564
5015
4542
4565
5016
44036
44038
44040
44022
44035
44036
44038
18047
18855
18901
18902
44035
18054
18861
18906
18907
18909
4546
4569
5019
18906
18908
18910
18912
43674
43675
43676
43677
4547
4570
5020
4548
4571
5021
4549
4572
5022
4550
4573
5023
4551
4574
5024
4552
4575
5025
4553
4576
5026
18914
18916
18918
43681
43682
43683
43684
18061
18868
18913
18914
18916
18920
44029
44042
44043
44045
4556
4579
5030
44042
44044
44046
44048
4557
4580
5031
4558
4581
5032
4559
4582
5033
18927
18929
18931
18075
18881
18926
18927
18929
18080
18887
18926
18933
18934
18089
18895
18936
18940
18941
18943
4563
4586
5037
18940
18942
18944
18946
4564
4587
5038
4565
4588
5039
4566
4589
5040
44050
44052
44054
44036
44049
44050
44052
18096
18901
18947
18948
44049
18103
18907
18952
18953
18955
4570
4593
5043
18952
18954
18956
18958
43688
43689
43690
43691
4571
4594
5044
4572
4595
5045
4573
4596
5046
4574
4597
5047
4575
4598
5048
4576
4599
5049
4577
4600
5050
18960
18962
18964
43695
43696
43697
43698
18110
18914
18959
18960
18962
18966
44043
44056
44057
44059
4580
4604
5054
44056
44058
44060
44062
4581
4605
5055
4582
4606
5056
4583
4607
5057
18973
18975
18977
18124
18927
18972
18973
18975
18129
18933
18972
18979
18980
18138
18941
18982
18986
18987
18989
4587
4611
5061
18986
18988
18990
18992
4588
4612
5062
4589
4613
5063
4590
4614
5064
44064
44066
44068
44050
44063
44064
44066
18145
18947
18993
18994
18996
44063
18953
18999
19000
19002
4594
4617
5068
18157
18158
18159
18160
18999
19001
19003
19005
44077
44080
44081
4595
4618
5069
4596
4619
5070
4597
4620
5071
4598
4621
5072
4599
4622
5073
4600
4623
5074
4601
4624
5075
18164
18165
18166
18167
19007
19009
19011
44084
44087
44088
18170
18960
19006
19007
19009
18176
19013
19014
19013
44057
44070
44071
44073
4605
4628
5079
44070
44072
44074
44076
4606
4629
5080
4607
4630
5081
4608
4631
5082
19020
19022
19024
18183
18973
19019
19020
19022
18188
18979
19019
19026
19027
18193
18987
19029
19030
19032
4612
4634
5086
19029
19031
19033
19035
4613
4635
5087
4614
4636
5088
4615
4637
5089
4616
4638
5090
19037
19039
19041
44064
44065
44068
44069
44497
44498
44499
18994
19036
19037
19039
43702
18206
19043
44077
44078
44080
4619
4642
5094
43709
43710
43711
43712
44077
44079
44081
44083
44098
44101
44102
4620
4643
5095
4621
4644
5096
4622
4645
5097
4623
4646
5098
4624
4647
5099
43716
43717
43718
43719
44085
44087
44089
44105
44108
44109
18212
44084
44085
44087
18219
19007
19049
19051
44084
19014
19054
19055
19057
43723
4628
4651
5102
19054
19056
19058
19060
44071
44072
44075
44076
44504
44505
44506
4629
4652
5103
4630
4653
5104
4631
4654
5105
4632
4655
5106
19062
19064
19066
18226
19020
19061
19062
19064
18233
19030
19068
19069
19071
4635
4657
5109
19068
19070
19072
19074
44119
44122
44123
4636
4658
5110
4637
4659
5111
4638
4660
5112
4639
4661
5113
44092
44094
44096
19037
44091
44092
44094
19044
19075
19076
19078
41086
44091
19082
19084
44078
18243
19082
44098
44099
44101
4644
4666
5117
18250
18251
18252
18253
19124
19127
19128
44098
44100
44102
44104
4645
4667
5118
19131
19134
19135
43730
43731
43732
43733
4646
4668
5119
19138
19141
19142
43737
43738
43739
43740
4647
4669
5120
18257
18258
18259
18260
19145
19148
19149
44106
44108
44110
18263
44105
44106
44108
18270
19088
19089
19090
44085
44105
19094
19095
41093
19055
19094
44112
44113
44115
4652
4674
5125
44112
44114
44116
44118
4653
4675
5126
4654
4676
5127
4655
4677
5128
4656
4678
5129
19102
19104
19106
44140
44143
44144
18275
19062
19101
19102
19104
19108
43744
44119
44120
44122
4659
4681
5132
44119
44121
44123
44125
4660
4682
5133
4661
4683
5134
4662
4684
5135
4663
4685
5136
44092
44093
44096
44097
44127
44129
44131
44532
44533
44534
19076
44126
44127
44129
19112
19113
19115
41100
44126
19119
19121
44099
18293
19119
19124
19125
19127
18299
19124
19131
19132
19134
18306
19131
19138
19139
19141
18312
19138
19145
19146
19148
18318
19145
19152
19154
44106
19157
19158
41107
19095
19157
44133
44134
44136
4674
4694
5147
44113
44114
44117
44118
44133
44135
44137
44139
44567
44568
44569
4675
4695
5148
4676
4696
5149
4677
4697
5150
4678
4698
5151
44141
44143
44145
43751
44140
44141
44143
18323
19102
19164
19165
44140
18328
19167
19168
19170
44120
4682
4700
5155
19167
19169
19171
19173
44161
44164
44165
4683
4701
5156
4684
4702
5157
4685
4703
5158
4686
4704
5159
4687
4705
5160
44127
44128
44131
44132
44148
44150
44152
44581
44582
44583
19113
44147
44148
44150
19120
19174
19175
19177
43758
44147
18335
19174
19181
19182
18356
19199
19200
19199
19205
19206
19208
43765
19158
19205
44154
44155
44157
4694
4714
5168
44134
44135
44138
44139
44154
44156
44158
44160
44588
44589
44590
4695
4715
5169
4696
4716
5170
4697
4717
5171
4698
4718
5172
4699
4719
5173
19213
19215
19217
44196
44199
44200
18363
19212
19213
19215
44141
19219
43772
44161
44162
44164
4702
4722
5176
44161
44163
44165
44167
44203
44206
44207
4703
4723
5177
4704
4724
5178
4705
4725
5179
4706
4726
5180
4707
4727
5181
44148
44149
44152
44153
4708
4728
5182
19175
19176
19179
19180
44169
44171
44173
44602
44603
44604
19182
44168
44169
44171
19187
44168
44175
44176
44178
19193
44175
44182
44183
44185
19200
44182
44189
44190
44192
4713
4733
5187
19206
19207
19210
19211
44189
44191
44193
44195
44609
44610
44611
4714
4734
5188
44155
44156
44159
44160
4715
4735
5189
4716
4736
5190
4717
4737
5191
4718
4738
5192
4719
4739
5193
44197
44199
44201
44210
44213
44214
43779
44196
44197
44199
18372
19213
19223
19224
44196
18376
19226
19228
44162
19226
43786
44203
44204
44206
4724
4742
5198
44203
44205
44207
44209
44217
44220
44221
4725
4743
5199
4726
4744
5200
4727
4745
5201
4728
4746
5202
4729
4747
5203
4730
4748
5204
44169
44170
44173
44174
4731
4749
5205
44176
44177
44180
44181
4732
4750
5206
44183
44184
44187
44188
4733
4751
5207
44190
44191
44194
44195
4734
4752
5208
4735
4753
5209
4736
4754
5210
4737
4755
5211
4738
4756
5212
4739
4757
5213
44211
44213
44215
44224
44227
44228
43793
44210
44211
44213
18381
19231
19232
19233
44197
44210
18387
19236
19237
19239
44204
19236
43800
44217
44218
44220
4744
4760
5218
44217
44219
44221
44223
44231
44234
44235
4745
4761
5219
4746
4762
5220
4747
4763
5221
4748
4764
5222
4749
4765
5223
4750
4766
5224
4751
4767
5225
4752
4768
5226
4753
4769
5227
4754
4770
5228
4755
4771
5229
4756
4772
5230
4757
4773
5231
44225
44227
44229
44238
44241
44242
43807
44224
44225
44227
18394
19243
19244
19246
44211
44224
18402
19250
19252
19254
44218
19252
43814
44231
44232
44234
4762
4777
5236
19266
19269
19270
44231
44233
44235
44237
4763
4778
5237
44245
44248
44249
4764
4779
5238
4765
4780
5239
4766
4781
5240
4767
4782
5241
4768
4783
5242
4769
4784
5243
4770
4785
5244
4771
4786
5245
4772
4787
5246
44252
44255
44256
4773
4788
5247
19273
19276
19277
44239
44241
44243
43821
44238
44239
44241
18407
19257
19258
19259
44225
44238
18410
19244
19257
19262
18412
19263
19264
44232
18417
19263
19266
19267
19269
19266
43828
44245
44246
44248
4780
4791
5254
19286
19289
19290
44245
44247
44249
44251
4781
4792
5255
19293
19296
19297
4782
4793
5256
19300
19303
19304
4783
4794
5257
19307
19310
19311
4784
4795
5258
19314
19317
19318
4785
4796
5259
19321
19324
19325
4786
4797
5260
19328
19331
19332
4787
4798
5261
19335
19338
19339
44253
44255
44257
43835
44252
44253
44255
18424
19273
19274
19276
44252
18429
19273
19280
19281
44239
18432
19283
19284
44246
18437
19283
19286
19287
19289
18444
19286
19293
19294
19296
18451
19293
19300
19301
19303
18458
19300
19307
19308
19310
18465
19307
19314
19315
19317
18472
19314
19321
19322
19324
18479
19321
19328
19329
19331
18486
19328
19335
19336
19338
18491
19335
19342
19343
44253
18494
19301
19345
19346
18497
19308
19345
19348
19349
18500
19315
19348
19351
19352
18503
19322
19351
19354
19355
18528
19377
19378
19380
18535
19377
19384
19385
19387
18542
19357
19384
19391
19392
19394
18549
19361
19391
19398
19399
19401
18556
19365
19398
19405
19406
19408
18563
19369
19405
19412
19413
19415
18570
19412
19419
19420
19422
18577
19419
19426
19427
19429
18592
19441
19442
19444
19373
19441
43842
44259
44260
44262
4815
4827
5289
19378
19379
19382
19383
44259
44261
44263
44265
4816
4828
5290
19385
19386
19389
19390
4817
4829
5291
19392
19393
19396
19397
4818
4830
5292
19399
19400
19403
19404
4819
4831
5293
19406
19407
19410
19411
4820
4832
5294
19413
19414
19417
19418
4821
4833
5295
19420
19421
19424
19425
4822
4834
5296
19427
19428
19431
19432
44267
44269
44271
19433
43849
44266
44267
44269
18599
19448
19449
19451
44266
19437
19461
43856
44273
44274
44276
4826
4842
5300
19442
19443
19446
19447
44273
44275
44277
44279
4827
4843
5301
44260
44261
44264
44265
4828
4844
5302
4829
4845
5303
4830
4846
5304
4831
4847
5305
4832
4848
5306
4833
4849
5307
4834
4850
5308
4835
4851
5309
4836
4852
5310
44267
44268
44271
44272
4837
4853
5311
19449
19450
19453
19454
44281
44283
44285
19455
43863
44280
44281
44283
18617
19467
19469
44280
18625
19474
19475
19477
19462
19474
43870
44287
44288
44290
4842
4859
5316
44274
44275
44278
44279
44287
44289
44291
44293
4843
4860
5317
4844
4861
5318
4845
4862
5319
4846
4863
5320
4847
4864
5321
4848
4865
5322
4849
4866
5323
4850
4867
5324
4851
4868
5325
4852
4869
5326
4853
4870
5327
4854
4871
5328
4855
4872
5329
44281
44282
44285
44286
44295
44297
44299
19467
43877
44294
44295
44297
18632
19472
19481
19482
19484
44294
19475
19488
43884
44301
44302
44304
4859
4878
5333
44288
44289
44292
44293
44301
44303
44305
44307
4860
4879
5334
4861
4880
5335
4862
4881
5336
4863
4882
5337
4864
4883
5338
44322
44325
44326
44728
44729
44730
4865
4884
5339
19503
19506
19507
44735
44736
44737
4866
4885
5340
19510
19513
19514
20395
20396
20397
4867
4886
5341
19517
19520
19521
20402
20403
20404
4868
4887
5342
19524
19527
19528
44742
44743
44744
4869
4888
5343
44329
44332
44333
44749
44750
44751
4870
4889
5344
4871
4890
5345
4872
4891
5346
4873
4892
5347
4874
4893
5348
44295
44296
44299
44300
44309
44311
44313
19482
43891
44308
44309
44311
18644
19494
19496
44308
19489
19499
43898
44315
44316
44318
4878
4899
5352
44302
44303
44306
44307
44315
44317
44319
44321
4879
4900
5353
4880
4901
5354
4881
4902
5355
4882
4903
5356
44343
44346
44347
4883
4904
5357
19541
19544
19545
20418
20419
20420
44323
44325
44327
44322
44323
44325
19503
19504
19506
43905
44322
19503
19510
19511
19513
43912
19510
19517
19518
19520
43919
19517
19524
19525
19527
43926
19524
44329
44330
44332
4890
4909
5364
19584
19587
19588
20461
20462
20463
44329
44331
44333
44335
4891
4910
5365
44350
44353
44354
4892
4911
5366
4893
4912
5367
4894
4913
5368
4895
4914
5369
44309
44310
44313
44314
44337
44339
44341
19494
43933
44336
44337
44339
18652
19531
19532
44336
18657
19534
19535
19537
4899
4918
5373
19534
19536
19538
19540
44316
44317
44320
44321
4900
4919
5374
4901
4920
5375
4902
4921
5376
4903
4922
5377
44344
44346
44348
44364
44367
44368
44777
44778
44779
44343
44344
44346
19541
19542
19544
43940
44343
18664
19541
19548
19549
19550
44323
18671
19504
19548
19554
18687
19525
19572
18693
19572
19578
19580
44330
19578
19584
19585
19587
43947
19584
44350
44351
44353
4912
4932
5387
44350
44352
44354
44356
44399
44402
44403
44784
44785
44786
4913
4933
5388
4914
4934
5389
4915
4935
5390
4916
4936
5391
19592
19594
19596
44337
44338
44341
44342
18700
19531
19591
19592
19594
19535
19598
43954
44357
44358
44360
4919
4941
5394
44357
44359
44361
44363
4920
4942
5395
4921
4943
5396
4922
4944
5397
44365
44367
44369
44364
44365
44367
19602
19603
19605
43961
44344
44364
18711
19542
19602
19613
19614
19616
18723
19555
19613
44371
44372
44374
18730
19560
44371
44378
44379
44381
18737
19566
44378
44385
44386
44388
18744
19573
44385
44392
44393
44395
18751
19620
19621
19623
44392
19627
19633
19634
19636
43968
44351
19633
44399
44400
44402
4934
4957
5409
44399
44401
44403
44405
4935
4958
5410
4936
4959
5411
4937
4960
5412
44407
44409
44411
19592
43975
44406
44407
44409
18762
19639
19640
44406
18767
19642
19643
19645
4941
4964
5416
19642
19644
19646
19648
44358
44359
44362
44363
4942
4965
5417
4943
4966
5418
4944
4967
5419
4945
4968
5420
19650
19652
19654
20603
20604
20605
44427
44430
44431
19649
19650
19652
43982
44365
18774
19603
19649
18781
19608
19656
44413
44414
44416
4949
4972
5424
19614
19615
19618
19619
43989
43990
43991
43992
44413
44415
44417
44419
4950
4973
5425
44372
44373
44376
44377
4951
4974
5426
44379
44380
44383
44384
4952
4975
5427
44386
44387
44390
44391
4953
4976
5428
44393
44394
44397
44398
4954
4977
5429
19621
19622
19625
19626
43996
43997
43998
43999
44421
44423
44425
18787
19628
44420
44421
44423
19662
19663
44420
19661
19666
19667
19669
44003
44400
4958
4981
5433
19666
19668
19670
19672
20636
20637
20638
44434
44437
44438
4959
4982
5434
4960
4983
5435
4961
4984
5436
4962
4985
5437
19674
19676
19678
44407
44408
44411
44412
18801
19639
19673
19674
19676
18808
19643
19680
19681
19683
4965
4988
5440
19680
19682
19684
19686
4966
4989
5441
4967
4990
5442
4968
4991
5443
44428
44430
44432
44819
44820
44821
44427
44428
44430
18815
19650
19687
19688
19689
44427
19693
19694
19696
4972
4995
5446
19693
19695
19697
19699
44010
44011
44012
44013
44414
44415
44418
44419
4973
4996
5447
4974
4997
5448
4975
4998
5449
4976
4999
5450
4977
5000
5451
4978
5001
5452
4979
5002
5453
19701
19703
19705
44017
44018
44019
44020
44421
44422
44425
44426
18826
19662
19700
19701
19703
18832
19667
19707
19707
44434
44435
44437
4983
5006
5457
44434
44436
44438
44440
44840
44841
44842
4984
5007
5458
4985
5008
5459
4986
5009
5460
19714
19716
19718
18839
19674
19713
19714
19716
18850
19681
19720
19724
19725
19727
4989
5013
5463
19724
19726
19728
19730
4990
5014
5464
4991
5015
5465
4992
5016
5466
19732
19734
19736
44847
44848
44849
19731
19732
19734
44024
44428
18857
19688
19731
19739
18863
19694
19738
44441
44442
44444
4996
5019
5470
44441
44443
44445
44447
4997
5020
5471
4998
5021
5472
4999
5022
5473
5000
5023
5474
5001
5024
5475
5002
5025
5476
5003
5026
5477
44449
44451
44453
18870
19701
44448
44449
44451
19745
19747
44448
19744
19750
19751
19753
44031
44435
5007
5030
5481
19750
19752
19754
19756
44854
44855
44856
5008
5031
5482
5009
5032
5483
5010
5033
5484
19758
19760
19762
18883
19714
19757
19758
19760
18888
19757
19764
19765
18897
19725
19767
19771
19772
19774
5014
5037
5488
19771
19773
19775
19777
5015
5038
5489
5016
5039
5490
5017
5040
5491
19779
19781
19783
20747
20748
20749
19732
19778
19779
19781
44038
18909
19785
44442
44455
44456
44458
5020
5043
5495
44455
44457
44459
44461
5021
5044
5496
5022
5045
5497
5023
5046
5498
5024
5047
5499
5025
5048
5500
5026
5049
5501
5027
5050
5502
44463
44465
44467
18916
44449
44462
44463
44465
18922
19745
19791
19792
44462
19751
19796
19797
19799
44045
5031
5054
5505
19796
19798
19800
19802
20781
20782
20783
5032
5055
5506
5033
5056
5507
5034
5057
5508
19804
19806
19808
18929
19758
19803
19804
19806
18934
19764
19803
19810
19811
18943
19772
19813
19817
19818
19820
5038
5061
5512
19817
19819
19821
19823
5039
5062
5513
5040
5063
5514
5041
5064
5515
19825
19827
19829
20809
20810
20811
19779
19824
19825
19827
44052
18955
19831
44456
44469
44470
44472
5044
5068
5519
44469
44471
44473
44475
5045
5069
5520
5046
5070
5521
5047
5071
5522
5048
5072
5523
5049
5073
5524
5050
5074
5525
5051
5075
5526
44477
44479
44481
18962
44463
44476
44477
44479
18968
19791
19837
19838
44476
19797
19842
19843
19845
44059
5055
5079
5530
19842
19844
19846
19848
20842
20843
20844
5056
5080
5531
5057
5081
5532
5058
5082
5533
19850
19852
19854
18975
19804
19849
19850
19852
18980
19810
19849
19856
19857
18989
19818
19859
19863
19864
19866
5062
5086
5537
19863
19865
19867
19869
5063
5087
5538
5064
5088
5539
5065
5089
5540
19871
19873
19875
44861
44862
44863
19825
19870
19871
19873
44066
18996
19870
19878
19002
19877
44470
44483
44484
44486
5069
5093
5544
44483
44485
44487
44489
5070
5094
5545
5071
5095
5546
5072
5096
5547
5073
5097
5548
5074
5098
5549
5075
5099
5550
5076
5100
5551
44491
44493
44495
19009
44477
44490
44491
44493
19016
19837
19884
19886
44490
19843
19883
19889
19890
19892
44073
5080
5103
5554
19889
19891
19893
19895
44868
44869
44870
5081
5104
5555
5082
5105
5556
5083
5106
5557
19897
19899
19901
19022
19850
19896
19897
19899
19027
19856
19896
19903
19904
19032
19864
19906
19907
19909
5087
5109
5561
19906
19908
19910
19912
5088
5110
5562
5089
5111
5563
5090
5112
5564
44498
44500
44502
44875
44876
44877
19871
44497
44498
44500
19039
19878
19913
19915
44497
19046
19919
19920
19922
44484
5094
5115
5568
19919
19921
19923
19925
44080
44081
44082
44083
44511
44514
44515
5095
5116
5569
5096
5117
5570
5097
5118
5571
5098
5119
5572
5099
5120
5573
5100
5121
5574
5101
5122
5575
19927
19929
19931
44087
44088
44089
44090
44518
44521
44522
19051
19926
19927
19929
44491
19890
19933
44504
44505
44507
5104
5126
5579
44504
44506
44508
44510
44896
44897
44898
5105
5127
5580
5106
5128
5581
5107
5129
5582
19941
19943
19945
19064
19897
19940
19941
19943
19071
19907
19947
19948
19950
5110
5131
5585
19947
19949
19951
19953
44525
44528
44529
5111
5132
5586
5112
5133
5587
5113
5134
5588
5114
5135
5589
19955
19957
19959
20952
20953
20954
44498
44499
44502
44503
19913
19954
19955
19957
44094
19084
19961
44511
44512
44514
5117
5139
5593
20001
20004
20005
44101
44102
44103
44104
44511
44513
44515
44517
5118
5140
5594
44539
44542
44543
5119
5141
5595
44546
44549
44550
5120
5142
5596
44553
44556
44557
5121
5143
5597
44560
44563
44564
5122
5144
5598
20008
20011
20012
44108
44109
44110
44111
44519
44521
44523
19090
44518
44519
44521
19097
19927
19967
19969
44518
19934
19972
19973
19975
44115
5126
5148
5602
19972
19974
19976
19978
20985
20986
20987
44505
44506
44509
44510
5127
5149
5603
5128
5150
5604
5129
5151
5605
5130
5152
5606
19980
19982
19984
44574
44577
44578
19104
19941
19979
19980
19982
19986
44122
44525
44526
44528
5133
5155
5609
44525
44527
44529
44531
5134
5156
5610
5135
5157
5611
5136
5158
5612
44533
44535
44537
19955
44532
44533
44535
19962
19990
19991
19993
44129
44532
19996
19998
44512
19121
19996
20001
20002
20004
19127
20001
44539
44540
44542
19134
44539
44546
44547
44549
19141
44546
44553
44554
44556
19148
44553
44560
44561
44563
19154
20008
20009
20011
44560
19160
20008
20015
20017
44519
20020
20021
44136
19973
20020
44567
44568
44570
5149
5170
5624
44567
44569
44571
44573
5150
5171
5625
5151
5172
5626
5152
5173
5627
44575
44577
44579
44143
44574
44575
44577
19165
19980
20026
20027
44574
19170
20029
20030
20032
44526
5156
5175
5631
20029
20031
20033
20035
44595
44598
44599
5157
5176
5632
5158
5177
5633
5159
5178
5634
5160
5179
5635
44533
44534
44537
44538
44582
44584
44586
44931
44932
44933
19991
44581
44582
44584
19997
20036
20037
20039
44150
44581
19177
20036
20043
20049
20052
44540
19189
20049
20055
20056
44547
19195
20055
20060
20061
44554
19202
20060
20065
20068
44561
20071
20078
20079
20081
44157
20021
20078
44588
44589
44591
5170
5190
5646
44568
44569
44572
44573
44588
44590
44592
44594
44938
44939
44940
5171
5191
5647
5172
5192
5648
5173
5193
5649
5174
5194
5650
20086
20088
20090
44616
44619
44620
19215
20085
20086
20088
44575
20092
44164
44595
44596
44598
5177
5197
5653
44595
44597
44599
44601
44623
44626
44627
5178
5198
5654
5179
5199
5655
5180
5200
5656
5181
5201
5657
44582
44583
44586
44587
5182
5202
5658
20037
20038
20041
20042
21127
21128
21129
44603
44605
44607
20043
44602
44603
44605
20050
20096
20097
20099
44171
44602
20096
20103
20104
20106
44178
20103
20110
20111
20113
44185
20066
20110
20117
20118
20120
44192
20072
20117
44609
44610
44612
5189
5209
5663
20079
20080
20083
20084
21172
21173
21174
44609
44611
44613
44615
5190
5210
5664
44589
44590
44593
44594
5191
5211
5665
5192
5212
5666
5193
5213
5667
5194
5214
5668
44617
44619
44621
44630
44633
44634
44199
44616
44617
44619
19224
20086
20124
20125
44616
19228
20127
20129
44596
20127
44206
44623
44624
44626
5199
5217
5673
44623
44625
44627
44629
44637
44640
44641
5200
5218
5674
5201
5219
5675
5202
5220
5676
5203
5221
5677
5204
5222
5678
44603
44604
44607
44608
44966
44967
44968
5205
5223
5679
20097
20098
20101
20102
44973
44974
44975
5206
5224
5680
20104
20105
20108
20109
21187
21188
21189
5207
5225
5681
20111
20112
20115
20116
21194
21195
21196
5208
5226
5682
20118
20119
20122
20123
44980
44981
44982
5209
5227
5683
44610
44611
44614
44615
44987
44988
44989
5210
5228
5684
5211
5229
5685
5212
5230
5686
5213
5231
5687
5214
5232
5688
44631
44633
44635
44644
44647
44648
44213
44630
44631
44633
19233
20132
20133
20134
44617
44630
19239
20137
20138
20140
44624
20137
44220
44637
44638
44640
5219
5235
5693
44637
44639
44641
44643
44651
44654
44655
5220
5236
5694
5221
5237
5695
5222
5238
5696
5223
5239
5697
5224
5240
5698
5225
5241
5699
5226
5242
5700
5227
5243
5701
5228
5244
5702
5229
5245
5703
5230
5246
5704
5231
5247
5705
5232
5248
5706
44645
44647
44649
44658
44661
44662
44227
44644
44645
44647
19246
20144
20145
20147
44631
44644
19254
20151
20153
20155
44638
20153
44234
44651
44652
44654
5237
5252
5711
20167
20170
20171
44651
44653
44655
44657
5238
5253
5712
44665
44668
44669
5239
5254
5713
5240
5255
5714
5241
5256
5715
5242
5257
5716
5243
5258
5717
5244
5259
5718
5245
5260
5719
5246
5261
5720
5247
5262
5721
44672
44675
44676
5248
5263
5722
20174
20177
20178
44659
44661
44663
44241
44658
44659
44661
19259
20158
20159
20160
44645
44658
19262
20145
20158
20163
19264
20164
20165
44652
19269
20164
20167
20168
20170
20167
44248
44665
44666
44668
5255
5266
5729
20187
20190
20191
44665
44667
44669
44671
5256
5267
5730
20194
20197
20198
5257
5268
5731
20201
20204
20205
5258
5269
5732
20208
20211
20212
5259
5270
5733
20215
20218
20219
5260
5271
5734
20222
20225
20226
5261
5272
5735
20229
20232
20233
5262
5273
5736
20236
20239
20240
44673
44675
44677
44255
44672
44673
44675
19276
20174
20175
20177
44672
19281
20174
20181
20182
44659
19284
20184
20185
44666
19289
20184
20187
20188
20190
19296
20187
20194
20195
20197
19303
20194
20201
20202
20204
19310
20201
20208
20209
20211
19317
20208
20215
20216
20218
19324
20215
20222
20223
20225
19331
20222
20229
20230
20232
19338
20229
20236
20237
20239
19343
20236
20243
20244
44673
19346
20202
20246
20247
19349
20209
20246
20249
20250
19352
20216
20249
20252
20253
19355
20223
20252
20255
20256
19380
20278
20279
20281
19387
20278
20285
20286
20288
19394
20258
20285
20292
20293
20295
19401
20262
20292
20299
20300
20302
19408
20266
20299
20306
20307
20309
19415
20270
20306
20313
20314
20316
19422
20313
20320
20321
20323
19429
20320
20327
20328
20330
19444
20342
20343
20345
20274
20342
44262
44679
44680
44682
5290
5302
5764
20279
20280
20283
20284
44679
44681
44683
44685
5291
5303
5765
20286
20287
20290
20291
5292
5304
5766
20293
20294
20297
20298
5293
5305
5767
20300
20301
20304
20305
5294
5306
5768
20307
20308
20311
20312
5295
5307
5769
20314
20315
20318
20319
5296
5308
5770
20321
20322
20325
20326
5297
5309
5771
20328
20329
20332
20333
44687
44689
44691
20334
44269
44686
44687
44689
19451
20349
20350
20352
44686
20338
20362
44276
44693
44694
44696
5301
5317
5775
20343
20344
20347
20348
44693
44695
44697
44699
5302
5318
5776
44680
44681
44684
44685
5303
5319
5777
5304
5320
5778
5305
5321
5779
5306
5322
5780
5307
5323
5781
5308
5324
5782
5309
5325
5783
5310
5326
5784
5311
5327
5785
44687
44688
44691
44692
5312
5328
5786
20350
20351
20354
20355
44701
44703
44705
20356
44283
44700
44701
44703
19469
20368
20370
44700
19477
20375
20376
20378
20363
20375
44290
44707
44708
44710
5317
5334
5791
44694
44695
44698
44699
44707
44709
44711
44713
5318
5335
5792
5319
5336
5793
5320
5337
5794
5321
5338
5795
44728
44731
44732
5322
5339
5796
44735
44738
44739
5323
5340
5797
20395
20398
20399
45078
45079
45080
5324
5341
5798
20402
20405
20406
45085
45086
45087
5325
5342
5799
44742
44745
44746
5326
5343
5800
44749
44752
44753
5327
5344
5801
5328
5345
5802
5329
5346
5803
5330
5347
5804
44701
44702
44705
44706
44715
44717
44719
20368
44297
44714
44715
44717
19484
20373
20382
20383
20385
44714
20376
20389
44304
44721
44722
44724
5334
5353
5808
44708
44709
44712
44713
44721
44723
44725
44727
5335
5354
5809
5336
5355
5810
5337
5356
5811
5338
5357
5812
20418
20421
20422
44729
44731
44733
45106
45107
45108
44728
44729
44731
44728
44735
44736
44738
20395
20396
20398
44735
20395
20402
20403
20405
20402
44742
44743
44745
44742
44749
44750
44752
5345
5364
5819
20461
20464
20465
44749
44751
44753
44755
45113
45114
45115
5346
5365
5820
5347
5366
5821
5348
5367
5822
5349
5368
5823
44715
44716
44719
44720
44757
44759
44761
20383
44311
44756
44757
44759
19496
20409
20411
44756
20390
20414
44318
44763
44764
44766
5353
5374
5827
44722
44723
44726
44727
44763
44765
44767
44769
5354
5375
5828
5355
5376
5829
5356
5377
5830
44777
44780
44781
5357
5378
5831
20419
20421
20423
20478
20481
20482
21511
21512
21513
20418
20419
20421
20418
20425
20426
20428
44325
44729
19506
20425
20431
20432
20433
44736
19513
20396
20431
20437
20439
19520
20403
20437
20443
20445
19527
20443
20449
20451
44743
20449
20455
20456
20458
44332
44750
20455
20461
20462
20464
5366
5386
5838
20461
20463
20465
20467
20538
20541
20542
21566
21567
21568
5367
5387
5839
44784
44787
44788
5368
5388
5840
5369
5389
5841
5370
5390
5842
44757
44758
44761
44762
44771
44773
44775
20409
44339
44770
44771
44773
19532
20468
20469
44770
19537
20471
20472
20474
5374
5394
5846
20471
20473
20475
20477
44764
44765
44768
44769
5375
5395
5847
5376
5396
5848
5377
5397
5849
44778
44780
44782
44777
44778
44780
20478
20479
20481
44346
44777
19544
20419
20478
20485
20486
20488
20491
20498
20499
20501
19562
20498
20505
20506
20508
19568
20444
20505
20512
20513
20515
19575
20512
20519
20520
20522
20519
20526
20528
19587
20462
20532
20532
20538
20539
20541
44353
20538
44784
44785
44787
5389
5409
5861
44784
44786
44788
44790
5390
5410
5862
5391
5411
5863
5392
5412
5864
20546
20548
20550
44771
44772
44775
44776
19594
20468
20545
20546
20548
20472
20552
44360
44791
44792
44794
5395
5417
5867
44791
44793
44795
44797
5396
5418
5868
5397
5419
5869
5398
5420
5870
20557
20559
20561
20603
20606
20607
21633
21634
21635
20556
20557
20559
44367
44778
19605
20479
20556
20567
20568
20570
19616
20492
20567
44798
44799
44801
5403
5425
5875
20499
20500
20503
20504
44374
44375
44376
44377
44798
44800
44802
44804
5404
5426
5876
20506
20507
20510
20511
44381
44382
44383
44384
5405
5427
5877
20513
20514
20517
20518
44388
44389
44390
44391
5406
5428
5878
20520
20521
20524
20525
44395
44396
44397
44398
44806
44808
44810
19623
20526
44805
44806
44808
19630
20533
20574
20575
20577
44805
20581
20586
20587
20589
44402
44785
5410
5433
5883
20586
20588
20590
20592
20636
20639
20640
21666
21667
21668
5411
5434
5884
5412
5435
5885
5413
5436
5886
44813
44815
44817
20546
44409
44812
44813
44815
19640
20593
20594
44812
19645
20596
20597
20599
5417
5440
5890
20596
20598
20600
20602
44792
44793
44796
44797
5418
5441
5891
5419
5442
5892
5420
5443
5893
20604
20606
20608
44819
44822
44823
45197
45198
45199
20603
20604
20606
19652
20557
20603
20610
20611
20613
20616
20617
20619
5424
5446
5896
20568
20569
20572
20573
20616
20618
20620
20622
44416
44417
44418
44419
5425
5447
5897
44799
44800
44803
44804
5426
5448
5898
5427
5449
5899
5428
5450
5900
5429
5451
5901
5430
5452
5902
44806
44807
44810
44811
5431
5453
5903
20575
20576
20579
20580
20624
20626
20628
44423
44424
44425
44426
19663
20582
20623
20624
20626
19669
20587
20630
20630
20636
20637
20639
5435
5457
5907
20636
20638
20640
20642
44840
44843
44844
45218
45219
45220
5436
5458
5908
5437
5459
5909
5438
5460
5910
20644
20646
20648
44813
44814
44817
44818
19676
20593
20643
20644
20646
19683
20597
20650
20651
20653
5441
5463
5913
20650
20652
20654
20656
5442
5464
5914
5443
5465
5915
44820
44822
44824
44819
44820
44822
20604
20657
20658
20660
44430
44819
19696
20617
20663
44826
44827
44829
5447
5470
5920
44826
44828
44830
44832
5448
5471
5921
5449
5472
5922
5450
5473
5923
5451
5474
5924
5452
5475
5925
5453
5476
5926
5454
5477
5927
44834
44836
44838
19703
20624
44833
44834
44836
19709
20631
20670
20672
44833
20637
20676
20677
20679
44437
20676
44840
44841
44843
5459
5482
5931
44840
44842
44844
44846
5460
5483
5932
5461
5484
5933
20683
20685
20687
19716
20644
20682
20683
20685
19727
20651
20689
20693
20694
20696
5464
5488
5936
20693
20695
20697
20699
5465
5489
5937
5466
5490
5938
44848
44850
44852
44820
44847
44848
44850
19734
20658
20700
20701
20702
44847
20664
20706
20707
20709
5470
5494
5941
20706
20708
20710
20712
44444
44445
44446
44447
44827
44828
44831
44832
5471
5495
5942
5472
5496
5943
5473
5497
5944
5474
5498
5945
5475
5499
5946
5476
5500
5947
5477
5501
5948
5478
5502
5949
5479
5503
5950
20714
20716
20718
44451
44452
44453
44454
44834
44835
44838
44839
19747
20670
20713
20714
20716
19753
20677
20720
20720
44841
44854
44855
44857
5483
5506
5954
44854
44856
44858
44860
5484
5507
5955
5485
5508
5956
20727
20729
20731
19760
20683
20726
20727
20729
19765
20726
20733
20734
19774
20694
20736
20740
20741
20743
5489
5512
5960
20740
20742
20744
20746
5490
5513
5961
5491
5514
5962
20748
20750
20752
45239
45240
45241
20747
20748
20750
44848
19781
20701
20747
20754
20756
19787
20707
20760
20761
20763
5495
5518
5966
20760
20762
20764
20766
44458
44459
44460
44461
5496
5519
5967
5497
5520
5968
5498
5521
5969
5499
5522
5970
5500
5523
5971
5501
5524
5972
5502
5525
5973
5503
5526
5974
5504
5527
5975
20768
20770
20772
44465
44466
44467
44468
19792
20714
20767
20768
20770
20774
20781
20782
20784
44855
5507
5531
5979
20781
20783
20785
20787
45246
45247
45248
5508
5532
5980
5509
5533
5981
20789
20791
20793
19806
20727
20788
20789
20791
19811
20733
20788
20795
20796
19820
20741
20798
20802
20803
20805
5513
5537
5985
20802
20804
20806
20808
5514
5538
5986
5515
5539
5987
20810
20812
20814
45253
45254
45255
20748
20809
20810
20812
19827
20754
20809
20817
20818
19833
20761
20816
20822
20823
20825
5519
5543
5991
20822
20824
20826
20828
44472
44473
44474
44475
5520
5544
5992
5521
5545
5993
5522
5546
5994
5523
5547
5995
5524
5548
5996
5525
5549
5997
5526
5550
5998
5527
5551
5999
5528
5552
6000
20830
20832
20834
44479
44480
44481
44482
19838
20768
20829
20830
20832
20775
20829
20838
20782
20836
20842
20843
20845
5532
5555
6004
20842
20844
20846
20848
45260
45261
45262
5533
5556
6005
5534
5557
6006
20850
20852
20854
19852
20789
20849
20850
20852
19857
20795
20849
20856
20857
19866
20803
20859
20863
20864
20866
5538
5561
6010
20863
20865
20867
20869
5539
5562
6011
5540
5563
6012
44862
44864
44866
20810
44861
44862
44864
19873
20817
20870
20872
44861
19880
20823
20876
20877
20879
5544
5567
6015
20876
20878
20880
20882
44486
44487
44488
44489
44882
44885
44886
5545
5568
6016
5546
5569
6017
5547
5570
6018
5548
5571
6019
5549
5572
6020
5550
5573
6021
5551
5574
6022
5552
5575
6023
5553
5576
6024
20884
20886
20888
44493
44494
44495
44496
44889
44892
44893
19886
20830
20883
20884
20886
20843
20890
44868
44869
44871
5556
5580
6028
44868
44870
44872
44874
5557
5581
6029
5558
5582
6030
20898
20900
20902
19899
20850
20897
20898
20900
19904
20856
20897
20904
20905
19909
20864
20907
20908
20910
5562
5585
6034
20907
20909
20911
20913
5563
5586
6035
5564
5587
6036
44876
44878
44880
44862
44875
44876
44878
20870
20914
20915
20917
44500
44875
20877
20920
20922
19922
20920
44882
44883
44885
5569
5592
6041
44882
44884
44886
44888
5570
5593
6042
5571
5594
6043
5572
5595
6044
5573
5596
6045
5574
5597
6046
5575
5598
6047
5576
5599
6048
44890
44892
44894
19929
44889
44890
44892
19936
20884
20926
20927
20928
44889
20891
20932
20933
44507
20932
44869
44896
44897
44899
5581
5604
6053
44896
44898
44900
44902
5582
5605
6054
5583
5606
6055
20939
20941
20943
19943
20898
20938
20939
20941
19950
20908
20945
20946
20948
5586
5608
6058
20945
20947
20949
20951
44903
44906
44907
5587
5609
6059
5588
5610
6060
5589
5611
6061
20953
20955
20957
44876
44877
44880
44881
45281
45282
45283
20915
20952
20953
20955
19957
20952
20960
19964
20959
20965
20966
20968
44883
5593
5614
6065
20965
20967
20969
20971
21015
21018
21019
44514
44515
44516
44517
5594
5615
6066
44910
44913
44914
5595
5616
6067
5596
5617
6068
5597
5618
6069
5598
5619
6070
5599
5620
6071
44917
44920
44921
5600
5621
6072
20973
20975
20977
21022
21025
21026
44521
44522
44523
44524
19969
20972
20973
20975
44890
20927
20972
20982
20933
20979
20985
20986
20988
5604
5625
6076
20985
20987
20989
20991
44897
44898
44901
44902
45302
45303
45304
5605
5626
6077
5606
5627
6078
5607
5628
6079
20993
20995
20997
44924
44927
44928
19982
20939
20992
20993
20995
20999
44528
44903
44904
44906
5610
5631
6082
44903
44905
44907
44909
5611
5632
6083
5612
5633
6084
5613
5634
6085
20953
20954
20957
20958
21004
21006
21008
22012
22013
22014
20960
21003
21004
21006
44535
19998
21010
21015
21016
21018
20004
21015
44910
44911
44913
5617
5639
6090
21069
21072
21073
44542
44543
44544
44545
44910
44912
44914
44916
5618
5640
6091
21076
21079
21080
44549
44550
44551
44552
5619
5641
6092
21083
21086
21087
44556
44557
44558
44559
5620
5642
6093
21090
21093
21094
44563
44564
44565
44566
44918
44920
44922
20011
44917
44918
44920
20017
21022
21023
21025
44917
20973
21022
21030
20980
21033
21034
21036
44570
5625
5647
6098
20986
20987
20990
20991
21033
21035
21037
21039
22045
22046
22047
5626
5648
6099
5627
5649
6100
5628
5650
6101
44925
44927
44929
44577
44924
44925
44927
20027
20993
21040
21041
44924
20032
21043
21044
21046
44904
5632
5652
6105
21043
21045
21047
21049
44945
44948
44949
5633
5653
6106
5634
5654
6107
5635
5655
6108
44932
44934
44936
21004
44931
44932
44934
21011
21050
21051
21053
44584
44931
20039
21050
21058
20045
21057
21063
21065
44911
20052
21063
21069
21070
21072
20056
21069
21076
21077
21079
20061
21076
21083
21084
21086
20068
21083
21090
21091
21093
20074
21090
21097
21098
21099
44918
21023
21097
21106
21103
21109
21110
21112
44591
21034
21109
44938
44939
44941
5648
5666
6121
44938
44940
44942
44944
5649
5667
6122
5650
5668
6123
5651
5669
6124
21117
21119
21121
44952
44955
44956
20088
21116
21117
21119
44925
21123
44598
44945
44946
44948
5654
5672
6127
44945
44947
44949
44951
44959
44962
44963
5655
5673
6128
5656
5674
6129
5657
5675
6130
44932
44933
44936
44937
5658
5676
6131
21051
21052
21055
21056
21128
21130
21132
22111
22112
22113
21058
21127
21128
21130
21127
21134
21135
21137
44605
20099
21134
21140
21084
21146
21155
21159
21166
21167
44612
21104
21166
21172
21173
21175
5665
5685
6140
21110
21111
21114
21115
21172
21174
21176
21178
22164
22165
22166
5666
5686
6141
44939
44940
44943
44944
5667
5687
6142
5668
5688
6143
5669
5689
6144
44953
44955
44957
44994
44997
44998
44619
44952
44953
44955
20125
21117
21179
21180
44952
20129
21182
21184
44946
21182
44626
44959
44960
44962
5674
5692
6149
44959
44961
44963
44965
45001
45004
45005
5675
5693
6150
5676
5694
6151
5677
5695
6152
5678
5696
6153
21128
21129
21132
21133
44967
44969
44971
45386
45387
45388
21135
44966
44967
44969
21140
44966
44973
44974
44976
21147
21187
21188
21190
44973
21153
21187
21194
21195
21197
21160
21194
44980
44981
44983
21167
44980
44987
44988
44990
5685
5703
6160
21173
21174
21177
21178
44987
44989
44991
44993
45393
45394
45395
5686
5704
6161
5687
5705
6162
5688
5706
6163
5689
5707
6164
44995
44997
44999
45008
45011
45012
44633
44994
44995
44997
20134
21201
21202
21203
44953
44994
20140
21206
21207
21209
44960
21206
44640
45001
45002
45004
5694
5710
6169
45001
45003
45005
45007
45015
45018
45019
5695
5711
6170
5696
5712
6171
5697
5713
6172
5698
5714
6173
44967
44968
44971
44972
5699
5715
6174
44974
44975
44978
44979
5700
5716
6175
21188
21189
21192
21193
45414
45415
45416
5701
5717
6176
21195
21196
21199
21200
45421
45422
45423
5702
5718
6177
44981
44982
44985
44986
5703
5719
6178
44988
44989
44992
44993
5704
5720
6179
5705
5721
6180
5706
5722
6181
5707
5723
6182
45009
45011
45013
45022
45025
45026
44647
45008
45009
45011
20147
21213
21214
21216
44995
45008
20155
21220
21222
21224
45002
21222
44654
45015
45016
45018
5712
5727
6187
21236
21239
21240
45015
45017
45019
45021
5713
5728
6188
45029
45032
45033
5714
5729
6189
5715
5730
6190
5716
5731
6191
5717
5732
6192
5718
5733
6193
5719
5734
6194
5720
5735
6195
5721
5736
6196
5722
5737
6197
45036
45039
45040
5723
5738
6198
21243
21246
21247
45023
45025
45027
44661
45022
45023
45025
20160
21227
21228
21229
45009
45022
20163
21214
21227
21232
20165
21233
21234
45016
20170
21233
21236
21237
21239
21236
44668
45029
45030
45032
5730
5741
6205
21256
21259
21260
45029
45031
45033
45035
5731
5742
6206
21263
21266
21267
5732
5743
6207
21270
21273
21274
5733
5744
6208
21277
21280
21281
5734
5745
6209
21284
21287
21288
5735
5746
6210
21291
21294
21295
5736
5747
6211
21298
21301
21302
5737
5748
6212
21305
21308
21309
45037
45039
45041
44675
45036
45037
45039
20177
21243
21244
21246
45036
20182
21243
21250
21251
45023
20185
21253
21254
45030
20190
21253
21256
21257
21259
20197
21256
21263
21264
21266
20204
21263
21270
21271
21273
20211
21270
21277
21278
21280
20218
21277
21284
21285
21287
20225
21284
21291
21292
21294
20232
21291
21298
21299
21301
20239
21298
21305
21306
21308
20244
21305
21312
21313
45037
20247
21271
21315
21316
20250
21278
21315
21318
21319
20253
21285
21318
21321
21322
20256
21292
21321
21324
21325
20281
21347
21348
21350
20288
21347
21354
21355
21357
20295
21327
21354
21361
21362
21364
20302
21331
21361
21368
21369
21371
20309
21335
21368
21375
21376
21378
20316
21339
21375
21382
21383
21385
20323
21382
21389
21390
21392
20330
21389
21396
21397
21399
20345
21411
21412
21414
21343
21411
44682
45043
45044
45046
5765
5777
6240
21348
21349
21352
21353
45043
45045
45047
45049
5766
5778
6241
21355
21356
21359
21360
5767
5779
6242
21362
21363
21366
21367
5768
5780
6243
21369
21370
21373
21374
5769
5781
6244
21376
21377
21380
21381
5770
5782
6245
21383
21384
21387
21388
5771
5783
6246
21390
21391
21394
21395
5772
5784
6247
21397
21398
21401
21402
45051
45053
45055
21403
44689
45050
45051
45053
20352
21418
21419
21421
45050
21407
21431
44696
45057
45058
45060
5776
5792
6251
21412
21413
21416
21417
45057
45059
45061
45063
5777
5793
6252
45044
45045
45048
45049
5778
5794
6253
5779
5795
6254
5780
5796
6255
5781
5797
6256
45078
45081
45082
5782
5798
6257
45085
45088
45089
5783
5799
6258
5784
5800
6259
5785
5801
6260
5786
5802
6261
45051
45052
45055
45056
5787
5803
6262
21419
21420
21423
21424
45065
45067
45069
21425
44703
45064
45065
45067
20370
21437
21439
45064
20378
21444
21445
21447
21432
21444
44710
45071
45072
45074
5792
5809
6267
45058
45059
45062
45063
45071
45073
45075
45077
5793
5810
6268
5794
5811
6269
5795
5812
6270
45106
45109
45110
5796
5813
6271
21464
21467
21468
45498
45499
45500
5797
5814
6272
21471
21474
21475
22467
22468
22469
45079
45081
45083
45078
45079
45081
45078
45085
45086
45088
5800
5817
6275
21488
21491
21492
22488
22489
22490
45085
45087
45089
45091
5801
5818
6276
21495
21498
21499
45505
45506
45507
5802
5819
6277
45113
45116
45117
5803
5820
6278
5804
5821
6279
5805
5822
6280
45065
45066
45069
45070
45093
45095
45097
21437
44717
45092
45093
45095
20385
21442
21451
21452
21454
45092
21445
21458
44724
45099
45100
45102
5809
5828
6284
45072
45073
45076
45077
45099
45101
45103
45105
5810
5829
6285
5811
5830
6286
5812
5831
6287
21511
21514
21515
45107
45109
45111
45526
45527
45528
45106
45107
45109
21464
21465
21467
44731
45106
21464
21471
21472
21474
44738
20398
21471
21478
21479
21481
45079
20405
21478
21483
21484
21486
45086
21483
21488
21489
21491
44745
21488
21495
21496
21498
44752
21495
45113
45114
45116
5821
5838
6296
21566
21569
21570
45113
45115
45117
45119
45533
45534
45535
5822
5839
6297
5823
5840
6298
5824
5841
6299
45093
45094
45097
45098
45121
45123
45125
21452
44759
45120
45121
45123
20411
21502
21504
45120
21459
21507
44766
45127
45128
45130
5828
5847
6303
45100
45101
45104
45105
45127
45129
45131
45133
5829
5848
6304
5830
5849
6305
5831
5850
6306
21512
21514
21516
21583
21586
21587
45554
45555
45556
21511
21512
21514
20421
21511
21518
21519
21521
45107
20428
21465
21518
21524
21535
21536
21538
21535
21542
21543
21545
20458
21496
21555
20464
21555
21560
21561
21563
45114
21560
21566
21567
21569
5840
5860
6316
21566
21568
21570
21572
21615
21618
21619
45575
45576
45577
5841
5861
6317
5842
5862
6318
5843
5863
6319
45121
45122
45125
45126
45135
45137
45139
21502
44773
45134
45135
45137
20469
21573
21574
45134
20474
21576
21577
21579
5847
5867
6323
21576
21578
21580
21582
45128
45129
45132
45133
5848
5868
6324
5849
5869
6325
5850
5870
6326
21584
21586
21588
21633
21636
21637
45589
45590
45591
21583
21584
21586
44780
20481
21512
21583
21590
21591
21593
20494
21525
21596
45141
45142
45144
20501
21529
45141
45148
45149
45151
5855
5876
6331
20508
20509
20510
20511
21536
21537
21540
21541
45148
45150
45152
45154
5856
5877
6332
20515
20516
20517
20518
21543
21544
21547
21548
45156
45158
45160
20522
21549
45155
45156
45158
20528
21556
45155
45162
45163
45165
21603
21605
45162
20541
21567
21609
21609
21615
21616
21618
44787
5862
5883
6338
21615
21617
21619
21621
21666
21669
21670
45610
45611
45612
5863
5884
6339
5864
5885
6340
5865
5886
6341
21623
21625
21627
45135
45136
45139
45140
20548
21573
21622
21623
21625
21577
21629
44794
45169
45170
45172
5868
5891
6344
45169
45171
45173
45175
5869
5892
6345
5870
5893
6346
21634
21636
21638
45197
45200
45201
45624
45625
45626
21633
21634
21636
20559
21584
21633
21640
21641
21643
21646
21647
21649
20570
21597
21646
45176
45177
45179
5875
5897
6350
44801
44802
44803
44804
45142
45143
45146
45147
45176
45178
45180
45182
5876
5898
6351
45149
45150
45153
45154
5877
5899
6352
5878
5900
6353
5879
5901
6354
45156
45157
45160
45161
5880
5902
6355
44808
44809
44810
44811
45163
45164
45167
45168
45184
45186
45188
20577
21603
45183
45184
45186
20583
21610
21653
21654
21656
45183
20589
21616
21660
21660
21666
21667
21669
5885
5907
6360
21666
21668
21670
21672
45218
45221
45222
45645
45646
45647
5886
5908
6361
5887
5909
6362
45191
45193
45195
21623
44815
45190
45191
45193
20594
21673
21674
45190
20599
21676
21677
21679
5891
5913
6366
21676
21678
21680
21682
45170
45171
45174
45175
5892
5914
6367
5893
5915
6368
45198
45200
45202
45197
45198
45200
20606
21634
21683
21684
21686
45197
20619
21647
21689
45204
45205
45207
5897
5920
6373
45177
45178
45181
45182
45204
45206
45208
45210
5898
5921
6374
5899
5922
6375
5900
5923
6376
5901
5924
6377
5902
5925
6378
5903
5926
6379
5904
5927
6380
45184
45185
45188
45189
45212
45214
45216
20626
21654
45211
45212
45214
20633
21661
21696
21698
45211
20639
21667
21702
21703
21702
45218
45219
45221
5909
5931
6385
45218
45220
45222
45224
5910
5932
6386
5911
5933
6387
21709
21711
21713
45191
45192
45195
45196
20646
21673
21708
21709
21711
20653
21677
21715
21716
21718
5914
5936
6390
21715
21717
21719
21721
5915
5937
6391
5916
5938
6392
21723
21725
21727
45673
45674
45675
21722
21723
21725
44822
45198
20660
21684
21722
21729
20666
21690
41111
41112
41114
5920
5941
6396
41111
41113
41115
41117
44829
44830
44831
44832
45205
45206
45209
45210
5921
5942
6397
5922
5943
6398
5923
5944
6399
5924
5945
6400
5925
5946
6401
5926
5947
6402
5927
5948
6403
5928
5949
6404
5929
5950
6405
41119
41121
41123
44836
44837
44838
44839
45212
45213
45216
45217
20672
21696
41118
41119
41121
21733
21738
21739
21741
44843
45219
5932
5954
6409
21738
21740
21742
21744
45680
45681
45682
5933
5955
6410
5934
5956
6411
21746
21748
21750
20685
21709
21745
21746
21748
20696
21716
21752
21756
21757
21759
5937
5960
6414
21756
21758
21760
21762
5938
5961
6415
5939
5962
6416
21764
21766
21768
22781
22782
22783
45239
45242
45243
21723
21763
21764
21766
44850
20709
21770
41112
45225
45226
45228
5942
5966
6420
45225
45227
45229
45231
5943
5967
6421
5944
5968
6422
5945
5969
6423
5946
5970
6424
5947
5971
6425
5948
5972
6426
5949
5973
6427
5950
5974
6428
5951
5975
6429
45233
45235
45237
20716
41119
45232
45233
45235
20722
21734
21776
21777
45232
21739
21781
21782
21784
44857
5955
5979
6432
21781
21783
21785
21787
22815
22816
22817
45246
45249
45250
5956
5980
6433
5957
5981
6434
21789
21791
21793
20729
21746
21788
21789
21791
20734
21788
21795
21796
20743
21757
21798
21802
21803
21805
5961
5985
6438
21802
21804
21806
21808
5962
5986
6439
45240
45242
45244
45239
45240
45242
20750
21764
21809
21810
21812
45239
21814
21815
21817
5966
5990
6443
20763
20764
20765
20766
21814
21816
21818
21820
45226
45227
45230
45231
5967
5991
6444
5968
5992
6445
5969
5993
6446
5970
5994
6447
5971
5995
6448
5972
5996
6449
5973
5997
6450
5974
5998
6451
5975
5999
6452
5976
6000
6453
5977
6001
6454
20770
20771
20772
20773
21822
21824
21826
45233
45234
45237
45238
20777
21776
21821
21822
21824
20784
21782
21828
21829
21828
45246
45247
45249
5981
6005
6458
45246
45248
45250
45252
5982
6006
6459
21834
21836
21838
20791
21789
21833
21834
21836
20796
21795
21833
21840
21841
20805
21803
21843
21847
21848
21850
5986
6010
6463
21847
21849
21851
21853
5987
6011
6464
45254
45256
45258
45240
45253
45254
45256
20812
21810
21854
21855
21857
45253
21815
21859
21860
21862
5991
6014
6468
20825
20826
20827
20828
21859
21861
21863
21865
45267
45270
45271
5992
6015
6469
5993
6016
6470
5994
6017
6471
5995
6018
6472
5996
6019
6473
5997
6020
6474
5998
6021
6475
5999
6022
6476
6000
6023
6477
6001
6024
6478
6002
6025
6479
20832
20833
20834
20835
21867
21869
21871
45274
45277
45278
20838
21822
21866
21867
21869
20845
21829
21873
21874
21873
45247
45260
45261
45263
6006
6029
6483
45260
45262
45264
45266
6007
6030
6484
21879
21881
21883
20852
21834
21878
21879
21881
20857
21840
21878
21885
21886
20866
21848
21888
21892
21893
21895
6011
6034
6488
21892
21894
21896
21898
6012
6035
6489
6013
6036
6490
21900
21902
21904
22937
22938
22939
45254
45255
45258
45259
21855
21899
21900
21902
44864
20879
21906
45267
45268
45270
6016
6040
6494
45267
45269
45271
45273
6017
6041
6495
6018
6042
6496
6019
6043
6497
6020
6044
6498
6021
6045
6499
6022
6046
6500
6023
6047
6501
6024
6048
6502
6025
6049
6503
45275
45277
45279
20886
45274
45275
45277
20893
21867
21912
21913
45274
21874
21917
21918
21920
44871
6029
6053
6507
21917
21919
21921
21923
22970
22971
22972
45261
45262
45265
45266
6030
6054
6508
6031
6055
6509
21925
21927
21929
20900
21879
21924
21925
21927
20905
21885
21924
21931
21932
20910
21893
21934
21935
21937
6035
6058
6513
21934
21936
21938
21940
6036
6059
6514
6037
6060
6515
21942
21944
21946
45715
45716
45717
21900
21941
21942
21944
44878
20917
21941
21949
20922
21948
41125
41126
41128
45268
6041
6064
6519
41125
41127
41129
41131
44885
44886
44887
44888
45288
45291
45292
6042
6065
6520
6043
6066
6521
6044
6067
6522
6045
6068
6523
6046
6069
6524
6047
6070
6525
6048
6071
6526
6049
6072
6527
6050
6073
6528
41133
41135
41137
44892
44893
44894
44895
45295
45298
45299
20928
41132
41133
41135
45275
21912
21954
41132
21918
21952
21956
21957
21959
44899
6054
6077
6532
21956
21958
21960
21962
45722
45723
45724
6055
6078
6533
6056
6079
6534
21964
21966
21968
20941
21925
21963
21964
21966
20948
21935
21970
21971
21973
6059
6081
6537
21970
21972
21974
21976
45309
45312
45313
6060
6082
6538
6061
6083
6539
45282
45284
45286
21942
45281
45282
45284
20955
21949
21977
21978
21980
45281
21983
21985
41126
20968
21983
45288
45289
45291
6066
6088
6543
45288
45290
45292
45294
45316
45319
45320
6067
6089
6544
6068
6090
6545
6069
6091
6546
6070
6092
6547
6071
6093
6548
6072
6094
6549
6073
6095
6550
45296
45298
45300
45323
45326
45327
20975
45295
45296
45298
20982
21989
21990
21991
41133
45295
20988
21995
21996
21957
21995
45302
45303
45305
6078
6100
6555
45302
45304
45306
45308
6079
6101
6556
6080
6102
6557
22002
22004
22006
45330
45333
45334
20995
21964
22001
22002
22004
22008
44906
45309
45310
45312
6083
6105
6560
45309
45311
45313
45315
6084
6106
6561
6085
6107
6562
22013
22015
22017
45282
45283
45286
45287
45750
45751
45752
21978
22012
22013
22015
21006
22012
22020
21012
22019
22025
22026
22028
45289
21018
22025
45316
45317
45319
6090
6112
6567
44913
44914
44915
44916
45316
45318
45320
45322
45337
45340
45341
6091
6113
6568
45344
45347
45348
6092
6114
6569
6093
6115
6570
6094
6116
6571
45351
45354
45355
6095
6117
6572
44920
44921
44922
44923
45324
45326
45328
45358
45361
45362
21025
45323
45324
45326
21030
22032
22033
22035
45296
45323
21990
22032
22042
21996
22039
22045
22046
22048
6100
6122
6576
22045
22047
22049
22051
45303
45304
45307
45308
45771
45772
45773
6101
6123
6577
6102
6124
6578
45331
45333
45335
44927
45330
45331
45333
21041
22002
22052
22053
45330
21046
22055
22056
22058
45310
6106
6126
6582
22055
22057
22059
22061
45365
45368
45369
6107
6127
6583
6108
6128
6584
6109
6129
6585
22013
22014
22017
22018
22063
22065
22067
45785
45786
45787
22020
22062
22063
22065
44934
21053
22062
22070
21060
22069
22075
22077
45317
21065
22075
45337
45338
45340
21072
45337
45344
45345
45347
6115
6135
6591
21079
21080
21081
21082
22134
22137
22138
45344
45346
45348
45350
6116
6136
6592
21086
21087
21088
21089
22141
22144
22145
45352
45354
45356
21093
45351
45352
45354
21099
45351
45358
45359
45361
21106
22081
22082
22083
45324
45358
22033
22081
22090
22040
22087
22093
22094
22096
44941
6122
6142
6597
22046
22047
22050
22051
22093
22095
22097
22099
45806
45807
45808
6123
6143
6598
6124
6144
6599
6125
6145
6600
22101
22103
22105
45372
45375
45376
21119
22100
22101
22103
45331
22107
44948
45365
45366
45368
6128
6148
6603
45365
45367
45369
45371
45379
45382
45383
6129
6149
6604
6130
6150
6605
6131
6151
6606
22063
22064
22067
22068
22112
22114
22116
45820
45821
45822
22070
22111
22112
22114
21130
22111
22118
22119
22124
22127
45338
21142
22124
22129
22130
45345
21149
22129
22134
22135
22137
21155
22134
22141
22142
22144
21162
22141
22148
22149
45352
22148
22153
22156
45359
21175
22158
22159
22088
22158
22164
22165
22167
6142
6162
6616
22094
22095
22098
22099
22164
22166
22168
22170
45841
45842
45843
6143
6163
6617
6144
6164
6618
6145
6165
6619
45373
45375
45377
45400
45403
45404
44955
45372
45373
45375
21180
22101
22171
22172
45372
21184
22174
22176
45366
22174
44962
45379
45380
45382
6150
6168
6624
45379
45381
45383
45385
45407
45410
45411
6151
6169
6625
6152
6170
6626
6153
6171
6627
22112
22113
22116
22117
45387
45389
45391
45862
45863
45864
22119
45386
45387
45389
22125
22179
22180
22182
44969
45386
22179
22186
22187
22189
44976
21190
22186
22193
22194
21197
22193
22198
22199
22198
22203
22204
22206
44983
22154
22203
22210
22211
22213
44990
22159
22210
45393
45394
45396
6162
6180
6635
22165
22166
22169
22170
45393
45395
45397
45399
45869
45870
45871
6163
6181
6636
6164
6182
6637
6165
6183
6638
45401
45403
45405
45428
45431
45432
44997
45400
45401
45403
21203
22217
22218
22219
45373
45400
21209
22222
22223
22225
45380
22222
45004
45407
45408
45410
6170
6186
6643
45407
45409
45411
45413
45435
45438
45439
6171
6187
6644
6172
6188
6645
6173
6189
6646
45387
45388
45391
45392
6174
6190
6647
22180
22181
22184
22185
45890
45891
45892
6175
6191
6648
22187
22188
22191
22192
23263
23264
23265
45415
45417
45419
22194
45414
45415
45417
22199
45414
45421
45422
45424
6178
6194
6651
22204
22205
22208
22209
23284
23285
23286
45421
45423
45425
45427
6179
6195
6652
22211
22212
22215
22216
45897
45898
45899
6180
6196
6653
45394
45395
45398
45399
6181
6197
6654
6182
6198
6655
6183
6199
6656
45429
45431
45433
45442
45445
45446
45011
45428
45429
45431
21216
22229
22230
22232
45401
45428
21224
22236
22238
22240
45408
22238
45018
45435
45436
45438
6188
6203
6661
22252
22255
22256
45435
45437
45439
45441
6189
6204
6662
45449
45452
45453
6190
6205
6663
6191
6206
6664
6192
6207
6665
6193
6208
6666
45415
45416
45419
45420
6194
6209
6667
45422
45423
45426
45427
6195
6210
6668
6196
6211
6669
6197
6212
6670
6198
6213
6671
45456
45459
45460
6199
6214
6672
22259
22262
22263
45443
45445
45447
45025
45442
45443
45445
21229
22243
22244
22245
45429
45442
21232
22230
22243
22248
21234
22249
22250
45436
21239
22249
22252
22253
22255
22252
45032
45449
45450
45452
6206
6217
6679
22272
22275
22276
45449
45451
45453
45455
6207
6218
6680
22279
22282
22283
6208
6219
6681
22286
22289
22290
6209
6220
6682
22293
22296
22297
6210
6221
6683
22300
22303
22304
6211
6222
6684
22307
22310
22311
6212
6223
6685
22314
22317
22318
6213
6224
6686
22321
22324
22325
45457
45459
45461
45039
45456
45457
45459
21246
22259
22260
22262
45456
21251
22259
22266
22267
45443
21254
22269
22270
45450
21259
22269
22272
22273
22275
21266
22272
22279
22280
22282
21273
22279
22286
22287
22289
21280
22286
22293
22294
22296
21287
22293
22300
22301
22303
21294
22300
22307
22308
22310
21301
22307
22314
22315
22317
21308
22314
22321
22322
22324
21313
22321
22328
22329
45457
21316
22287
22331
22332
21319
22294
22331
22334
22335
21322
22301
22334
22337
22338
21325
22308
22337
22340
22341
21350
22363
22364
22366
21357
22363
22370
22371
22373
21364
22343
22370
22377
22378
22380
21371
22347
22377
22384
22385
22387
21378
22351
22384
22391
22392
22394
21385
22355
22391
22398
22399
22401
21392
22398
22405
22406
22408
21399
22405
22412
22413
22415
21414
22427
22428
22430
22359
22427
45046
45463
45464
45466
6241
6253
6714
22364
22365
22368
22369
45463
45465
45467
45469
6242
6254
6715
22371
22372
22375
22376
6243
6255
6716
22378
22379
22382
22383
6244
6256
6717
22385
22386
22389
22390
6245
6257
6718
22392
22393
22396
22397
6246
6258
6719
22399
22400
22403
22404
6247
6259
6720
22406
22407
22410
22411
6248
6260
6721
22413
22414
22417
22418
45471
45473
45475
22419
45053
45470
45471
45473
21421
22434
22435
22437
45470
22423
22447
45060
45477
45478
45480
6252
6268
6725
22428
22429
22432
22433
45477
45479
45481
45483
6253
6269
6726
45464
45465
45468
45469
6254
6270
6727
6255
6271
6728
45498
45501
45502
6256
6272
6729
22467
22470
22471
6257
6273
6730
22474
22477
22478
6258
6274
6731
22481
22484
22485
6259
6275
6732
22488
22491
22492
6260
6276
6733
45505
45508
45509
6261
6277
6734
6262
6278
6735
45471
45472
45475
45476
6263
6279
6736
22435
22436
22439
22440
45485
45487
45489
22441
45067
45484
45485
45487
21439
22453
22455
45484
21447
22460
22461
22463
22448
22460
45074
45491
45492
45494
6268
6285
6741
45478
45479
45482
45483
45491
45493
45495
45497
6269
6286
6742
6270
6287
6743
45526
45529
45530
6271
6288
6744
22508
22511
22512
45499
45501
45503
45498
45499
45501
22467
22468
22470
45498
22467
22474
22475
22477
45081
22474
22481
22482
22484
45088
22481
22488
22489
22491
22488
45505
45506
45508
6278
6295
6751
22551
22554
22555
45505
45507
45509
45511
6279
6296
6752
45533
45536
45537
6280
6297
6753
6281
6298
6754
45485
45486
45489
45490
45513
45515
45517
22453
45095
45512
45513
45515
21454
22458
22495
22496
22498
45512
22461
22502
45102
45519
45520
45522
6285
6304
6758
45492
45493
45496
45497
45519
45521
45523
45525
6286
6305
6759
6287
6306
6760
45527
45529
45531
45554
45557
45558
45526
45527
45529
22508
22509
22511
45109
45526
21467
22508
22515
22516
22518
45499
21474
22468
22515
22521
22523
21481
22475
22521
22527
22530
21486
22482
22527
22533
21491
22489
22533
22539
22541
21498
22539
22545
22546
22548
45506
22545
22551
22552
22554
45116
22551
45533
45534
45536
6298
6316
6770
45533
45535
45537
45539
45575
45578
45579
6299
6317
6771
6300
6318
6772
45513
45514
45517
45518
45541
45543
45545
22496
45123
45540
45541
45543
21504
22558
22560
45540
22503
22563
45130
45547
45548
45550
6304
6324
6776
45520
45521
45524
45525
45547
45549
45551
45553
6305
6325
6777
6306
6326
6778
45555
45557
45559
45589
45592
45593
45554
45555
45557
21514
22567
22568
22569
45527
45554
21521
22509
22567
22578
22579
22581
21531
22578
22585
22586
22588
21538
22528
22585
45561
45562
45564
21545
22534
45561
45568
45569
45571
21551
22540
22592
22593
22595
45568
22592
22599
22600
22602
21569
22606
22612
22614
45534
22612
45575
45576
45578
6318
6338
6790
45575
45577
45579
45581
45610
45613
45614
6319
6339
6791
6320
6340
6792
45541
45542
45545
45546
45583
45585
45587
22558
45137
45582
45583
45585
21574
22618
22619
45582
21579
22621
22622
22624
6324
6344
6796
22621
22623
22625
22627
45548
45549
45552
45553
6325
6345
6797
6326
6346
6798
45590
45592
45594
45624
45627
45628
45589
45590
45592
21586
22628
22629
22630
45555
45589
21599
22573
22634
45596
45597
45599
6330
6350
6803
22579
22580
22583
22584
45144
45145
45146
45147
45596
45598
45600
45602
6331
6351
6804
22586
22587
22590
22591
45151
45152
45153
45154
6332
6352
6805
45562
45563
45566
45567
6333
6353
6806
45569
45570
45573
45574
6334
6354
6807
22593
22594
22597
22598
45158
45159
45160
45161
6335
6355
6808
22600
22601
22604
22605
45165
45166
45167
45168
45604
45606
45608
21605
22607
45603
45604
45606
22641
22643
45603
21618
22647
22649
45576
22647
45610
45611
45613
6340
6360
6813
45610
45612
45614
45616
45645
45648
45649
6341
6361
6814
6342
6362
6815
22654
22656
22658
45583
45584
45587
45588
21625
22618
22653
22654
22656
22622
22660
45172
45617
45618
45620
6345
6367
6818
45617
45619
45621
45623
6346
6368
6819
45625
45627
45629
45624
45625
45627
21636
22664
22665
22666
45590
45624
21649
22635
22670
45631
45632
45634
6350
6373
6824
45179
45180
45181
45182
45597
45598
45601
45602
45631
45633
45635
45637
6351
6374
6825
6352
6375
6826
6353
6376
6827
6354
6377
6828
6355
6378
6829
6356
6379
6830
6357
6380
6831
45186
45187
45188
45189
45604
45605
45608
45609
45639
45641
45643
21656
22641
45638
45639
45641
21663
22677
22679
45638
21669
22683
22685
45611
22683
45645
45646
45648
6362
6385
6836
45645
45647
45649
45651
6363
6386
6837
45653
45655
45657
22654
45193
45652
45653
45655
21674
22689
22690
45652
21679
22692
22693
22695
6367
6390
6841
22692
22694
22696
22698
45618
45619
45622
45623
6368
6391
6842
6369
6392
6843
22700
22702
22704
45673
45676
45677
22699
22700
22702
45200
45625
21686
22665
22699
21692
22671
22706
45659
45660
45662
6373
6396
6846
45207
45208
45209
45210
45632
45633
45636
45637
45659
45661
45663
45665
6374
6397
6847
6375
6398
6848
6376
6399
6849
6377
6400
6850
6378
6401
6851
6379
6402
6852
6380
6403
6853
6381
6404
6854
6382
6405
6855
45214
45215
45216
45217
45639
45640
45643
45644
45667
45669
45671
21698
22677
45666
45667
45669
22712
22713
45666
22711
22716
22717
22719
45221
45646
6386
6409
6859
22716
22718
22720
22722
45680
45683
45684
6387
6410
6860
6388
6411
6861
22724
22726
22728
45653
45654
45657
45658
21711
22689
22723
22724
22726
21718
22693
22730
22731
22733
6391
6414
6864
22730
22732
22734
22736
6392
6415
6865
45674
45676
45678
45673
45674
45676
21725
22700
22737
22738
22740
45673
22743
22744
22746
6396
6419
6869
22743
22745
22747
22749
41114
41115
41116
41117
45660
45661
45664
45665
6397
6420
6870
6398
6421
6871
6399
6422
6872
6400
6423
6873
6401
6424
6874
6402
6425
6875
6403
6426
6876
6404
6427
6877
6405
6428
6878
6406
6429
6879
6407
6430
6880
22751
22753
22755
41121
41122
41123
41124
45667
45668
45671
45672
21736
22712
22750
22751
22753
21741
22717
22757
22758
22757
45680
45681
45683
6411
6433
6883
45680
45682
45684
45686
6412
6434
6884
22764
22766
22768
21748
22724
22763
22764
22766
21759
22731
22770
22774
22775
22777
6415
6438
6887
22774
22776
22778
22780
6416
6439
6888
22782
22784
22786
22781
22782
22784
45674
21766
22738
22781
22788
22790
21772
22744
22794
22795
22797
6420
6443
6892
22794
22796
22798
22800
45228
45229
45230
45231
6421
6444
6893
6422
6445
6894
6423
6446
6895
6424
6447
6896
6425
6448
6897
6426
6449
6898
6427
6450
6899
6428
6451
6900
6429
6452
6901
6430
6453
6902
6431
6454
6903
22802
22804
22806
45235
45236
45237
45238
21777
22751
22801
22802
22804
22808
22815
22816
22818
45681
6434
6458
6907
22815
22817
22819
22821
6435
6459
6908
22823
22825
22827
21791
22764
22822
22823
22825
21796
22822
22829
22830
21805
22775
22832
22836
22837
22839
6439
6463
6912
22836
22838
22840
22842
6440
6464
6913
22844
22846
22848
22782
22843
22844
22846
45242
21812
22788
22843
22851
22853
21817
22795
22850
45687
45688
45690
6444
6468
6917
45687
45689
45691
45693
6445
6469
6918
6446
6470
6919
6447
6471
6920
6448
6472
6921
6449
6473
6922
6450
6474
6923
6451
6475
6924
6452
6476
6925
6453
6477
6926
6454
6478
6927
6455
6479
6928
45695
45697
45699
21824
22802
45694
45695
45697
22809
22857
22859
45694
22816
22856
22862
22863
22865
45249
6459
6483
6932
22862
22864
22866
22868
6460
6484
6933
22870
22872
22874
21836
22823
22869
22870
22872
21841
22829
22869
22876
22877
21850
22837
22879
22883
22884
22886
6464
6488
6937
22883
22885
22887
22889
6465
6489
6938
22891
22893
22895
22844
22890
22891
22893
45256
21857
22851
22890
22898
21862
22897
45688
45701
45702
45704
6469
6493
6941
45701
45703
45705
45707
6470
6494
6942
6471
6495
6943
6472
6496
6944
6473
6497
6945
6474
6498
6946
6475
6499
6947
6476
6500
6948
6477
6501
6949
6478
6502
6950
6479
6503
6951
6480
6504
6952
45709
45711
45713
21869
45695
45708
45709
45711
22857
22904
22906
45708
22863
22903
22909
22910
22912
45263
6484
6508
6956
22909
22911
22913
22915
6485
6509
6957
22917
22919
22921
21881
22870
22916
22917
22919
21886
22876
22916
22923
22924
21895
22884
22926
22930
22931
22933
6489
6513
6961
22930
22932
22934
22936
6490
6514
6962
22938
22940
22942
22891
22937
22938
22940
21902
22898
22937
22945
22946
21908
22944
22950
22951
22953
45702
6494
6518
6966
22950
22952
22954
22956
45270
45271
45272
45273
6495
6519
6967
6496
6520
6968
6497
6521
6969
6498
6522
6970
6499
6523
6971
6500
6524
6972
6501
6525
6973
6502
6526
6974
6503
6527
6975
6504
6528
6976
6505
6529
6977
22958
22960
22962
45277
45278
45279
45280
21913
22957
22958
22960
45709
22904
22957
22966
22910
22964
22970
22971
22973
6509
6533
6981
22970
22972
22974
22976
6510
6534
6982
22978
22980
22982
21927
22917
22977
22978
22980
21932
22923
22977
22984
22985
21937
22931
22987
22988
22990
6514
6537
6986
22987
22989
22991
22993
6515
6538
6987
45716
45718
45720
22938
45715
45716
45718
21944
22945
22994
22995
22997
45715
22951
23000
23001
23003
6519
6541
6991
23000
23002
23004
23006
41128
41129
41130
41131
45729
45732
45733
6520
6542
6992
6521
6543
6993
6522
6544
6994
6523
6545
6995
6524
6546
6996
6525
6547
6997
6526
6548
6998
6527
6549
6999
6528
6550
7000
6529
6551
7001
6530
6552
7002
23008
23010
23012
41135
41136
41137
41138
45736
45739
45740
21954
22958
23007
23008
23010
21959
23014
23015
22971
23014
45722
45723
45725
6534
6556
7006
45722
45724
45726
45728
6535
6557
7007
23021
23023
23025
21966
22978
23020
23021
23023
21973
22988
23027
23028
23030
6538
6559
7010
23027
23029
23031
23033
45743
45746
45747
6539
6560
7011
6540
6561
7012
23035
23037
23039
45716
45717
45720
45721
22995
23034
23035
23037
45284
21985
23041
45729
45730
45732
6543
6565
7016
45291
45292
45293
45294
45729
45731
45733
45735
45757
45760
45761
6544
6566
7017
6545
6567
7018
6546
6568
7019
6547
6569
7020
6548
6570
7021
6549
6571
7022
6550
6572
7023
6551
6573
7024
6552
6574
7025
45298
45299
45300
45301
45737
45739
45741
45764
45767
45768
21991
45736
45737
45739
21998
23008
23047
23049
45736
23015
23052
23053
23055
45305
6556
6577
7029
23052
23054
23056
23058
45723
45724
45727
45728
6557
6578
7030
6558
6579
7031
23060
23062
23064
45778
45781
45782
22004
23021
23059
23060
23062
23066
45312
45743
45744
45746
6561
6582
7034
45743
45745
45747
45749
6562
6583
7035
45751
45753
45755
23035
45750
45751
45753
22015
23042
23070
23072
45750
23076
23078
45730
22028
23076
45757
45758
45760
6567
6588
7040
45319
45320
45321
45322
45757
45759
45761
45763
45792
45795
45796
6568
6589
7041
6569
6590
7042
6570
6591
7043
6571
6592
7044
6572
6593
7045
6573
6594
7046
6574
6595
7047
45326
45327
45328
45329
45765
45767
45769
45799
45802
45803
22035
45764
45765
45767
22042
23082
23083
23084
45737
45764
23053
23088
45771
45772
45774
6578
6599
7052
45771
45773
45775
45777
6579
6600
7053
45779
45781
45783
45333
45778
45779
45781
22053
23060
23095
23096
45778
22058
23098
23099
23101
45744
6583
6602
7057
23098
23100
23102
23104
45813
45816
45817
6584
6603
7058
6585
6604
7059
45751
45752
45755
45756
45786
45788
45790
23070
45785
45786
45788
22065
23105
23107
45785
22072
23111
23113
45758
22077
23111
45792
45793
45795
6590
6609
7064
23152
23155
23156
45340
45341
45342
45343
45792
45794
45796
45798
6591
6610
7065
23159
23162
23163
45347
45348
45349
45350
6592
6611
7066
45827
45830
45831
6593
6612
7067
45834
45837
45838
6594
6613
7068
23166
23169
23170
45354
45355
45356
45357
6595
6614
7069
23173
23176
23177
45361
45362
45363
45364
45800
45802
45804
22083
45799
45800
45802
22090
23117
23118
23119
45765
45799
23089
23123
45806
45807
45809
6599
6618
7074
45772
45773
45776
45777
45806
45808
45810
45812
6600
6619
7075
6601
6620
7076
23131
23133
23135
45848
45851
45852
22103
23130
23131
23133
45779
23137
45368
45813
45814
45816
6604
6623
7079
45813
45815
45817
45819
45855
45858
45859
6605
6624
7080
6606
6625
7081
45786
45787
45790
45791
45821
45823
45825
23105
45820
45821
45823
22114
23141
23143
45820
23147
23149
45793
22127
23147
23152
23153
23155
22130
23152
23159
23160
23162
22137
23159
45827
45828
45830
22144
45827
45834
45835
45837
22149
23166
23167
23169
45834
22156
23166
23173
23174
23176
22161
23173
23180
23182
45800
23124
23185
45841
45842
45844
6618
6637
7094
45807
45808
45811
45812
45841
45843
45845
45847
6619
6638
7095
6620
6639
7096
45849
45851
45853
45876
45879
45880
45375
45848
45849
45851
22172
23131
23192
23193
45848
22176
23195
23197
45814
23195
45382
45855
45856
45858
6625
6642
7101
45855
45857
45859
45861
45883
45886
45887
6626
6643
7102
6627
6644
7103
45821
45822
45825
45826
45863
45865
45867
23141
45862
45863
45865
23148
23200
23201
23203
45389
45862
22182
23200
23207
23208
23213
23220
23223
45828
23220
23226
23229
45835
23167
23226
23234
22213
23238
23239
23238
23244
23245
23247
45396
23186
23244
45869
45870
45872
6637
6655
7113
45842
45843
45846
45847
45869
45871
45873
45875
6638
6656
7114
6639
6657
7115
45877
45879
45881
45904
45907
45908
45403
45876
45877
45879
22219
23251
23252
23253
45849
45876
22225
23256
23257
23259
45856
23256
45410
45883
45884
45886
6644
6660
7120
45883
45885
45887
45889
45911
45914
45915
6645
6661
7121
6646
6662
7122
45863
45864
45867
45868
6647
6663
7123
23201
23202
23205
23206
45891
45893
45895
23208
45890
45891
45893
23214
23263
23264
23266
45890
23221
23263
23270
23271
23273
45417
23227
23270
23277
23278
23280
45424
23232
23277
23284
23285
23287
23239
23284
45897
45898
45900
6654
6670
7130
23245
23246
23249
23250
45897
45899
45901
45903
6655
6671
7131
45870
45871
45874
45875
6656
6672
7132
6657
6673
7133
45905
45907
45909
45918
45921
45922
45431
45904
45905
45907
22232
23291
23292
23294
45877
45904
22240
23298
23300
23302
45884
23300
45438
45911
45912
45914
6662
6677
7138
23314
23317
23318
45911
45913
45915
45917
6663
6678
7139
45925
45928
45929
6664
6679
7140
6665
6680
7141
45891
45892
45895
45896
6666
6681
7142
23264
23265
23268
23269
6667
6682
7143
23271
23272
23275
23276
6668
6683
7144
23278
23279
23282
23283
6669
6684
7145
23285
23286
23289
23290
6670
6685
7146
45898
45899
45902
45903
6671
6686
7147
6672
6687
7148
45932
45935
45936
6673
6688
7149
23321
23324
23325
45919
45921
45923
45445
45918
45919
45921
22245
23305
23306
23307
45905
45918
22248
23292
23305
23310
22250
23311
23312
45912
22255
23311
23314
23315
23317
23314
45452
45925
45926
45928
6680
6691
7156
23334
23337
23338
45925
45927
45929
45931
6681
6692
7157
23341
23344
23345
6682
6693
7158
23348
23351
23352
6683
6694
7159
23355
23358
23359
6684
6695
7160
23362
23365
23366
6685
6696
7161
23369
23372
23373
6686
6697
7162
23376
23379
23380
6687
6698
7163
23383
23386
23387
45933
45935
45937
45459
45932
45933
45935
22262
23321
23322
23324
45932
22267
23321
23328
23329
45919
22270
23331
23332
45926
22275
23331
23334
23335
23337
22282
23334
23341
23342
23344
22289
23341
23348
23349
23351
22296
23348
23355
23356
23358
22303
23355
23362
23363
23365
22310
23362
23369
23370
23372
22317
23369
23376
23377
23379
22324
23376
23383
23384
23386
22329
23383
23390
23391
45933
22332
23349
23393
23394
22335
23356
23393
23396
23397
22338
23363
23396
23399
23400
22341
23370
23399
23402
23403
22366
23425
23426
23428
22373
23425
23432
23433
23435
22380
23405
23432
23439
23440
23442
22387
23409
23439
23446
23447
23449
22394
23413
23446
23453
23454
23456
22401
23417
23453
23460
23461
23463
22408
23460
23467
23468
23470
22415
23467
23474
23475
23477
22430
23489
23490
23492
23421
23489
45466
45939
45940
45942
6715
6727
7191
23426
23427
23430
23431
45939
45941
45943
45945
6716
6728
7192
23433
23434
23437
23438
6717
6729
7193
23440
23441
23444
23445
6718
6730
7194
23447
23448
23451
23452
6719
6731
7195
23454
23455
23458
23459
6720
6732
7196
23461
23462
23465
23466
6721
6733
7197
23468
23469
23472
23473
6722
6734
7198
23475
23476
23479
23480
45947
45949
45951
23481
45473
45946
45947
45949
22437
23496
23497
23499
45946
23485
23509
45480
45953
45954
45956
6726
6742
7202
23490
23491
23494
23495
45953
45955
45957
45959
6727
6743
7203
45940
45941
45944
45945
6728
6744
7204
6729
6745
7205
45974
45977
45978
6730
6746
7206
23529
23532
23533
6731
6747
7207
23536
23539
23540
6732
6748
7208
23543
23546
23547
6733
6749
7209
23550
23553
23554
6734
6750
7210
45981
45984
45985
6735
6751
7211
6736
6752
7212
45947
45948
45951
45952
6737
6753
7213
23497
23498
23501
23502
45961
45963
45965
23503
45487
45960
45961
45963
22455
23515
23517
45960
22463
23522
23523
23525
23510
23522
45494
45967
45968
45970
6742
6759
7218
45954
45955
45958
45959
45967
45969
45971
45973
6743
6760
7219
6744
6761
7220
46002
46005
46006
6745
6762
7221
23570
23573
23574
45975
45977
45979
45501
45974
45975
45977
22470
23529
23530
23532
45974
22477
23529
23536
23537
23539
22484
23536
23543
23544
23546
22491
23543
23550
23551
23553
23550
45508
45981
45982
45984
6752
6768
7228
23612
23615
23616
45981
45983
45985
45987
6753
6769
7229
46009
46012
46013
6754
6770
7230
6755
6771
7231
45961
45962
45965
45966
45989
45991
45993
23515
45515
45988
45989
45991
22498
23520
23557
23558
23560
45988
23523
23564
45522
45995
45996
45998
6759
6777
7235
45968
45969
45972
45973
45995
45997
45999
46001
6760
6778
7236
6761
6779
7237
46003
46005
46007
46030
46033
46034
45529
46002
46003
46005
22511
23570
23571
23573
46002
22518
23570
23577
23579
45975
22523
23530
23577
23582
23585
22530
23537
23582
23591
22541
23551
23594
23600
23603
22548
23600
23607
23609
45982
22554
23607
23612
23613
23615
23612
45536
46009
46010
46012
6771
6789
7247
46009
46011
46013
46015
46051
46054
46055
6772
6790
7248
6773
6791
7249
45989
45990
45993
45994
46017
46019
46021
23558
45543
46016
46017
46019
22560
23619
23621
46016
23565
23624
45550
46023
46024
46026
6777
6797
7253
45996
45997
46000
46001
46023
46025
46027
46029
6778
6798
7254
6779
6799
7255
46031
46033
46035
46065
46068
46069
45557
46030
46031
46033
22569
23628
23629
23631
46003
46030
22581
23635
23641
23642
23644
22588
23583
23641
23648
23649
23651
23589
23648
45564
46037
46038
46040
23595
45571
46037
46044
46045
46047
22595
23601
23655
23656
23658
46044
22602
23608
23655
23662
23663
23665
22609
23662
23669
23671
22614
23674
23677
46010
23674
45578
46051
46052
46054
6791
6812
7267
46051
46053
46055
46057
46086
46089
46090
6792
6813
7268
6793
6814
7269
46017
46018
46021
46022
46059
46061
46063
23619
45585
46058
46059
46061
22619
23681
23682
46058
22624
23684
23685
23687
6797
6818
7273
23684
23686
23688
23690
46024
46025
46028
46029
6798
6819
7274
6799
6820
7275
46066
46068
46070
46100
46103
46104
45592
46065
46066
46068
22630
23691
23692
23694
46031
46065
22637
23698
23699
23701
23636
23698
45599
46072
46073
46075
6804
6825
7280
23642
23643
23646
23647
46072
46074
46076
46078
6805
6826
7281
23649
23650
23653
23654
6806
6827
7282
46038
46039
46042
46043
6807
6828
7283
46045
46046
46049
46050
6808
6829
7284
23656
23657
23660
23661
6809
6830
7285
23663
23664
23667
23668
46080
46082
46084
23669
45606
46079
46080
46082
22643
23675
23705
23706
23708
46079
22649
23712
23715
46052
23712
45613
46086
46087
46089
6814
6835
7290
46086
46088
46090
46092
46107
46110
46111
6815
6836
7291
6816
6837
7292
23720
23722
23724
46059
46060
46063
46064
22656
23681
23719
23720
23722
23685
23726
45620
46093
46094
46096
6819
6842
7295
46093
46095
46097
46099
6820
6843
7296
46101
46103
46105
45627
46100
46101
46103
22666
23730
23731
23733
46066
46100
22673
23737
23738
23740
6824
6846
7300
23699
23700
23703
23704
23737
23739
23741
23743
45634
45635
45636
45637
6825
6847
7301
46073
46074
46077
46078
6826
6848
7302
6827
6849
7303
6828
6850
7304
6829
6851
7305
6830
6852
7306
6831
6853
7307
6832
6854
7308
46080
46081
46084
46085
6833
6855
7309
23706
23707
23710
23711
23745
23747
23749
45641
45642
45643
45644
22679
23713
23744
23745
23747
22685
23751
23754
46087
23751
45648
46107
46108
46110
6837
6859
7313
46107
46109
46111
46113
6838
6860
7314
46115
46117
46119
23720
45655
46114
46115
46117
22690
23758
23759
46114
22695
23761
23762
23764
6842
6864
7318
23761
23763
23765
23767
46094
46095
46098
46099
6843
6865
7319
6844
6866
7320
23769
23771
23773
46135
46138
46139
22702
23768
23769
23771
46101
23738
23775
45662
46121
46122
46124
6847
6870
7323
46121
46123
46125
46127
6848
6871
7324
6849
6872
7325
6850
6873
7326
6851
6874
7327
6852
6875
7328
6853
6876
7329
6854
6877
7330
6855
6878
7331
6856
6879
7332
46129
46131
46133
23745
45669
46128
46129
46131
22713
23752
23781
23783
46128
22719
23786
23787
23789
46108
6860
6882
7336
23786
23788
23790
23792
46142
46145
46146
6861
6883
7337
6862
6884
7338
23794
23796
23798
46115
46116
46119
46120
22726
23758
23793
23794
23796
22733
23762
23800
23801
23803
6865
6887
7341
23800
23802
23804
23806
6866
6888
7342
46136
46138
46140
45676
46135
46136
46138
22740
23769
23807
23809
46135
22746
23776
23812
23813
23815
6870
6892
7346
23812
23814
23816
23818
46122
46123
46126
46127
6871
6893
7347
6872
6894
7348
6873
6895
7349
6874
6896
7350
6875
6897
7351
6876
6898
7352
6877
6899
7353
6878
6900
7354
6879
6901
7355
6880
6902
7356
6881
6903
7357
23820
23822
23824
46129
46130
46133
46134
22753
23781
23819
23820
23822
23826
45683
46142
46143
46145
6884
6907
7360
46142
46144
46146
46148
6885
6908
7361
23833
23835
23837
22766
23794
23832
23833
23835
22777
23801
23839
23843
23844
23846
6888
6912
7364
23843
23845
23847
23849
6889
6913
7365
23851
23853
23855
22784
23850
23851
23853
46136
22790
23807
23850
23858
23860
22797
23813
23857
23864
23865
23867
6893
6917
7369
23864
23866
23868
23870
6894
6918
7370
6895
6919
7371
6896
6920
7372
6897
6921
7373
6898
6922
7374
6899
6923
7375
6900
6924
7376
6901
6925
7377
6902
6926
7378
6903
6927
7379
6904
6928
7380
23872
23874
23876
22804
23820
23871
23872
23874
22811
23827
23871
23879
23881
22818
23878
23885
23886
23888
46143
6908
6932
7384
23885
23887
23889
23891
6909
6933
7385
23893
23895
23897
22825
23833
23892
23893
23895
22830
23892
23899
23900
22839
23844
23902
23906
23907
23909
6913
6937
7389
23906
23908
23910
23912
6914
6938
7390
23914
23916
23918
22846
23851
23913
23914
23916
22853
23858
23913
23922
23865
23920
45690
46149
46150
46152
6918
6941
7394
46149
46151
46153
46155
6919
6942
7395
6920
6943
7396
6921
6944
7397
6922
6945
7398
6923
6946
7399
6924
6947
7400
6925
6948
7401
6926
6949
7402
6927
6950
7403
6928
6951
7404
6929
6952
7405
46157
46159
46161
23872
45697
46156
46157
46159
22859
23879
23926
23927
46156
22865
23886
23925
23930
23931
23933
6933
6956
7409
23930
23932
23934
23936
6934
6957
7410
23938
23940
23942
22872
23893
23937
23938
23940
22877
23899
23937
23944
23945
22886
23907
23947
23951
23952
23954
6938
6961
7414
23951
23953
23955
23957
6939
6962
7415
23959
23961
23963
22893
23914
23958
23959
23961
23965
45704
46150
46163
46164
46166
6942
6966
7418
46163
46165
46167
46169
6943
6967
7419
6944
6968
7420
6945
6969
7421
6946
6970
7422
6947
6971
7423
6948
6972
7424
6949
6973
7425
6950
6974
7426
6951
6975
7427
6952
6976
7428
6953
6977
7429
46171
46173
46175
45711
46157
46170
46171
46173
22906
23926
23971
23973
46170
22912
23931
23976
23977
23979
6957
6981
7433
23976
23978
23980
23982
6958
6982
7434
23984
23986
23988
22919
23938
23983
23984
23986
22924
23944
23983
23990
23991
22933
23952
23993
23997
23998
24000
6962
6986
7438
23997
23999
24001
24003
6963
6987
7439
24005
24007
24009
22940
23959
24004
24005
24007
22946
23966
24004
24012
24014
22953
24011
24018
24019
24021
46164
6967
6991
7443
24018
24020
24022
24024
6968
6992
7444
6969
6993
7445
6970
6994
7446
6971
6995
7447
6972
6996
7448
6973
6997
7449
6974
6998
7450
6975
6999
7451
6976
7000
7452
6977
7001
7453
6978
7002
7454
24026
24028
24030
22960
24025
24026
24028
46171
22966
23971
24025
24033
24035
22973
23977
24032
24039
24040
24042
6982
7006
7458
24039
24041
24043
24045
6983
7007
7459
24047
24049
24051
22980
23984
24046
24047
24049
22985
23990
24046
24053
24054
22990
23998
24056
24057
24059
6987
7010
7463
24056
24058
24060
24062
6988
7011
7464
46178
46180
46182
24005
45718
46177
46178
46180
22997
24012
24064
24065
46177
23003
24019
24063
24068
24069
24071
6992
7015
7468
24068
24070
24072
24074
46191
46194
46195
6993
7016
7469
6994
7017
7470
6995
7018
7471
6996
7019
7472
6997
7020
7473
6998
7021
7474
6999
7022
7475
7000
7023
7476
7001
7024
7477
7002
7025
7478
7003
7026
7479
24076
24078
24080
46198
46201
46202
23010
24026
24075
24076
24078
23017
24033
24075
24084
24040
24082
45725
46184
46185
46187
7007
7030
7483
46184
46186
46188
46190
7008
7031
7484
24088
24090
24092
23023
24047
24087
24088
24090
23030
24057
24094
24095
24097
7011
7033
7487
24094
24096
24098
24100
46205
46208
46209
7012
7034
7488
7013
7035
7489
24102
24104
24106
46178
46179
46182
46183
23037
24064
24101
24102
24104
23044
24069
24108
24110
24108
45732
46191
46192
46194
7017
7039
7493
46191
46193
46195
46197
7018
7040
7494
7019
7041
7495
7020
7042
7496
7021
7043
7497
7022
7044
7498
7023
7045
7499
7024
7046
7500
7025
7047
7501
7026
7048
7502
46199
46201
46203
45739
46198
46199
46201
23049
24076
24113
24114
24115
46198
23055
24118
24119
24121
7030
7052
7506
24118
24120
24122
24124
46185
46186
46189
46190
7031
7053
7507
7032
7054
7508
24126
24128
24130
46226
46229
46230
23062
24088
24125
24126
24128
24132
45746
46205
46206
46208
7035
7057
7511
46205
46207
46209
46211
7036
7058
7512
46213
46215
46217
24102
45753
46212
46213
46215
23072
24137
24139
46212
23078
24136
24143
24144
24146
46192
7040
7062
7516
24143
24145
24147
24149
24181
24184
24185
45760
45761
45762
45763
7041
7063
7517
46240
46243
46244
7042
7064
7518
7043
7065
7519
7044
7066
7520
7045
7067
7521
7046
7068
7522
7047
7069
7523
7048
7070
7524
46247
46250
46251
7049
7071
7525
24151
24153
24155
24188
24191
24192
45767
45768
45769
45770
23084
24150
24151
24153
46199
23091
24114
24150
24160
24119
24157
45774
46219
46220
46222
7053
7075
7529
46219
46221
46223
46225
7054
7076
7530
46227
46229
46231
45781
46226
46227
46229
23096
24126
24164
24165
46226
23101
24167
24168
24170
46206
7058
7078
7534
24167
24169
24171
24173
46261
46264
46265
7059
7079
7535
7060
7080
7536
46213
46214
46217
46218
46234
46236
46238
24137
45788
46233
46234
46236
23107
24175
24177
46233
23113
24174
24181
24182
24184
24181
45795
46240
46241
46243
7065
7085
7541
24225
24228
24229
46240
46242
46244
46246
7066
7086
7542
24232
24235
24236
7067
7087
7543
46275
46278
46279
7068
7088
7544
46282
46285
46286
7069
7089
7545
24239
24242
24243
7070
7090
7546
24246
24249
24250
46248
46250
46252
45802
46247
46248
46250
23119
24188
24189
24191
46247
23126
24151
24188
24198
24158
24195
45809
46254
46255
46257
7075
7095
7551
46220
46221
46224
46225
46254
46256
46258
46260
7076
7096
7552
7077
7097
7553
24203
24205
24207
46296
46299
46300
23133
24202
24203
24205
46227
24209
45816
46261
46262
46264
7080
7100
7556
46261
46263
46265
46267
46303
46306
46307
7081
7101
7557
7082
7102
7558
46234
46235
46238
46239
46269
46271
46273
24175
45823
46268
46269
46271
23143
24214
24216
46268
23149
24213
24220
24222
46241
23155
24220
24225
24226
24228
23162
24225
24232
24233
24235
24232
45830
46275
46276
46278
45837
46275
46282
46283
46285
23169
24239
24240
24242
46282
23176
24239
24246
24247
24249
23182
24246
24253
24254
24255
46248
23188
24189
24253
24261
24196
24258
45844
46289
46290
46292
7095
7114
7571
46255
46256
46259
46260
46289
46291
46293
46295
7096
7115
7572
7097
7116
7573
46297
46299
46301
46324
46327
46328
45851
46296
46297
46299
23193
24203
24265
24266
46296
23197
24268
24270
46262
24268
45858
46303
46304
46306
7102
7119
7578
46303
46305
46307
46309
46331
46334
46335
7103
7120
7579
7104
7121
7580
46269
46270
46273
46274
46311
46313
46315
24214
45865
46310
46311
46313
23203
24273
24274
24276
46310
23216
24233
24280
24286
24289
23223
24286
24293
24295
46276
23229
24293
24298
24300
46283
23234
24240
24298
24303
24306
23241
24247
24303
24312
23247
24315
24316
24318
24259
24315
45872
46317
46318
46320
7114
7132
7590
46290
46291
46294
46295
46317
46319
46321
46323
7115
7133
7591
7116
7134
7592
46325
46327
46329
46352
46355
46356
45879
46324
46325
46327
23253
24322
24323
24324
46297
46324
23259
24327
24328
24330
46304
24327
45886
46331
46332
46334
7121
7137
7597
46331
46333
46335
46337
46359
46362
46363
7122
7138
7598
7123
7139
7599
46311
46312
46315
46316
7124
7140
7600
24274
24275
24278
24279
46339
46341
46343
24281
45893
46338
46339
46341
23266
24287
24334
24335
24337
46338
23273
24294
24334
24341
24342
24344
23280
24341
24348
24349
24351
23287
24304
24348
24355
24356
24358
24310
24355
45900
46345
46346
46348
7131
7147
7607
24316
24317
24320
24321
46345
46347
46349
46351
7132
7148
7608
46318
46319
46322
46323
7133
7149
7609
7134
7150
7610
46353
46355
46357
46366
46369
46370
45907
46352
46353
46355
23294
24362
24363
24365
46325
46352
23302
24369
24371
24373
46332
24371
45914
46359
46360
46362
7139
7154
7615
24385
24388
24389
46359
46361
46363
46365
7140
7155
7616
46373
46376
46377
7141
7156
7617
7142
7157
7618
46339
46340
46343
46344
7143
7158
7619
24335
24336
24339
24340
7144
7159
7620
24342
24343
24346
24347
7145
7160
7621
24349
24350
24353
24354
7146
7161
7622
24356
24357
24360
24361
7147
7162
7623
46346
46347
46350
46351
7148
7163
7624
7149
7164
7625
46380
46383
46384
7150
7165
7626
24392
24395
24396
46367
46369
46371
45921
46366
46367
46369
23307
24376
24377
24378
46353
46366
23310
24363
24376
24381
23312
24382
24383
46360
23317
24382
24385
24386
24388
24385
45928
46373
46374
46376
7157
7168
7633
24405
24408
24409
46373
46375
46377
46379
7158
7169
7634
24412
24415
24416
7159
7170
7635
24419
24422
24423
7160
7171
7636
24426
24429
24430
7161
7172
7637
24433
24436
24437
7162
7173
7638
24440
24443
24444
7163
7174
7639
24447
24450
24451
7164
7175
7640
24454
24457
24458
46381
46383
46385
45935
46380
46381
46383
23324
24392
24393
24395
46380
23329
24392
24399
24400
46367
23332
24402
24403
46374
23337
24402
24405
24406
24408
23344
24405
24412
24413
24415
23351
24412
24419
24420
24422
23358
24419
24426
24427
24429
23365
24426
24433
24434
24436
23372
24433
24440
24441
24443
23379
24440
24447
24448
24450
23386
24447
24454
24455
24457
23391
24454
24461
24462
46381
23394
24420
24464
24465
23397
24427
24464
24467
24468
23400
24434
24467
24470
24471
23403
24441
24470
24473
24474
23428
24496
24497
24499
23435
24496
24503
24504
24506
23442
24476
24503
24510
24511
24513
23449
24480
24510
24517
24518
24520
23456
24484
24517
24524
24525
24527
23463
24488
24524
24531
24532
24534
23470
24531
24538
24539
24541
23477
24538
24545
24546
24548
23492
24560
24561
24563
24492
24560
45942
46387
46388
46390
7192
7204
7668
24497
24498
24501
24502
46387
46389
46391
46393
7193
7205
7669
24504
24505
24508
24509
7194
7206
7670
24511
24512
24515
24516
7195
7207
7671
24518
24519
24522
24523
7196
7208
7672
24525
24526
24529
24530
7197
7209
7673
24532
24533
24536
24537
7198
7210
7674
24539
24540
24543
24544
7199
7211
7675
24546
24547
24550
24551
46395
46397
46399
24552
45949
46394
46395
46397
23499
24567
24568
24570
46394
24556
24580
45956
46401
46402
46404
7203
7219
7679
24561
24562
24565
24566
46401
46403
46405
46407
7204
7220
7680
46388
46389
46392
46393
7205
7221
7681
7206
7222
7682
46422
46425
46426
7207
7223
7683
24600
24603
24604
7208
7224
7684
24607
24610
24611
7209
7225
7685
24614
24617
24618
7210
7226
7686
24621
24624
24625
7211
7227
7687
46429
46432
46433
7212
7228
7688
7213
7229
7689
46395
46396
46399
46400
7214
7230
7690
24568
24569
24572
24573
46409
46411
46413
24574
45963
46408
46409
46411
23517
24586
24588
46408
23525
24593
24594
24596
24581
24593
45970
46415
46416
46418
7219
7236
7695
46402
46403
46406
46407
46415
46417
46419
46421
7220
7237
7696
7221
7238
7697
46450
46453
46454
7222
7239
7698
24641
24644
24645
46423
46425
46427
45977
46422
46423
46425
23532
24600
24601
24603
46422
23539
24600
24607
24608
24610
23546
24607
24614
24615
24617
23553
24614
24621
24622
24624
24621
45984
46429
46430
46432
7229
7245
7705
24683
24686
24687
46429
46431
46433
46435
7230
7246
7706
46457
46460
46461
7231
7247
7707
7232
7248
7708
46409
46410
46413
46414
46437
46439
46441
24586
45991
46436
46437
46439
23560
24591
24628
24629
24631
46436
24594
24635
45998
46443
46444
46446
7236
7254
7712
46416
46417
46420
46421
46443
46445
46447
46449
7237
7255
7713
7238
7256
7714
46451
46453
46455
46478
46481
46482
46005
46450
46451
46453
23573
24641
24642
24644
46450
23579
24641
24648
24650
46423
23585
24601
24648
24653
24656
23591
24608
24653
24662
23603
24622
24665
24671
24674
23609
24671
24678
24680
46430
23615
24678
24683
24684
24686
24683
46012
46457
46458
46460
7248
7266
7724
46457
46459
46461
46463
46499
46502
46503
7249
7267
7725
7250
7268
7726
46437
46438
46441
46442
46465
46467
46469
24629
46019
46464
46465
46467
23621
24690
24692
46464
24636
24695
46026
46471
46472
46474
7254
7274
7730
46444
46445
46448
46449
46471
46473
46475
46477
7255
7275
7731
7256
7276
7732
46479
46481
46483
46513
46516
46517
46033
46478
46479
46481
23631
24699
24700
24702
46451
46478
23644
24706
24712
24713
24715
23651
24654
24712
24719
24720
24722
24660
24719
46040
46485
46486
46488
24666
46047
46485
46492
46493
46495
23658
24672
24726
24727
24729
46492
23665
24679
24726
24733
24734
24736
23671
24733
24740
24742
23677
24745
24748
46458
24745
46054
46499
46500
46502
7268
7289
7744
46499
46501
46503
46505
46534
46537
46538
7269
7290
7745
7270
7291
7746
46465
46466
46469
46470
46507
46509
46511
24690
46061
46506
46507
46509
23682
24752
24753
46506
23687
24755
24756
24758
7274
7295
7750
24755
24757
24759
24761
46472
46473
46476
46477
7275
7296
7751
7276
7297
7752
46514
46516
46518
46548
46551
46552
46068
46513
46514
46516
23694
24762
24763
24765
46479
46513
23701
24769
24770
24772
24707
24769
46075
46520
46521
46523
7281
7302
7757
24713
24714
24717
24718
46520
46522
46524
46526
7282
7303
7758
24720
24721
24724
24725
7283
7304
7759
46486
46487
46490
46491
7284
7305
7760
46493
46494
46497
46498
7285
7306
7761
24727
24728
24731
24732
7286
7307
7762
24734
24735
24738
24739
46528
46530
46532
24740
46082
46527
46528
46530
23708
24746
24776
24777
24779
46527
23715
24783
24786
46500
24783
46089
46534
46535
46537
7291
7312
7767
46534
46536
46538
46540
46555
46558
46559
7292
7313
7768
7293
7314
7769
24791
24793
24795
46507
46508
46511
46512
23722
24752
24790
24791
24793
24756
24797
46096
46541
46542
46544
7296
7319
7772
46541
46543
46545
46547
7297
7320
7773
46549
46551
46553
46103
46548
46549
46551
23733
24801
24802
24804
46514
46548
23740
24808
24809
24811
7301
7323
7777
24770
24771
24774
24775
24808
24810
24812
24814
7302
7324
7778
46521
46522
46525
46526
7303
7325
7779
7304
7326
7780
7305
7327
7781
7306
7328
7782
7307
7329
7783
7308
7330
7784
7309
7331
7785
46528
46529
46532
46533
7310
7332
7786
24777
24778
24781
24782
24816
24818
24820
23747
24784
24815
24816
24818
23754
24822
24825
46535
24822
46110
46555
46556
46558
7314
7336
7790
46555
46557
46559
46561
7315
7337
7791
46563
46565
46567
24791
46117
46562
46563
46565
23759
24829
24830
46562
23764
24832
24833
24835
7319
7341
7795
24832
24834
24836
24838
46542
46543
46546
46547
7320
7342
7796
7321
7343
7797
24840
24842
24844
46583
46586
46587
23771
24839
24840
24842
46549
24809
24846
46124
46569
46570
46572
7324
7347
7800
46569
46571
46573
46575
7325
7348
7801
7326
7349
7802
7327
7350
7803
7328
7351
7804
7329
7352
7805
7330
7353
7806
7331
7354
7807
7332
7355
7808
7333
7356
7809
46577
46579
46581
24816
46131
46576
46577
46579
23783
24823
24852
24854
46576
23789
24857
24858
24860
46556
7337
7359
7813
24857
24859
24861
24863
46590
46593
46594
7338
7360
7814
7339
7361
7815
24865
24867
24869
46563
46564
46567
46568
23796
24829
24864
24865
24867
23803
24833
24871
24872
24874
7342
7364
7818
24871
24873
24875
24877
7343
7365
7819
46584
46586
46588
46138
46583
46584
46586
23809
24840
24878
24880
46583
23815
24847
24883
24884
24886
7347
7369
7823
24883
24885
24887
24889
46570
46571
46574
46575
7348
7370
7824
7349
7371
7825
7350
7372
7826
7351
7373
7827
7352
7374
7828
7353
7375
7829
7354
7376
7830
7355
7377
7831
7356
7378
7832
7357
7379
7833
7358
7380
7834
24891
24893
24895
46577
46578
46581
46582
23822
24852
24890
24891
24893
24897
46145
46590
46591
46593
7361
7384
7837
46590
46592
46594
46596
7362
7385
7838
24904
24906
24908
23835
24865
24903
24904
24906
23846
24872
24910
24914
24915
24917
7365
7389
7841
24914
24916
24918
24920
7366
7390
7842
24922
24924
24926
23853
24921
24922
24924
46584
23860
24878
24921
24929
24931
23867
24884
24928
24935
24936
24938
7370
7394
7846
24935
24937
24939
24941
7371
7395
7847
7372
7396
7848
7373
7397
7849
7374
7398
7850
7375
7399
7851
7376
7400
7852
7377
7401
7853
7378
7402
7854
7379
7403
7855
7380
7404
7856
7381
7405
7857
24943
24945
24947
23874
24891
24942
24943
24945
23881
24898
24942
24950
24952
23888
24949
24956
24957
24959
46591
7385
7409
7861
24956
24958
24960
24962
7386
7410
7862
24964
24966
24968
23895
24904
24963
24964
24966
23900
24963
24970
24971
23909
24915
24973
24977
24978
24980
7390
7414
7866
24977
24979
24981
24983
7391
7415
7867
24985
24987
24989
23916
24922
24984
24985
24987
23922
24929
24984
24993
24936
24991
46152
46597
46598
46600
7395
7418
7871
46597
46599
46601
46603
7396
7419
7872
7397
7420
7873
7398
7421
7874
7399
7422
7875
7400
7423
7876
7401
7424
7877
7402
7425
7878
7403
7426
7879
7404
7427
7880
7405
7428
7881
7406
7429
7882
46605
46607
46609
24943
46159
46604
46605
46607
23927
24950
24997
24998
46604
23933
24957
24996
25001
25002
25004
7410
7433
7886
25001
25003
25005
25007
7411
7434
7887
25009
25011
25013
23940
24964
25008
25009
25011
23945
24970
25008
25015
25016
23954
24978
25018
25022
25023
25025
7415
7438
7891
25022
25024
25026
25028
7416
7439
7892
25030
25032
25034
23961
24985
25029
25030
25032
25036
46166
46598
46611
46612
46614
7419
7443
7895
46611
46613
46615
46617
7420
7444
7896
7421
7445
7897
7422
7446
7898
7423
7447
7899
7424
7448
7900
7425
7449
7901
7426
7450
7902
7427
7451
7903
7428
7452
7904
7429
7453
7905
7430
7454
7906
46619
46621
46623
46173
46605
46618
46619
46621
23973
24997
25042
25044
46618
23979
25002
25047
25048
25050
7434
7458
7910
25047
25049
25051
25053
7435
7459
7911
25055
25057
25059
23986
25009
25054
25055
25057
23991
25015
25054
25061
25062
24000
25023
25064
25068
25069
25071
7439
7463
7915
25068
25070
25072
25074
7440
7464
7916
25076
25078
25080
24007
25030
25075
25076
25078
24014
25037
25075
25083
25085
24021
25082
25089
25090
25092
46612
7444
7468
7920
25089
25091
25093
25095
7445
7469
7921
7446
7470
7922
7447
7471
7923
7448
7472
7924
7449
7473
7925
7450
7474
7926
7451
7475
7927
7452
7476
7928
7453
7477
7929
7454
7478
7930
7455
7479
7931
25097
25099
25101
24028
25096
25097
25099
46619
24035
25042
25096
25104
25106
24042
25048
25103
25110
25111
25113
7459
7483
7935
25110
25112
25114
25116
7460
7484
7936
25118
25120
25122
24049
25055
25117
25118
25120
24054
25061
25117
25124
25125
24059
25069
25127
25128
25130
7464
7487
7940
25127
25129
25131
25133
7465
7488
7941
46626
46628
46630
25076
46180
46625
46626
46628
24065
25083
25135
25136
46625
24071
25090
25134
25139
25140
25142
7469
7492
7945
25139
25141
25143
25145
46639
46642
46643
7470
7493
7946
7471
7494
7947
7472
7495
7948
7473
7496
7949
7474
7497
7950
7475
7498
7951
7476
7499
7952
7477
7500
7953
7478
7501
7954
7479
7502
7955
7480
7503
7956
25147
25149
25151
46646
46649
46650
24078
25097
25146
25147
25149
24084
25104
25146
25155
25111
25153
46187
46632
46633
46635
7484
7507
7960
46632
46634
46636
46638
7485
7508
7961
25159
25161
25163
24090
25118
25158
25159
25161
24097
25128
25165
25166
25168
7488
7510
7964
25165
25167
25169
25171
46653
46656
46657
7489
7511
7965
7490
7512
7966
25173
25175
25177
46626
46627
46630
46631
24104
25135
25172
25173
25175
24110
25140
25179
25181
25179
46194
46639
46640
46642
7494
7516
7970
46639
46641
46643
46645
7495
7517
7971
7496
7518
7972
7497
7519
7973
7498
7520
7974
7499
7521
7975
7500
7522
7976
7501
7523
7977
7502
7524
7978
7503
7525
7979
46647
46649
46651
46201
46646
46647
46649
24115
25147
25184
25185
25186
46646
24121
25189
25190
25192
7507
7529
7983
25189
25191
25193
25195
46633
46634
46637
46638
7508
7530
7984
7509
7531
7985
25197
25199
25201
46674
46677
46678
24128
25159
25196
25197
25199
25203
46208
46653
46654
46656
7512
7534
7988
46653
46655
46657
46659
7513
7535
7989
46661
46663
46665
25173
46215
46660
46661
46663
24139
25208
25210
46660
24146
25207
25214
25215
25217
46640
7517
7539
7993
25214
25216
25218
25220
25252
25255
25256
7518
7540
7994
46688
46691
46692
7519
7541
7995
7520
7542
7996
7521
7543
7997
7522
7544
7998
7523
7545
7999
7524
7546
8000
7525
7547
8001
46695
46698
46699
7526
7548
8002
25222
25224
25226
25259
25262
25263
24153
25221
25222
25224
46647
24160
25185
25221
25231
25190
25228
46222
46667
46668
46670
7530
7552
8006
46667
46669
46671
46673
7531
7553
8007
46675
46677
46679
46229
46674
46675
46677
24165
25197
25235
25236
46674
24170
25238
25239
25241
46654
7535
7555
8011
25238
25240
25242
25244
46709
46712
46713
7536
7556
8012
7537
7557
8013
46661
46662
46665
46666
46682
46684
46686
25208
46236
46681
46682
46684
24177
25246
25248
46681
24184
25245
25252
25253
25255
25252
46243
46688
46689
46691
7542
7562
8018
25296
25299
25300
46688
46690
46692
46694
7543
7563
8019
25303
25306
25307
7544
7564
8020
46723
46726
46727
7545
7565
8021
46730
46733
46734
7546
7566
8022
25310
25313
25314
7547
7567
8023
25317
25320
25321
46696
46698
46700
46250
46695
46696
46698
24191
25259
25260
25262
46695
24198
25222
25259
25269
25229
25266
46257
46702
46703
46705
7552
7572
8028
46668
46669
46672
46673
46702
46704
46706
46708
7553
7573
8029
7554
7574
8030
25274
25276
25278
46744
46747
46748
24205
25273
25274
25276
46675
25280
46264
46709
46710
46712
7557
7577
8033
46709
46711
46713
46715
46751
46754
46755
7558
7578
8034
7559
7579
8035
46682
46683
46686
46687
46717
46719
46721
25246
46271
46716
46717
46719
24216
25285
25287
46716
24222
25284
25291
25293
46689
24228
25291
25296
25297
25299
24235
25296
25303
25304
25306
25303
46278
46723
46724
46726
46285
46723
46730
46731
46733
24242
25310
25311
25313
46730
24249
25310
25317
25318
25320
24255
25317
25324
25325
25326
46696
24261
25260
25324
25332
25267
25329
46292
46737
46738
46740
7572
7591
8048
46703
46704
46707
46708
46737
46739
46741
46743
7573
7592
8049
7574
7593
8050
46745
46747
46749
46772
46775
46776
46299
46744
46745
46747
24266
25274
25336
25337
46744
24270
25339
25341
46710
25339
46306
46751
46752
46754
7579
7596
8055
46751
46753
46755
46757
46779
46782
46783
7580
7597
8056
7581
7598
8057
46717
46718
46721
46722
46759
46761
46763
25285
46313
46758
46759
46761
24276
25344
25345
25347
46758
24289
25304
25351
25357
25360
24295
25357
25364
25366
46724
24300
25364
25369
25371
46731
24306
25311
25369
25374
25377
24312
25318
25374
25383
24318
25386
25387
25389
25330
25386
46320
46765
46766
46768
7591
7609
8067
46738
46739
46742
46743
46765
46767
46769
46771
7592
7610
8068
7593
7611
8069
46773
46775
46777
46800
46803
46804
46327
46772
46773
46775
24324
25393
25394
25395
46745
46772
24330
25398
25399
25401
46752
25398
46334
46779
46780
46782
7598
7614
8074
46779
46781
46783
46785
46807
46810
46811
7599
7615
8075
7600
7616
8076
46759
46760
46763
46764
7601
7617
8077
25345
25346
25349
25350
46787
46789
46791
25352
46341
46786
46787
46789
24337
25358
25405
25406
25408
46786
24344
25365
25405
25412
25413
25415
24351
25412
25419
25420
25422
24358
25375
25419
25426
25427
25429
25381
25426
46348
46793
46794
46796
7608
7624
8084
25387
25388
25391
25392
46793
46795
46797
46799
7609
7625
8085
46766
46767
46770
46771
7610
7626
8086
7611
7627
8087
46801
46803
46805
46814
46817
46818
46355
46800
46801
46803
24365
25433
25434
25436
46773
46800
24373
25440
25442
25444
46780
25442
46362
46807
46808
46810
7616
7631
8092
25456
25459
25460
46807
46809
46811
46813
7617
7632
8093
46821
46824
46825
7618
7633
8094
7619
7634
8095
46787
46788
46791
46792
7620
7635
8096
25406
25407
25410
25411
7621
7636
8097
25413
25414
25417
25418
7622
7637
8098
25420
25421
25424
25425
7623
7638
8099
25427
25428
25431
25432
7624
7639
8100
46794
46795
46798
46799
7625
7640
8101
7626
7641
8102
46828
46831
46832
7627
7642
8103
25463
25466
25467
46815
46817
46819
46369
46814
46815
46817
24378
25447
25448
25449
46801
46814
24381
25434
25447
25452
24383
25453
25454
46808
24388
25453
25456
25457
25459
25456
46376
46821
46822
46824
7634
7645
8110
25476
25479
25480
46821
46823
46825
46827
7635
7646
8111
25483
25486
25487
7636
7647
8112
25490
25493
25494
7637
7648
8113
25497
25500
25501
7638
7649
8114
25504
25507
25508
7639
7650
8115
25511
25514
25515
7640
7651
8116
25518
25521
25522
7641
7652
8117
25525
25528
25529
46829
46831
46833
46383
46828
46829
46831
24395
25463
25464
25466
46828
24400
25463
25470
25471
46815
24403
25473
25474
46822
24408
25473
25476
25477
25479
24415
25476
25483
25484
25486
24422
25483
25490
25491
25493
24429
25490
25497
25498
25500
24436
25497
25504
25505
25507
24443
25504
25511
25512
25514
24450
25511
25518
25519
25521
24457
25518
25525
25526
25528
24462
25525
25532
25533
46829
24465
25491
25535
25536
24468
25498
25535
25538
25539
24471
25505
25538
25541
25542
24474
25512
25541
25544
25545
24499
25567
25568
25570
24506
25567
25574
25575
25577
24513
25547
25574
25581
25582
25584
24520
25551
25581
25588
25589
25591
24527
25555
25588
25595
25596
25598
24534
25559
25595
25602
25603
25605
24541
25602
25609
25610
25612
24548
25609
25616
25617
25619
24563
25631
25632
25634
25563
25631
46390
46835
46836
46838
7669
7681
8145
25568
25569
25572
25573
46835
46837
46839
46841
7670
7682
8146
25575
25576
25579
25580
7671
7683
8147
25582
25583
25586
25587
7672
7684
8148
25589
25590
25593
25594
7673
7685
8149
25596
25597
25600
25601
7674
7686
8150
25603
25604
25607
25608
7675
7687
8151
25610
25611
25614
25615
7676
7688
8152
25617
25618
25621
25622
46843
46845
46847
25623
46397
46842
46843
46845
24570
25638
25639
25641
46842
25627
25651
46404
46849
46850
46852
7680
7696
8156
25632
25633
25636
25637
46849
46851
46853
46855
7681
7697
8157
46836
46837
46840
46841
7682
7698
8158
7683
7699
8159
46870
46873
46874
7684
7700
8160
25671
25674
25675
7685
7701
8161
25678
25681
25682
7686
7702
8162
25685
25688
25689
7687
7703
8163
25692
25695
25696
7688
7704
8164
46877
46880
46881
7689
7705
8165
7690
7706
8166
46843
46844
46847
46848
7691
7707
8167
25639
25640
25643
25644
46857
46859
46861
25645
46411
46856
46857
46859
24588
25657
25659
46856
24596
25664
25665
25667
25652
25664
46418
46863
46864
46866
7696
7713
8172
46850
46851
46854
46855
46863
46865
46867
46869
7697
7714
8173
7698
7715
8174
46898
46901
46902
7699
7716
8175
25712
25715
25716
46871
46873
46875
46425
46870
46871
46873
24603
25671
25672
25674
46870
24610
25671
25678
25679
25681
24617
25678
25685
25686
25688
24624
25685
25692
25693
25695
25692
46432
46877
46878
46880
7706
7722
8182
25754
25757
25758
46877
46879
46881
46883
7707
7723
8183
46905
46908
46909
7708
7724
8184
7709
7725
8185
46857
46858
46861
46862
46885
46887
46889
25657
46439
46884
46885
46887
24631
25662
25699
25700
25702
46884
25665
25706
46446
46891
46892
46894
7713
7731
8189
46864
46865
46868
46869
46891
46893
46895
46897
7714
7732
8190
7715
7733
8191
46899
46901
46903
46926
46929
46930
46453
46898
46899
46901
24644
25712
25713
25715
46898
24650
25712
25719
25721
46871
24656
25672
25719
25724
25727
24662
25679
25724
25733
24674
25693
25736
25742
25745
24680
25742
25749
25751
46878
24686
25749
25754
25755
25757
25754
46460
46905
46906
46908
7725
7743
8201
46905
46907
46909
46911
46947
46950
46951
7726
7744
8202
7727
7745
8203
46885
46886
46889
46890
46913
46915
46917
25700
46467
46912
46913
46915
24692
25761
25763
46912
25707
25766
46474
46919
46920
46922
7731
7751
8207
46892
46893
46896
46897
46919
46921
46923
46925
7732
7752
8208
7733
7753
8209
46927
46929
46931
46961
46964
46965
46481
46926
46927
46929
24702
25770
25771
25773
46899
46926
24715
25777
25783
25784
25786
24722
25725
25783
25790
25791
25793
25731
25790
46488
46933
46934
46936
25737
46495
46933
46940
46941
46943
24729
25743
25797
25798
25800
46940
24736
25750
25797
25804
25805
25807
24742
25804
25811
25813
24748
25816
25819
46906
25816
46502
46947
46948
46950
7745
7766
8221
46947
46949
46951
46953
46982
46985
46986
7746
7767
8222
7747
7768
8223
46913
46914
46917
46918
46955
46957
46959
25761
46509
46954
46955
46957
24753
25823
25824
46954
24758
25826
25827
25829
7751
7772
8227
25826
25828
25830
25832
46920
46921
46924
46925
7752
7773
8228
7753
7774
8229
46962
46964
46966
46996
46999
47000
46516
46961
46962
46964
24765
25833
25834
25836
46927
46961
24772
25840
25841
25843
25778
25840
46523
46968
46969
46971
7758
7779
8234
25784
25785
25788
25789
46968
46970
46972
46974
7759
7780
8235
25791
25792
25795
25796
7760
7781
8236
46934
46935
46938
46939
7761
7782
8237
46941
46942
46945
46946
7762
7783
8238
25798
25799
25802
25803
7763
7784
8239
25805
25806
25809
25810
46976
46978
46980
25811
46530
46975
46976
46978
24779
25817
25847
25848
25850
46975
24786
25854
25857
46948
25854
46537
46982
46983
46985
7768
7789
8244
46982
46984
46986
46988
47003
47006
47007
7769
7790
8245
7770
7791
8246
25862
25864
25866
46955
46956
46959
46960
24793
25823
25861
25862
25864
25827
25868
46544
46989
46990
46992
7773
7796
8249
46989
46991
46993
46995
7774
7797
8250
46997
46999
47001
46551
46996
46997
46999
24804
25872
25873
25875
46962
46996
24811
25879
25880
25882
7778
7800
8254
25841
25842
25845
25846
25879
25881
25883
25885
7779
7801
8255
46969
46970
46973
46974
7780
7802
8256
7781
7803
8257
7782
7804
8258
7783
7805
8259
7784
7806
8260
7785
7807
8261
7786
7808
8262
46976
46977
46980
46981
7787
7809
8263
25848
25849
25852
25853
25887
25889
25891
24818
25855
25886
25887
25889
24825
25893
25896
46983
25893
46558
47003
47004
47006
7791
7813
8267
47003
47005
47007
47009
7792
7814
8268
47011
47013
47015
25862
46565
47010
47011
47013
24830
25900
25901
47010
24835
25903
25904
25906
7796
7818
8272
25903
25905
25907
25909
46990
46991
46994
46995
7797
7819
8273
7798
7820
8274
25911
25913
25915
47031
47034
47035
24842
25910
25911
25913
46997
25880
25917
46572
47017
47018
47020
7801
7824
8277
47017
47019
47021
47023
7802
7825
8278
7803
7826
8279
7804
7827
8280
7805
7828
8281
7806
7829
8282
7807
7830
8283
7808
7831
8284
7809
7832
8285
7810
7833
8286
47025
47027
47029
25887
46579
47024
47025
47027
24854
25894
25923
25925
47024
24860
25928
25929
25931
47004
7814
7836
8290
25928
25930
25932
25934
47038
47041
47042
7815
7837
8291
7816
7838
8292
25936
25938
25940
47011
47012
47015
47016
24867
25900
25935
25936
25938
24874
25904
25942
25943
25945
7819
7841
8295
25942
25944
25946
25948
7820
7842
8296
47032
47034
47036
46586
47031
47032
47034
24880
25911
25949
25951
47031
24886
25918
25954
25955
25957
7824
7846
8300
25954
25956
25958
25960
47018
47019
47022
47023
7825
7847
8301
7826
7848
8302
7827
7849
8303
7828
7850
8304
7829
7851
8305
7830
7852
8306
7831
7853
8307
7832
7854
8308
7833
7855
8309
7834
7856
8310
7835
7857
8311
25962
25964
25966
47025
47026
47029
47030
24893
25923
25961
25962
25964
25968
46593
47038
47039
47041
7838
7861
8314
47038
47040
47042
47044
7839
7862
8315
25975
25977
25979
24906
25936
25974
25975
25977
24917
25943
25981
25985
25986
25988
7842
7866
8318
25985
25987
25989
25991
7843
7867
8319
25993
25995
25997
24924
25992
25993
25995
47032
24931
25949
25992
26000
26002
24938
25955
25999
26006
26007
26009
7847
7871
8323
26006
26008
26010
26012
7848
7872
8324
7849
7873
8325
7850
7874
8326
7851
7875
8327
7852
7876
8328
7853
7877
8329
7854
7878
8330
7855
7879
8331
7856
7880
8332
7857
7881
8333
7858
7882
8334
26014
26016
26018
24945
25962
26013
26014
26016
24952
25969
26013
26021
26023
24959
26020
26027
26028
26030
47039
7862
7886
8338
26027
26029
26031
26033
7863
7887
8339
26035
26037
26039
24966
25975
26034
26035
26037
24971
26034
26041
26042
24980
25986
26044
26048
26049
26051
7867
7891
8343
26048
26050
26052
26054
7868
7892
8344
26056
26058
26060
24987
25993
26055
26056
26058
24993
26000
26055
26064
26007
26062
46600
47045
47046
47048
7872
7895
8348
47045
47047
47049
47051
7873
7896
8349
7874
7897
8350
7875
7898
8351
7876
7899
8352
7877
7900
8353
7878
7901
8354
7879
7902
8355
7880
7903
8356
7881
7904
8357
7882
7905
8358
7883
7906
8359
47053
47055
47057
26014
46607
47052
47053
47055
24998
26021
26068
26069
47052
25004
26028
26067
26072
26073
26075
7887
7910
8363
26072
26074
26076
26078
7888
7911
8364
26080
26082
26084
25011
26035
26079
26080
26082
25016
26041
26079
26086
26087
25025
26049
26089
26093
26094
26096
7892
7915
8368
26093
26095
26097
26099
7893
7916
8369
26101
26103
26105
25032
26056
26100
26101
26103
26107
46614
47046
47059
47060
47062
7896
7920
8372
47059
47061
47063
47065
7897
7921
8373
7898
7922
8374
7899
7923
8375
7900
7924
8376
7901
7925
8377
7902
7926
8378
7903
7927
8379
7904
7928
8380
7905
7929
8381
7906
7930
8382
7907
7931
8383
47067
47069
47071
46621
47053
47066
47067
47069
25044
26068
26113
26115
47066
25050
26073
26118
26119
26121
7911
7935
8387
26118
26120
26122
26124
7912
7936
8388
26126
26128
26130
25057
26080
26125
26126
26128
25062
26086
26125
26132
26133
25071
26094
26135
26139
26140
26142
7916
7940
8392
26139
26141
26143
26145
7917
7941
8393
26147
26149
26151
25078
26101
26146
26147
26149
25085
26108
26146
26154
26156
25092
26153
26160
26161
26163
47060
7921
7945
8397
26160
26162
26164
26166
7922
7946
8398
7923
7947
8399
7924
7948
8400
7925
7949
8401
7926
7950
8402
7927
7951
8403
7928
7952
8404
7929
7953
8405
7930
7954
8406
7931
7955
8407
7932
7956
8408
26168
26170
26172
25099
26167
26168
26170
47067
25106
26113
26167
26175
26177
25113
26119
26174
26181
26182
26184
7936
7960
8412
26181
26183
26185
26187
7937
7961
8413
26189
26191
26193
25120
26126
26188
26189
26191
25125
26132
26188
26195
26196
25130
26140
26198
26199
26201
7941
7964
8417
26198
26200
26202
26204
7942
7965
8418
47074
47076
47078
26147
46628
47073
47074
47076
25136
26154
26206
26207
47073
25142
26161
26205
26210
26211
26213
7946
7969
8422
26210
26212
26214
26216
47087
47090
47091
7947
7970
8423
7948
7971
8424
7949
7972
8425
7950
7973
8426
7951
7974
8427
7952
7975
8428
7953
7976
8429
7954
7977
8430
7955
7978
8431
7956
7979
8432
7957
7980
8433
26218
26220
26222
47094
47097
47098
25149
26168
26217
26218
26220
25155
26175
26217
26226
26182
26224
46635
47080
47081
47083
7961
7984
8437
47080
47082
47084
47086
7962
7985
8438
26230
26232
26234
25161
26189
26229
26230
26232
25168
26199
26236
26237
26239
7965
7987
8441
26236
26238
26240
26242
47101
47104
47105
7966
7988
8442
7967
7989
8443
26244
26246
26248
47074
47075
47078
47079
25175
26206
26243
26244
26246
25181
26211
26250
26252
26250
46642
47087
47088
47090
7971
7993
8447
47087
47089
47091
47093
7972
7994
8448
7973
7995
8449
7974
7996
8450
7975
7997
8451
7976
7998
8452
7977
7999
8453
7978
8000
8454
7979
8001
8455
7980
8002
8456
47095
47097
47099
46649
47094
47095
47097
25186
26218
26255
26256
26257
47094
25192
26260
26261
26263
7984
8006
8460
26260
26262
26264
26266
47081
47082
47085
47086
7985
8007
8461
7986
8008
8462
26268
26270
26272
47122
47125
47126
25199
26230
26267
26268
26270
26274
46656
47101
47102
47104
7989
8011
8465
47101
47103
47105
47107
7990
8012
8466
47109
47111
47113
26244
46663
47108
47109
47111
25210
26279
26281
47108
25217
26278
26285
26286
26288
47088
7994
8016
8470
26285
26287
26289
26291
26323
26326
26327
7995
8017
8471
47136
47139
47140
7996
8018
8472
7997
8019
8473
7998
8020
8474
7999
8021
8475
8000
8022
8476
8001
8023
8477
8002
8024
8478
47143
47146
47147
8003
8025
8479
26293
26295
26297
26330
26333
26334
25224
26292
26293
26295
47095
25231
26256
26292
26302
26261
26299
46670
47115
47116
47118
8007
8029
8483
47115
47117
47119
47121
8008
8030
8484
47123
47125
47127
46677
47122
47123
47125
25236
26268
26306
26307
47122
25241
26309
26310
26312
47102
8012
8032
8488
26309
26311
26313
26315
47157
47160
47161
8013
8033
8489
8014
8034
8490
47109
47110
47113
47114
47130
47132
47134
26279
46684
47129
47130
47132
25248
26317
26319
47129
25255
26316
26323
26324
26326
26323
46691
47136
47137
47139
8019
8039
8495
26367
26370
26371
47136
47138
47140
47142
8020
8040
8496
26374
26377
26378
8021
8041
8497
47171
47174
47175
8022
8042
8498
47178
47181
47182
8023
8043
8499
26381
26384
26385
8024
8044
8500
26388
26391
26392
47144
47146
47148
46698
47143
47144
47146
25262
26330
26331
26333
47143
25269
26293
26330
26340
26300
26337
46705
47150
47151
47153
8029
8049
8505
47116
47117
47120
47121
47150
47152
47154
47156
8030
8050
8506
8031
8051
8507
26345
26347
26349
47192
47195
47196
25276
26344
26345
26347
47123
26351
46712
47157
47158
47160
8034
8054
8510
47157
47159
47161
47163
47199
47202
47203
8035
8055
8511
8036
8056
8512
47130
47131
47134
47135
47165
47167
47169
26317
46719
47164
47165
47167
25287
26356
26358
47164
25293
26355
26362
26364
47137
25299
26362
26367
26368
26370
25306
26367
26374
26375
26377
26374
46726
47171
47172
47174
46733
47171
47178
47179
47181
25313
26381
26382
26384
47178
25320
26381
26388
26389
26391
25326
26388
26395
26396
26397
47144
25332
26331
26395
26403
26338
26400
46740
47185
47186
47188
8049
8068
8525
47151
47152
47155
47156
47185
47187
47189
47191
8050
8069
8526
8051
8070
8527
47193
47195
47197
47220
47223
47224
46747
47192
47193
47195
25337
26345
26407
26408
47192
25341
26410
26412
47158
26410
46754
47199
47200
47202
8056
8073
8532
47199
47201
47203
47205
47227
47230
47231
8057
8074
8533
8058
8075
8534
47165
47166
47169
47170
47207
47209
47211
26356
46761
47206
47207
47209
25347
26415
26416
26418
47206
25360
26375
26422
26428
26431
25366
26428
26435
26437
47172
25371
26435
26440
26442
47179
25377
26382
26440
26445
26448
25383
26389
26445
26454
25389
26457
26458
26460
26401
26457
46768
47213
47214
47216
8068
8086
8544
47186
47187
47190
47191
47213
47215
47217
47219
8069
8087
8545
8070
8088
8546
47221
47223
47225
47248
47251
47252
46775
47220
47221
47223
25395
26464
26465
26466
47193
47220
25401
26469
26470
26472
47200
26469
46782
47227
47228
47230
8075
8091
8551
47227
47229
47231
47233
47255
47258
47259
8076
8092
8552
8077
8093
8553
47207
47208
47211
47212
8078
8094
8554
26416
26417
26420
26421
47235
47237
47239
26423
46789
47234
47235
47237
25408
26429
26476
26477
26479
47234
25415
26436
26476
26483
26484
26486
25422
26483
26490
26491
26493
25429
26446
26490
26497
26498
26500
26452
26497
46796
47241
47242
47244
8085
8101
8561
26458
26459
26462
26463
47241
47243
47245
47247
8086
8102
8562
47214
47215
47218
47219
8087
8103
8563
8088
8104
8564
47249
47251
47253
47262
47265
47266
46803
47248
47249
47251
25436
26504
26505
26507
47221
47248
25444
26511
26513
26515
47228
26513
46810
47255
47256
47258
8093
8108
8569
26527
26530
26531
47255
47257
47259
47261
8094
8109
8570
47269
47272
47273
8095
8110
8571
8096
8111
8572
47235
47236
47239
47240
8097
8112
8573
26477
26478
26481
26482
8098
8113
8574
26484
26485
26488
26489
8099
8114
8575
26491
26492
26495
26496
8100
8115
8576
26498
26499
26502
26503
8101
8116
8577
47242
47243
47246
47247
8102
8117
8578
8103
8118
8579
47276
47279
47280
8104
8119
8580
26534
26537
26538
47263
47265
47267
46817
47262
47263
47265
25449
26518
26519
26520
47249
47262
25452
26505
26518
26523
25454
26524
26525
47256
25459
26524
26527
26528
26530
26527
46824
47269
47270
47272
8111
8122
8587
26547
26550
26551
47269
47271
47273
47275
8112
8123
8588
26554
26557
26558
8113
8124
8589
26561
26564
26565
8114
8125
8590
26568
26571
26572
8115
8126
8591
26575
26578
26579
8116
8127
8592
26582
26585
26586
8117
8128
8593
26589
26592
26593
8118
8129
8594
26596
26599
26600
47277
47279
47281
46831
47276
47277
47279
25466
26534
26535
26537
47276
25471
26534
26541
26542
47263
25474
26544
26545
47270
25479
26544
26547
26548
26550
25486
26547
26554
26555
26557
25493
26554
26561
26562
26564
25500
26561
26568
26569
26571
25507
26568
26575
26576
26578
25514
26575
26582
26583
26585
25521
26582
26589
26590
26592
25528
26589
26596
26597
26599
25533
26596
26603
26604
47277
25536
26562
26606
26607
25539
26569
26606
26609
26610
25542
26576
26609
26612
26613
25545
26583
26612
26615
26616
25570
26638
26639
26641
25577
26638
26645
26646
26648
25584
26618
26645
26652
26653
26655
25591
26622
26652
26659
26660
26662
25598
26626
26659
26666
26667
26669
25605
26630
26666
26673
26674
26676
25612
26673
26680
26681
26683
25619
26680
26687
26688
26690
25634
26702
26703
26705
26634
26702
46838
47283
47284
47286
8146
8158
8622
26639
26640
26643
26644
47283
47285
47287
47289
8147
8159
8623
26646
26647
26650
26651
8148
8160
8624
26653
26654
26657
26658
8149
8161
8625
26660
26661
26664
26665
8150
8162
8626
26667
26668
26671
26672
8151
8163
8627
26674
26675
26678
26679
8152
8164
8628
26681
26682
26685
26686
8153
8165
8629
26688
26689
26692
26693
47291
47293
47295
26694
46845
47290
47291
47293
25641
26709
26710
26712
47290
26698
26722
46852
47297
47298
47300
8157
8173
8633
26703
26704
26707
26708
47297
47299
47301
47303
8158
8174
8634
47284
47285
47288
47289
8159
8175
8635
8160
8176
8636
47318
47321
47322
8161
8177
8637
26742
26745
26746
8162
8178
8638
26749
26752
26753
8163
8179
8639
26756
26759
26760
8164
8180
8640
26763
26766
26767
8165
8181
8641
47325
47328
47329
8166
8182
8642
8167
8183
8643
47291
47292
47295
47296
8168
8184
8644
26710
26711
26714
26715
47305
47307
47309
26716
46859
47304
47305
47307
25659
26728
26730
47304
25667
26735
26736
26738
26723
26735
46866
47311
47312
47314
8173
8190
8649
47298
47299
47302
47303
47311
47313
47315
47317
8174
8191
8650
8175
8192
8651
47346
47349
47350
8176
8193
8652
26783
26786
26787
47319
47321
47323
46873
47318
47319
47321
25674
26742
26743
26745
47318
25681
26742
26749
26750
26752
25688
26749
26756
26757
26759
25695
26756
26763
26764
26766
26763
46880
47325
47326
47328
8183
8199
8659
26825
26828
26829
47325
47327
47329
47331
8184
8200
8660
47353
47356
47357
8185
8201
8661
8186
8202
8662
47305
47306
47309
47310
47333
47335
47337
26728
46887
47332
47333
47335
25702
26733
26770
26771
26773
47332
26736
26777
46894
47339
47340
47342
8190
8208
8666
47312
47313
47316
47317
47339
47341
47343
47345
8191
8209
8667
8192
8210
8668
47347
47349
47351
47374
47377
47378
46901
47346
47347
47349
25715
26783
26784
26786
47346
25721
26783
26790
26792
47319
25727
26743
26790
26795
26798
25733
26750
26795
26804
25745
26764
26807
26813
26816
25751
26813
26820
26822
47326
25757
26820
26825
26826
26828
26825
46908
47353
47354
47356
8202
8220
8678
47353
47355
47357
47359
47395
47398
47399
8203
8221
8679
8204
8222
8680
47333
47334
47337
47338
47361
47363
47365
26771
46915
47360
47361
47363
25763
26832
26834
47360
26778
26837
46922
47367
47368
47370
8208
8228
8684
47340
47341
47344
47345
47367
47369
47371
47373
8209
8229
8685
8210
8230
8686
47375
47377
47379
47409
47412
47413
46929
47374
47375
47377
25773
26841
26842
26844
47347
47374
25786
26848
26854
26855
26857
25793
26796
26854
26861
26862
26864
26802
26861
46936
47381
47382
47384
26808
46943
47381
47388
47389
47391
25800
26814
26868
26869
26871
47388
25807
26821
26868
26875
26876
26878
25813
26875
26882
26884
25819
26887
26890
47354
26887
46950
47395
47396
47398
8222
8243
8698
47395
47397
47399
47401
47430
47433
47434
8223
8244
8699
8224
8245
8700
47361
47362
47365
47366
47403
47405
47407
26832
46957
47402
47403
47405
25824
26894
26895
47402
25829
26897
26898
26900
8228
8249
8704
26897
26899
26901
26903
47368
47369
47372
47373
8229
8250
8705
8230
8251
8706
47410
47412
47414
47444
47447
47448
46964
47409
47410
47412
25836
26904
26905
26907
47375
47409
25843
26911
26912
26914
26849
26911
46971
47416
47417
47419
8235
8256
8711
26855
26856
26859
26860
47416
47418
47420
47422
8236
8257
8712
26862
26863
26866
26867
8237
8258
8713
47382
47383
47386
47387
8238
8259
8714
47389
47390
47393
47394
8239
8260
8715
26869
26870
26873
26874
8240
8261
8716
26876
26877
26880
26881
47424
47426
47428
26882
46978
47423
47424
47426
25850
26888
26918
26919
26921
47423
25857
26925
26928
47396
26925
46985
47430
47431
47433
8245
8266
8721
47430
47432
47434
47436
47451
47454
47455
8246
8267
8722
8247
8268
8723
26933
26935
26937
47403
47404
47407
47408
25864
26894
26932
26933
26935
26898
26939
46992
47437
47438
47440
8250
8273
8726
47437
47439
47441
47443
8251
8274
8727
47445
47447
47449
46999
47444
47445
47447
25875
26943
26944
26946
47410
47444
25882
26950
26951
26953
8255
8277
8731
26912
26913
26916
26917
26950
26952
26954
26956
8256
8278
8732
47417
47418
47421
47422
8257
8279
8733
8258
8280
8734
8259
8281
8735
8260
8282
8736
8261
8283
8737
8262
8284
8738
8263
8285
8739
47424
47425
47428
47429
8264
8286
8740
26919
26920
26923
26924
26958
26960
26962
25889
26926
26957
26958
26960
25896
26964
26967
47431
26964
47006
47451
47452
47454
8268
8290
8744
47451
47453
47455
47457
8269
8291
8745
47459
47461
47463
26933
47013
47458
47459
47461
25901
26971
26972
47458
25906
26974
26975
26977
8273
8295
8749
26974
26976
26978
26980
47438
47439
47442
47443
8274
8296
8750
8275
8297
8751
26982
26984
26986
47479
47482
47483
25913
26981
26982
26984
47445
26951
26988
47020
47465
47466
47468
8278
8301
8754
47465
47467
47469
47471
8279
8302
8755
8280
8303
8756
8281
8304
8757
8282
8305
8758
8283
8306
8759
8284
8307
8760
8285
8308
8761
8286
8309
8762
8287
8310
8763
47473
47475
47477
26958
47027
47472
47473
47475
25925
26965
26994
26996
47472
25931
26999
27000
27002
47452
8291
8313
8767
26999
27001
27003
27005
47486
47489
47490
8292
8314
8768
8293
8315
8769
27007
27009
27011
47459
47460
47463
47464
25938
26971
27006
27007
27009
25945
26975
27013
27014
27016
8296
8318
8772
27013
27015
27017
27019
8297
8319
8773
47480
47482
47484
47034
47479
47480
47482
25951
26982
27020
27022
47479
25957
26989
27025
27026
27028
8301
8323
8777
27025
27027
27029
27031
47466
47467
47470
47471
8302
8324
8778
8303
8325
8779
8304
8326
8780
8305
8327
8781
8306
8328
8782
8307
8329
8783
8308
8330
8784
8309
8331
8785
8310
8332
8786
8311
8333
8787
8312
8334
8788
27033
27035
27037
47473
47474
47477
47478
25964
26994
27032
27033
27035
27039
47041
47486
47487
47489
8315
8338
8791
47486
47488
47490
47492
8316
8339
8792
27046
27048
27050
25977
27007
27045
27046
27048
25988
27014
27052
27056
27057
27059
8319
8343
8795
27056
27058
27060
27062
8320
8344
8796
27064
27066
27068
25995
27063
27064
27066
47480
26002
27020
27063
27071
27073
26009
27026
27070
27077
27078
27080
8324
8348
8800
27077
27079
27081
27083
8325
8349
8801
8326
8350
8802
8327
8351
8803
8328
8352
8804
8329
8353
8805
8330
8354
8806
8331
8355
8807
8332
8356
8808
8333
8357
8809
8334
8358
8810
8335
8359
8811
27085
27087
27089
26016
27033
27084
27085
27087
26023
27040
27084
27092
27094
26030
27091
27098
27099
27101
47487
8339
8363
8815
27098
27100
27102
27104
8340
8364
8816
27106
27108
27110
26037
27046
27105
27106
27108
26042
27105
27112
27113
26051
27057
27115
27119
27120
27122
8344
8368
8820
27119
27121
27123
27125
8345
8369
8821
27127
27129
27131
26058
27064
27126
27127
27129
26064
27071
27126
27135
27078
27133
47048
47493
47494
47496
8349
8372
8825
47493
47495
47497
47499
8350
8373
8826
8351
8374
8827
8352
8375
8828
8353
8376
8829
8354
8377
8830
8355
8378
8831
8356
8379
8832
8357
8380
8833
8358
8381
8834
8359
8382
8835
8360
8383
8836
47501
47503
47505
27085
47055
47500
47501
47503
26069
27092
27139
27140
47500
26075
27099
27138
27143
27144
27146
8364
8387
8840
27143
27145
27147
27149
8365
8388
8841
27151
27153
27155
26082
27106
27150
27151
27153
26087
27112
27150
27157
27158
26096
27120
27160
27164
27165
27167
8369
8392
8845
27164
27166
27168
27170
8370
8393
8846
27172
27174
27176
26103
27127
27171
27172
27174
27178
47062
47494
47507
47508
47510
8373
8397
8849
47507
47509
47511
47513
8374
8398
8850
8375
8399
8851
8376
8400
8852
8377
8401
8853
8378
8402
8854
8379
8403
8855
8380
8404
8856
8381
8405
8857
8382
8406
8858
8383
8407
8859
8384
8408
8860
47515
47517
47519
47069
47501
47514
47515
47517
26115
27139
27184
27186
47514
26121
27144
27189
27190
27192
8388
8412
8864
27189
27191
27193
27195
8389
8413
8865
27197
27199
27201
26128
27151
27196
27197
27199
26133
27157
27196
27203
27204
26142
27165
27206
27210
27211
27213
8393
8417
8869
27210
27212
27214
27216
8394
8418
8870
27218
27220
27222
26149
27172
27217
27218
27220
26156
27179
27217
27225
27227
26163
27224
27231
27232
27234
47508
8398
8422
8874
27231
27233
27235
27237
8399
8423
8875
8400
8424
8876
8401
8425
8877
8402
8426
8878
8403
8427
8879
8404
8428
8880
8405
8429
8881
8406
8430
8882
8407
8431
8883
8408
8432
8884
8409
8433
8885
27239
27241
27243
26170
27238
27239
27241
47515
26177
27184
27238
27246
27248
26184
27190
27245
27252
27253
27255
8413
8437
8889
27252
27254
27256
27258
8414
8438
8890
27260
27262
27264
26191
27197
27259
27260
27262
26196
27203
27259
27266
27267
26201
27211
27269
27270
27272
8418
8441
8894
27269
27271
27273
27275
8419
8442
8895
47522
47524
47526
27218
47076
47521
47522
47524
26207
27225
27277
27278
47521
26213
27232
27276
27281
27282
27284
8423
8446
8899
27281
27283
27285
27287
47535
47538
47539
8424
8447
8900
8425
8448
8901
8426
8449
8902
8427
8450
8903
8428
8451
8904
8429
8452
8905
8430
8453
8906
8431
8454
8907
8432
8455
8908
8433
8456
8909
8434
8457
8910
27289
27291
27293
47542
47545
47546
26220
27239
27288
27289
27291
26226
27246
27288
27297
27253
27295
47083
47528
47529
47531
8438
8461
8914
47528
47530
47532
47534
8439
8462
8915
27301
27303
27305
26232
27260
27300
27301
27303
26239
27270
27307
27308
27310
8442
8464
8918
27307
27309
27311
27313
47549
47552
47553
8443
8465
8919
8444
8466
8920
27315
27317
27319
47522
47523
47526
47527
26246
27277
27314
27315
27317
26252
27282
27321
27323
27321
47090
47535
47536
47538
8448
8470
8924
47535
47537
47539
47541
8449
8471
8925
8450
8472
8926
8451
8473
8927
8452
8474
8928
8453
8475
8929
8454
8476
8930
8455
8477
8931
8456
8478
8932
8457
8479
8933
47543
47545
47547
47097
47542
47543
47545
26257
27289
27326
27327
27328
47542
26263
27331
27332
27334
8461
8483
8937
27331
27333
27335
27337
47529
47530
47533
47534
8462
8484
8938
8463
8485
8939
27339
27341
27343
47570
47573
47574
26270
27301
27338
27339
27341
27345
47104
47549
47550
47552
8466
8488
8942
47549
47551
47553
47555
8467
8489
8943
47557
47559
47561
27315
47111
47556
47557
47559
26281
27350
27352
47556
26288
27349
27356
27357
27359
47536
8471
8493
8947
27356
27358
27360
27362
27394
27397
27398
8472
8494
8948
47584
47587
47588
8473
8495
8949
8474
8496
8950
8475
8497
8951
8476
8498
8952
8477
8499
8953
8478
8500
8954
8479
8501
8955
47591
47594
47595
8480
8502
8956
27364
27366
27368
27401
27404
27405
26295
27363
27364
27366
47543
26302
27327
27363
27373
27332
27370
47118
47563
47564
47566
8484
8506
8960
47563
47565
47567
47569
8485
8507
8961
47571
47573
47575
47125
47570
47571
47573
26307
27339
27377
27378
47570
26312
27380
27381
27383
47550
8489
8509
8965
27380
27382
27384
27386
47605
47608
47609
8490
8510
8966
8491
8511
8967
47557
47558
47561
47562
47578
47580
47582
27350
47132
47577
47578
47580
26319
27388
27390
47577
26326
27387
27394
27395
27397
27394
47139
47584
47585
47587
8496
8516
8972
27438
27441
27442
47584
47586
47588
47590
8497
8517
8973
27445
27448
27449
8498
8518
8974
47619
47622
47623
8499
8519
8975
47626
47629
47630
8500
8520
8976
27452
27455
27456
8501
8521
8977
27459
27462
27463
47592
47594
47596
47146
47591
47592
47594
26333
27401
27402
27404
47591
26340
27364
27401
27411
27371
27408
47153
47598
47599
47601
8506
8526
8982
47564
47565
47568
47569
47598
47600
47602
47604
8507
8527
8983
8508
8528
8984
27416
27418
27420
47640
47643
47644
26347
27415
27416
27418
47571
27422
47160
47605
47606
47608
8511
8531
8987
47605
47607
47609
47611
47647
47650
47651
8512
8532
8988
8513
8533
8989
47578
47579
47582
47583
47613
47615
47617
27388
47167
47612
47613
47615
26358
27427
27429
47612
26364
27426
27433
27435
47585
26370
27433
27438
27439
27441
26377
27438
27445
27446
27448
27445
47174
47619
47620
47622
47181
47619
47626
47627
47629
26384
27452
27453
27455
47626
26391
27452
27459
27460
27462
26397
27459
27466
27467
27468
47592
26403
27402
27466
27474
27409
27471
47188
47633
47634
47636
8526
8545
9002
47599
47600
47603
47604
47633
47635
47637
47639
8527
8546
9003
8528
8547
9004
47641
47643
47645
47668
47671
47672
47195
47640
47641
47643
26408
27416
27478
27479
47640
26412
27481
27483
47606
27481
47202
47647
47648
47650
8533
8550
9009
47647
47649
47651
47653
47675
47678
47679
8534
8551
9010
8535
8552
9011
47613
47614
47617
47618
47655
47657
47659
27427
47209
47654
47655
47657
26418
27486
27487
27489
47654
26431
27446
27493
27499
27502
26437
27499
27506
27508
47620
26442
27506
27511
27513
47627
26448
27453
27511
27516
27519
26454
27460
27516
27525
26460
27528
27529
27531
27472
27528
47216
47661
47662
47664
8545
8563
9021
47634
47635
47638
47639
47661
47663
47665
47667
8546
8564
9022
8547
8565
9023
47669
47671
47673
47696
47699
47700
47223
47668
47669
47671
26466
27535
27536
27537
47641
47668
26472
27540
27541
27543
47648
27540
47230
47675
47676
47678
8552
8568
9028
47675
47677
47679
47681
47703
47706
47707
8553
8569
9029
8554
8570
9030
47655
47656
47659
47660
8555
8571
9031
27487
27488
27491
27492
47683
47685
47687
27494
47237
47682
47683
47685
26479
27500
27547
27548
27550
47682
26486
27507
27547
27554
27555
27557
26493
27554
27561
27562
27564
26500
27517
27561
27568
27569
27571
27523
27568
47244
47689
47690
47692
8562
8578
9038
27529
27530
27533
27534
47689
47691
47693
47695
8563
8579
9039
47662
47663
47666
47667
8564
8580
9040
8565
8581
9041
47697
47699
47701
47710
47713
47714
47251
47696
47697
47699
26507
27575
27576
27578
47669
47696
26515
27582
27584
27586
47676
27584
47258
47703
47704
47706
8570
8585
9046
27598
27601
27602
47703
47705
47707
47709
8571
8586
9047
47717
47720
47721
8572
8587
9048
8573
8588
9049
47683
47684
47687
47688
8574
8589
9050
27548
27549
27552
27553
8575
8590
9051
27555
27556
27559
27560
8576
8591
9052
27562
27563
27566
27567
8577
8592
9053
27569
27570
27573
27574
8578
8593
9054
47690
47691
47694
47695
8579
8594
9055
8580
8595
9056
47724
47727
47728
8581
8596
9057
27605
27608
27609
47711
47713
47715
47265
47710
47711
47713
26520
27589
27590
27591
47697
47710
26523
27576
27589
27594
26525
27595
27596
47704
26530
27595
27598
27599
27601
27598
47272
47717
47718
47720
8588
8599
9064
27618
27621
27622
47717
47719
47721
47723
8589
8600
9065
27625
27628
27629
8590
8601
9066
27632
27635
27636
8591
8602
9067
27639
27642
27643
8592
8603
9068
27646
27649
27650
8593
8604
9069
27653
27656
27657
8594
8605
9070
27660
27663
27664
8595
8606
9071
27667
27670
27671
47725
47727
47729
47279
47724
47725
47727
26537
27605
27606
27608
47724
26542
27605
27612
27613
47711
26545
27615
27616
47718
26550
27615
27618
27619
27621
26557
27618
27625
27626
27628
26564
27625
27632
27633
27635
26571
27632
27639
27640
27642
26578
27639
27646
27647
27649
26585
27646
27653
27654
27656
26592
27653
27660
27661
27663
26599
27660
27667
27668
27670
26604
27667
27674
27675
47725
26607
27633
27677
27678
26610
27640
27677
27680
27681
26613
27647
27680
27683
27684
26616
27654
27683
27686
27687
26641
27709
27710
27712
26648
27709
27716
27717
27719
26655
27689
27716
27723
27724
27726
26662
27693
27723
27730
27731
27733
26669
27697
27730
27737
27738
27740
26676
27701
27737
27744
27745
27747
26683
27744
27751
27752
27754
26690
27751
27758
27759
27761
26705
27773
27774
27776
27705
27773
47286
47731
47732
47734
8623
8635
9099
27710
27711
27714
27715
47731
47733
47735
47737
8624
8636
9100
27717
27718
27721
27722
8625
8637
9101
27724
27725
27728
27729
8626
8638
9102
27731
27732
27735
27736
8627
8639
9103
27738
27739
27742
27743
8628
8640
9104
27745
27746
27749
27750
8629
8641
9105
27752
27753
27756
27757
8630
8642
9106
27759
27760
27763
27764
47739
47741
47743
27765
47293
47738
47739
47741
26712
27780
27781
27783
47738
27769
27793
47300
47745
47746
47748
8634
8650
9110
27774
27775
27778
27779
47745
47747
47749
47751
8635
8651
9111
47732
47733
47736
47737
8636
8652
9112
8637
8653
9113
47766
47769
47770
8638
8654
9114
27813
27816
27817
8639
8655
9115
27820
27823
27824
8640
8656
9116
27827
27830
27831
8641
8657
9117
27834
27837
27838
8642
8658
9118
47773
47776
47777
8643
8659
9119
8644
8660
9120
47739
47740
47743
47744
8645
8661
9121
27781
27782
27785
27786
47753
47755
47757
27787
47307
47752
47753
47755
26730
27799
27801
47752
26738
27806
27807
27809
27794
27806
47314
47759
47760
47762
8650
8667
9126
47746
47747
47750
47751
47759
47761
47763
47765
8651
8668
9127
8652
8669
9128
47794
47797
47798
8653
8670
9129
27854
27857
27858
47767
47769
47771
47321
47766
47767
47769
26745
27813
27814
27816
47766
26752
27813
27820
27821
27823
26759
27820
27827
27828
27830
26766
27827
27834
27835
27837
27834
47328
47773
47774
47776
8660
8676
9136
27896
27899
27900
47773
47775
47777
47779
8661
8677
9137
47801
47804
47805
8662
8678
9138
8663
8679
9139
47753
47754
47757
47758
47781
47783
47785
27799
47335
47780
47781
47783
26773
27804
27841
27842
27844
47780
27807
27848
47342
47787
47788
47790
8667
8685
9143
47760
47761
47764
47765
47787
47789
47791
47793
8668
8686
9144
8669
8687
9145
47795
47797
47799
47822
47825
47826
47349
47794
47795
47797
26786
27854
27855
27857
47794
26792
27854
27861
27863
47767
26798
27814
27861
27866
27869
26804
27821
27866
27875
26816
27835
27878
27884
27887
26822
27884
27891
27893
47774
26828
27891
27896
27897
27899
27896
47356
47801
47802
47804
8679
8697
9155
47801
47803
47805
47807
47843
47846
47847
8680
8698
9156
8681
8699
9157
47781
47782
47785
47786
47809
47811
47813
27842
47363
47808
47809
47811
26834
27903
27905
47808
27849
27908
47370
47815
47816
47818
8685
8705
9161
47788
47789
47792
47793
47815
47817
47819
47821
8686
8706
9162
8687
8707
9163
47823
47825
47827
47857
47860
47861
47377
47822
47823
47825
26844
27912
27913
27915
47795
47822
26857
27919
27925
27926
27928
26864
27867
27925
27932
27933
27935
27873
27932
47384
47829
47830
47832
27879
47391
47829
47836
47837
47839
26871
27885
27939
27940
27942
47836
26878
27892
27939
27946
27947
27949
26884
27946
27953
27955
26890
27958
27961
47802
27958
47398
47843
47844
47846
8699
8720
9175
47843
47845
47847
47849
47878
47881
47882
8700
8721
9176
8701
8722
9177
47809
47810
47813
47814
47851
47853
47855
27903
47405
47850
47851
47853
26895
27965
27966
47850
26900
27968
27969
27971
8705
8726
9181
27968
27970
27972
27974
47816
47817
47820
47821
8706
8727
9182
8707
8728
9183
47858
47860
47862
47892
47895
47896
47412
47857
47858
47860
26907
27975
27976
27978
47823
47857
26914
27982
27983
27985
27920
27982
47419
47864
47865
47867
8712
8733
9188
27926
27927
27930
27931
47864
47866
47868
47870
8713
8734
9189
27933
27934
27937
27938
8714
8735
9190
47830
47831
47834
47835
8715
8736
9191
47837
47838
47841
47842
8716
8737
9192
27940
27941
27944
27945
8717
8738
9193
27947
27948
27951
27952
47872
47874
47876
27953
47426
47871
47872
47874
26921
27959
27989
27990
27992
47871
26928
27996
27999
47844
27996
47433
47878
47879
47881
8722
8743
9198
47878
47880
47882
47884
47899
47902
47903
8723
8744
9199
8724
8745
9200
28004
28006
28008
47851
47852
47855
47856
26935
27965
28003
28004
28006
27969
28010
47440
47885
47886
47888
8727
8750
9203
47885
47887
47889
47891
8728
8751
9204
47893
47895
47897
47447
47892
47893
47895
26946
28014
28015
28017
47858
47892
26953
28021
28022
28024
8732
8754
9208
27983
27984
27987
27988
28021
28023
28025
28027
8733
8755
9209
47865
47866
47869
47870
8734
8756
9210
8735
8757
9211
8736
8758
9212
8737
8759
9213
8738
8760
9214
8739
8761
9215
8740
8762
9216
47872
47873
47876
47877
8741
8763
9217
27990
27991
27994
27995
28029
28031
28033
26960
27997
28028
28029
28031
26967
28035
28038
47879
28035
47454
47899
47900
47902
8745
8767
9221
47899
47901
47903
47905
8746
8768
9222
47907
47909
47911
28004
47461
47906
47907
47909
26972
28042
28043
47906
26977
28045
28046
28048
8750
8772
9226
28045
28047
28049
28051
47886
47887
47890
47891
8751
8773
9227
8752
8774
9228
28053
28055
28057
47927
47930
47931
26984
28052
28053
28055
47893
28022
28059
47468
47913
47914
47916
8755
8778
9231
47913
47915
47917
47919
8756
8779
9232
8757
8780
9233
8758
8781
9234
8759
8782
9235
48368
48369
48370
8760
8783
9236
48375
48376
48377
8761
8784
9237
8762
8785
9238
8763
8786
9239
8764
8787
9240
47921
47923
47925
28029
47475
47920
47921
47923
26996
28036
28065
28067
47920
27002
28070
28071
28073
47900
8768
8790
9244
28070
28072
28074
28076
47934
47937
47938
8769
8791
9245
8770
8792
9246
28078
28080
28082
47907
47908
47911
47912
27009
28042
28077
28078
28080
27016
28046
28084
28085
28087
8773
8795
9249
28084
28086
28088
28090
8774
8796
9250
47928
47930
47932
47482
47927
47928
47930
27022
28053
28091
28093
47927
27028
28060
28096
28097
28099
8778
8800
9254
28096
28098
28100
28102
47914
47915
47918
47919
8779
8801
9255
8780
8802
9256
8781
8803
9257
8782
8804
9258
8783
8805
9259
8784
8806
9260
8785
8807
9261
8786
8808
9262
8787
8809
9263
8788
8810
9264
8789
8811
9265
28104
28106
28108
47921
47922
47925
47926
27035
28065
28103
28104
28106
28110
47489
47934
47935
47937
8792
8815
9268
47934
47936
47938
47940
8793
8816
9269
28117
28119
28121
27048
28078
28116
28117
28119
27059
28085
28123
28127
28128
28130
8796
8820
9272
28127
28129
28131
28133
8797
8821
9273
28135
28137
28139
27066
28134
28135
28137
47928
27073
28091
28134
28142
28144
27080
28097
28141
28148
28149
28151
8801
8825
9277
28148
28150
28152
28154
8802
8826
9278
8803
8827
9279
8804
8828
9280
8805
8829
9281
8806
8830
9282
8807
8831
9283
8808
8832
9284
8809
8833
9285
8810
8834
9286
8811
8835
9287
8812
8836
9288
28156
28158
28160
27087
28104
28155
28156
28158
27094
28111
28155
28163
28165
27101
28162
28169
28170
28172
47935
8816
8840
9292
28169
28171
28173
28175
8817
8841
9293
28177
28179
28181
27108
28117
28176
28177
28179
27113
28176
28183
28184
27122
28128
28186
28190
28191
28193
8821
8845
9297
28190
28192
28194
28196
8822
8846
9298
28198
28200
28202
27129
28135
28197
28198
28200
27135
28142
28197
28206
28149
28204
47496
47941
47942
47944
8826
8849
9302
47941
47943
47945
47947
8827
8850
9303
8828
8851
9304
48410
48411
48412
8829
8852
9305
8830
8853
9306
8831
8854
9307
8832
8855
9308
8833
8856
9309
8834
8857
9310
8835
8858
9311
48417
48418
48419
8836
8859
9312
8837
8860
9313
47949
47951
47953
28156
47503
47948
47949
47951
27140
28163
28210
28211
47948
27146
28170
28209
28214
28215
28217
8841
8864
9317
28214
28216
28218
28220
8842
8865
9318
28222
28224
28226
27153
28177
28221
28222
28224
27158
28183
28221
28228
28229
27167
28191
28231
28235
28236
28238
8846
8869
9322
28235
28237
28239
28241
8847
8870
9323
28243
28245
28247
27174
28198
28242
28243
28245
28249
47510
47942
47955
47956
47958
8850
8874
9326
47955
47957
47959
47961
8851
8875
9327
8852
8876
9328
48438
48439
48440
8853
8877
9329
8854
8878
9330
8855
8879
9331
8856
8880
9332
8857
8881
9333
8858
8882
9334
8859
8883
9335
48445
48446
48447
8860
8884
9336
8861
8885
9337
47963
47965
47967
47517
47949
47962
47963
47965
27186
28210
28255
28257
47962
27192
28215
28260
28261
28263
8865
8889
9341
28260
28262
28264
28266
8866
8890
9342
28268
28270
28272
27199
28222
28267
28268
28270
27204
28228
28267
28274
28275
27213
28236
28277
28281
28282
28284
8870
8894
9346
28281
28283
28285
28287
8871
8895
9347
28289
28291
28293
27220
28243
28288
28289
28291
27227
28250
28288
28296
28298
27234
28295
28302
28303
28305
47956
8875
8899
9351
28302
28304
28306
28308
8876
8900
9352
8877
8901
9353
8878
8902
9354
8879
8903
9355
8880
8904
9356
8881
8905
9357
8882
8906
9358
8883
8907
9359
8884
8908
9360
8885
8909
9361
8886
8910
9362
28310
28312
28314
27241
28309
28310
28312
47963
27248
28255
28309
28317
28319
27255
28261
28316
28323
28324
28326
8890
8914
9366
28323
28325
28327
28329
8891
8915
9367
28331
28333
28335
27262
28268
28330
28331
28333
27267
28274
28330
28337
28338
27272
28282
28340
28341
28343
8895
8918
9371
28340
28342
28344
28346
8896
8919
9372
47970
47972
47974
28289
47524
47969
47970
47972
27278
28296
28348
28349
47969
27284
28303
28347
28352
28353
28355
8900
8923
9376
28352
28354
28356
28358
47983
47986
47987
8901
8924
9377
8902
8925
9378
8903
8926
9379
8904
8927
9380
8905
8928
9381
8906
8929
9382
8907
8930
9383
8908
8931
9384
8909
8932
9385
8910
8933
9386
8911
8934
9387
28360
28362
28364
47990
47993
47994
27291
28310
28359
28360
28362
27297
28317
28359
28368
28324
28366
47531
47976
47977
47979
8915
8938
9391
47976
47978
47980
47982
8916
8939
9392
28372
28374
28376
27303
28331
28371
28372
28374
27310
28341
28378
28379
28381
8919
8941
9395
28378
28380
28382
28384
47997
48000
48001
8920
8942
9396
8921
8943
9397
28386
28388
28390
47970
47971
47974
47975
27317
28348
28385
28386
28388
27323
28353
28392
28394
28392
47538
47983
47984
47986
8925
8947
9401
47983
47985
47987
47989
8926
8948
9402
8927
8949
9403
8928
8950
9404
8929
8951
9405
48480
48481
48482
8930
8952
9406
48487
48488
48489
8931
8953
9407
8932
8954
9408
8933
8955
9409
8934
8956
9410
47991
47993
47995
47545
47990
47991
47993
27328
28360
28397
28398
28399
47990
27334
28402
28403
28405
8938
8960
9414
28402
28404
28406
28408
47977
47978
47981
47982
8939
8961
9415
8940
8962
9416
28410
28412
28414
48018
48021
48022
27341
28372
28409
28410
28412
28416
47552
47997
47998
48000
8943
8965
9419
47997
47999
48001
48003
8944
8966
9420
48005
48007
48009
28386
47559
48004
48005
48007
27352
28421
28423
48004
27359
28420
28427
28428
28430
47984
8948
8970
9424
28427
28429
28431
28433
28465
28468
28469
8949
8971
9425
48032
48035
48036
8950
8972
9426
8951
8973
9427
8952
8974
9428
8953
8975
9429
8954
8976
9430
8955
8977
9431
8956
8978
9432
48039
48042
48043
8957
8979
9433
28435
28437
28439
28472
28475
28476
27366
28434
28435
28437
47991
27373
28398
28434
28444
28403
28441
47566
48011
48012
48014
8961
8983
9437
48011
48013
48015
48017
8962
8984
9438
48019
48021
48023
47573
48018
48019
48021
27378
28410
28448
28449
48018
27383
28451
28452
28454
47998
8966
8986
9442
28451
28453
28455
28457
48053
48056
48057
8967
8987
9443
8968
8988
9444
48005
48006
48009
48010
48026
48028
48030
28421
47580
48025
48026
48028
27390
28459
28461
48025
27397
28458
28465
28466
28468
28465
47587
48032
48033
48035
8973
8993
9449
28509
28512
28513
48032
48034
48036
48038
8974
8994
9450
28516
28519
28520
8975
8995
9451
48067
48070
48071
8976
8996
9452
48074
48077
48078
8977
8997
9453
28523
28526
28527
8978
8998
9454
28530
28533
28534
48040
48042
48044
47594
48039
48040
48042
27404
28472
28473
28475
48039
27411
28435
28472
28482
28442
28479
47601
48046
48047
48049
8983
9003
9459
48012
48013
48016
48017
48046
48048
48050
48052
8984
9004
9460
8985
9005
9461
28487
28489
28491
48088
48091
48092
27418
28486
28487
28489
48019
28493
47608
48053
48054
48056
8988
9008
9464
48053
48055
48057
48059
48095
48098
48099
8989
9009
9465
8990
9010
9466
48026
48027
48030
48031
48061
48063
48065
28459
47615
48060
48061
48063
27429
28498
28500
48060
27435
28497
28504
28506
48033
27441
28504
28509
28510
28512
27448
28509
28516
28517
28519
28516
47622
48067
48068
48070
47629
48067
48074
48075
48077
27455
28523
28524
28526
48074
27462
28523
28530
28531
28533
27468
28530
28537
28538
28539
48040
27474
28473
28537
28545
28480
28542
47636
48081
48082
48084
9003
9022
9479
48047
48048
48051
48052
48081
48083
48085
48087
9004
9023
9480
9005
9024
9481
48089
48091
48093
48116
48119
48120
47643
48088
48089
48091
27479
28487
28549
28550
48088
27483
28552
28554
48054
28552
47650
48095
48096
48098
9010
9027
9486
48095
48097
48099
48101
48123
48126
48127
9011
9028
9487
9012
9029
9488
48061
48062
48065
48066
48103
48105
48107
28498
47657
48102
48103
48105
27489
28557
28558
28560
48102
27502
28517
28564
28570
28573
27508
28570
28577
28579
48068
27513
28577
28582
28584
48075
27519
28524
28582
28587
28590
27525
28531
28587
28596
27531
28599
28600
28602
28543
28599
47664
48109
48110
48112
9022
9040
9498
48082
48083
48086
48087
48109
48111
48113
48115
9023
9041
9499
9024
9042
9500
48117
48119
48121
48144
48147
48148
47671
48116
48117
48119
27537
28606
28607
28608
48089
48116
27543
28611
28612
28614
48096
28611
47678
48123
48124
48126
9029
9045
9505
48123
48125
48127
48129
48151
48154
48155
9030
9046
9506
9031
9047
9507
48103
48104
48107
48108
9032
9048
9508
28558
28559
28562
28563
48131
48133
48135
28565
47685
48130
48131
48133
27550
28571
28618
28619
28621
48130
27557
28578
28618
28625
28626
28628
27564
28625
28632
28633
28635
27571
28588
28632
28639
28640
28642
28594
28639
47692
48137
48138
48140
9039
9055
9515
28600
28601
28604
28605
48137
48139
48141
48143
9040
9056
9516
48110
48111
48114
48115
9041
9057
9517
9042
9058
9518
48145
48147
48149
48158
48161
48162
47699
48144
48145
48147
27578
28646
28647
28649
48117
48144
27586
28653
28655
28657
48124
28655
47706
48151
48152
48154
9047
9062
9523
28669
28672
28673
48151
48153
48155
48157
9048
9063
9524
48165
48168
48169
9049
9064
9525
9050
9065
9526
48131
48132
48135
48136
9051
9066
9527
28619
28620
28623
28624
9052
9067
9528
28626
28627
28630
28631
9053
9068
9529
28633
28634
28637
28638
9054
9069
9530
28640
28641
28644
28645
9055
9070
9531
48138
48139
48142
48143
9056
9071
9532
9057
9072
9533
48172
48175
48176
9058
9073
9534
28676
28679
28680
48159
48161
48163
47713
48158
48159
48161
27591
28660
28661
28662
48145
48158
27594
28647
28660
28665
27596
28666
28667
48152
27601
28666
28669
28670
28672
28669
47720
48165
48166
48168
9065
9076
9541
28689
28692
28693
48165
48167
48169
48171
9066
9077
9542
28696
28699
28700
9067
9078
9543
28703
28706
28707
9068
9079
9544
28710
28713
28714
9069
9080
9545
28717
28720
28721
9070
9081
9546
28724
28727
28728
9071
9082
9547
28731
28734
28735
9072
9083
9548
28738
28741
28742
48173
48175
48177
47727
48172
48173
48175
27608
28676
28677
28679
48172
27613
28676
28683
28684
48159
27616
28686
28687
48166
27621
28686
28689
28690
28692
27628
28689
28696
28697
28699
27635
28696
28703
28704
28706
27642
28703
28710
28711
28713
27649
28710
28717
28718
28720
27656
28717
28724
28725
28727
27663
28724
28731
28732
28734
27670
28731
28738
28739
28741
27675
28738
28745
28746
48173
27678
28704
28748
28749
27681
28711
28748
28751
28752
27684
28718
28751
28754
28755
27687
28725
28754
28757
28758
27712
28780
28781
28783
27719
28780
28787
28788
28790
27726
28760
28787
28794
28795
28797
27733
28764
28794
28801
28802
28804
27740
28768
28801
28808
28809
28811
27747
28772
28808
28815
28816
28818
27754
28815
28822
28823
28825
27761
28822
28829
28830
28832
27776
28844
28845
28847
28776
28844
47734
48179
48180
48182
9100
9112
9576
28781
28782
28785
28786
48179
48181
48183
48185
9101
9113
9577
28788
28789
28792
28793
9102
9114
9578
28795
28796
28799
28800
9103
9115
9579
28802
28803
28806
28807
9104
9116
9580
28809
28810
28813
28814
9105
9117
9581
28816
28817
28820
28821
9106
9118
9582
28823
28824
28827
28828
9107
9119
9583
28830
28831
28834
28835
48187
48189
48191
28836
47741
48186
48187
48189
27783
28851
28852
28854
48186
28840
28864
47748
48193
48194
48196
9111
9127
9587
28845
28846
28849
28850
48193
48195
48197
48199
9112
9128
9588
48180
48181
48184
48185
9113
9129
9589
9114
9130
9590
48214
48217
48218
9115
9131
9591
28884
28887
28888
9116
9132
9592
28891
28894
28895
9117
9133
9593
28898
28901
28902
9118
9134
9594
28905
28908
28909
9119
9135
9595
48221
48224
48225
9120
9136
9596
9121
9137
9597
48187
48188
48191
48192
9122
9138
9598
28852
28853
28856
28857
48201
48203
48205
28858
47755
48200
48201
48203
27801
28870
28872
48200
27809
28877
28878
28880
28865
28877
47762
48207
48208
48210
9127
9144
9603
48194
48195
48198
48199
48207
48209
48211
48213
9128
9145
9604
9129
9146
9605
48242
48245
48246
9130
9147
9606
28925
28928
28929
48215
48217
48219
47769
48214
48215
48217
27816
28884
28885
28887
48214
27823
28884
28891
28892
28894
27830
28891
28898
28899
28901
27837
28898
28905
28906
28908
28905
47776
48221
48222
48224
9137
9153
9613
28967
28970
28971
48221
48223
48225
48227
9138
9154
9614
48249
48252
48253
9139
9155
9615
9140
9156
9616
48201
48202
48205
48206
48229
48231
48233
28870
47783
48228
48229
48231
27844
28875
28912
28913
28915
48228
28878
28919
47790
48235
48236
48238
9144
9162
9620
48208
48209
48212
48213
48235
48237
48239
48241
9145
9163
9621
9146
9164
9622
48243
48245
48247
48270
48273
48274
47797
48242
48243
48245
27857
28925
28926
28928
48242
27863
28925
28932
28934
48215
27869
28885
28932
28937
28940
27875
28892
28937
28946
27887
28906
28949
28955
28958
27893
28955
28962
28964
48222
27899
28962
28967
28968
28970
28967
47804
48249
48250
48252
9156
9174
9632
48249
48251
48253
48255
48291
48294
48295
9157
9175
9633
9158
9176
9634
48229
48230
48233
48234
48257
48259
48261
28913
47811
48256
48257
48259
27905
28974
28976
48256
28920
28979
47818
48263
48264
48266
9162
9182
9638
48236
48237
48240
48241
48263
48265
48267
48269
9163
9183
9639
9164
9184
9640
48271
48273
48275
48305
48308
48309
47825
48270
48271
48273
27915
28983
28984
28986
48243
48270
27928
28990
28996
28997
28999
27935
28938
28996
29003
29004
29006
28944
29003
47832
48277
48278
48280
28950
47839
48277
48284
48285
48287
27942
28956
29010
29011
29013
48284
27949
28963
29010
29017
29018
29020
27955
29017
29024
29026
27961
29029
29032
48250
29029
47846
48291
48292
48294
9176
9197
9652
48291
48293
48295
48297
48326
48329
48330
9177
9198
9653
9178
9199
9654
48257
48258
48261
48262
48299
48301
48303
28974
47853
48298
48299
48301
27966
29036
29037
48298
27971
29039
29040
29042
9182
9203
9658
29039
29041
29043
29045
48264
48265
48268
48269
9183
9204
9659
9184
9205
9660
48306
48308
48310
48340
48343
48344
47860
48305
48306
48308
27978
29046
29047
29049
48271
48305
27985
29053
29054
29056
28991
29053
47867
48312
48313
48315
9189
9210
9665
28997
28998
29001
29002
48312
48314
48316
48318
9190
9211
9666
29004
29005
29008
29009
9191
9212
9667
48278
48279
48282
48283
9192
9213
9668
48285
48286
48289
48290
9193
9214
9669
29011
29012
29015
29016
9194
9215
9670
29018
29019
29022
29023
48320
48322
48324
29024
47874
48319
48320
48322
27992
29030
29060
29061
29063
48319
27999
29067
29070
48292
29067
47881
48326
48327
48329
9199
9220
9675
48326
48328
48330
48332
48347
48350
48351
9200
9221
9676
9201
9222
9677
29075
29077
29079
48299
48300
48303
48304
28006
29036
29074
29075
29077
29040
29081
47888
48333
48334
48336
9204
9227
9680
48333
48335
48337
48339
9205
9228
9681
48341
48343
48345
47895
48340
48341
48343
28017
29085
29086
29088
48306
48340
28024
29092
29093
29095
9209
9231
9685
29054
29055
29058
29059
29092
29094
29096
29098
9210
9232
9686
48313
48314
48317
48318
9211
9233
9687
9212
9234
9688
48851
48852
48853
9213
9235
9689
41375
41376
41377
48368
48371
48372
9214
9236
9690
41382
41383
41384
48375
48378
48379
9215
9237
9691
48858
48859
48860
9216
9238
9692
9217
9239
9693
48320
48321
48324
48325
9218
9240
9694
29061
29062
29065
29066
29100
29102
29104
28031
29068
29099
29100
29102
28038
29106
29109
48327
29106
47902
48347
48348
48350
9222
9244
9698
48347
48349
48351
48353
9223
9245
9699
48355
48357
48359
29075
47909
48354
48355
48357
28043
29113
29114
48354
28048
29116
29117
29119
9227
9249
9703
29116
29118
29120
29122
48334
48335
48338
48339
9228
9250
9704
9229
9251
9705
29124
29126
29128
48389
48392
48393
28055
29123
29124
29126
48341
29093
29130
47916
48361
48362
48364
9232
9255
9708
48361
48363
48365
48367
9233
9256
9709
9234
9257
9710
41139
41140
41141
9235
9258
9711
30207
30208
30209
48369
48371
48373
48368
48369
48371
48368
48375
48376
48378
9238
9261
9714
30214
30215
30216
48375
48377
48379
48381
9239
9262
9715
41156
41157
41158
9240
9263
9716
9241
9264
9717
48383
48385
48387
29100
47923
48382
48383
48385
28067
29107
29136
29138
48382
28073
29141
29142
29144
48348
9245
9267
9721
29141
29143
29145
29147
48396
48399
48400
9246
9268
9722
9247
9269
9723
29149
29151
29153
48355
48356
48359
48360
28080
29113
29148
29149
29151
28087
29117
29155
29156
29158
9250
9272
9726
29155
29157
29159
29161
9251
9273
9727
48390
48392
48394
47930
48389
48390
48392
28093
29124
29162
29164
48389
28099
29131
29167
29168
29170
9255
9277
9731
29167
29169
29171
29173
48362
48363
48366
48367
9256
9278
9732
9257
9279
9733
41163
41164
41165
9258
9280
9734
41170
41171
41172
9259
9281
9735
48900
48901
48902
9260
9282
9736
48369
48370
48373
48374
48907
48908
48909
9261
9283
9737
48376
48377
48380
48381
48914
48915
48916
9262
9284
9738
48921
48922
48923
9263
9285
9739
41177
41178
41179
9264
9286
9740
41184
41185
41186
9265
9287
9741
9266
9288
9742
29175
29177
29179
48383
48384
48387
48388
28106
29136
29174
29175
29177
29181
47937
48396
48397
48399
9269
9292
9745
48396
48398
48400
48402
9270
9293
9746
29188
29190
29192
28119
29149
29187
29188
29190
28130
29156
29194
29198
29199
29201
9273
9297
9749
29198
29200
29202
29204
9274
9298
9750
29206
29208
29210
28137
29205
29206
29208
48390
28144
29162
29205
29213
29215
28151
29168
29212
29219
29220
29222
9278
9302
9754
29219
29221
29223
29225
9279
9303
9755
48935
48936
48937
9280
9304
9756
30311
30312
30313
48410
48413
48414
9281
9305
9757
48942
48943
48944
9282
9306
9758
9283
9307
9759
9284
9308
9760
9285
9309
9761
9286
9310
9762
48949
48950
48951
9287
9311
9763
30318
30319
30320
48417
48420
48421
9288
9312
9764
48956
48957
48958
9289
9313
9765
29227
29229
29231
28158
29175
29226
29227
29229
28165
29182
29226
29234
29236
28172
29233
29240
29241
29243
48397
9293
9317
9769
29240
29242
29244
29246
9294
9318
9770
29248
29250
29252
28179
29188
29247
29248
29250
28184
29247
29254
29255
28193
29199
29257
29261
29262
29264
9298
9322
9774
29261
29263
29265
29267
9299
9323
9775
29269
29271
29273
28200
29206
29268
29269
29271
28206
29213
29268
29277
29220
29275
47944
48403
48404
48406
9303
9326
9779
48403
48405
48407
48409
9304
9327
9780
41389
41390
41391
48411
48413
48415
48410
48411
48413
9306
9329
9782
48410
48412
48414
48416
48970
48971
48972
9307
9330
9783
9308
9331
9784
9309
9332
9785
9310
9333
9786
9311
9334
9787
48418
48420
48422
48977
48978
48979
48417
48418
48420
9313
9336
9789
41396
41397
41398
48417
48419
48421
48423
9314
9337
9790
48425
48427
48429
29227
47951
48424
48425
48427
28211
29234
29281
29282
48424
28217
29241
29280
29285
29286
29288
9318
9341
9794
29285
29287
29289
29291
9319
9342
9795
29293
29295
29297
28224
29248
29292
29293
29295
28229
29254
29292
29299
29300
28238
29262
29302
29306
29307
29309
9323
9346
9799
29306
29308
29310
29312
9324
9347
9800
29314
29316
29318
28245
29269
29313
29314
29316
29320
47958
48404
48431
48432
48434
9327
9351
9803
48431
48433
48435
48437
9328
9352
9804
41403
41404
41405
48439
48441
48443
48411
48438
48439
48441
9330
9354
9806
48438
48440
48442
48444
48998
48999
49000
9331
9355
9807
9332
9356
9808
9333
9357
9809
9334
9358
9810
9335
9359
9811
48446
48448
48450
49005
49006
49007
48418
48445
48446
48448
9337
9361
9813
41410
41411
41412
48445
48447
48449
48451
9338
9362
9814
48453
48455
48457
47965
48425
48452
48453
48455
28257
29281
29326
29328
48452
28263
29286
29331
29332
29334
9342
9366
9818
29331
29333
29335
29337
9343
9367
9819
29339
29341
29343
28270
29293
29338
29339
29341
28275
29299
29338
29345
29346
28284
29307
29348
29352
29353
29355
9347
9371
9823
29352
29354
29356
29358
9348
9372
9824
29360
29362
29364
28291
29314
29359
29360
29362
28298
29321
29359
29367
29369
28305
29366
29373
29374
29376
48432
9352
9376
9828
29373
29375
29377
29379
9353
9377
9829
49019
49020
49021
9354
9378
9830
30479
30480
30481
48439
48440
48443
48444
9355
9379
9831
49026
49027
49028
9356
9380
9832
9357
9381
9833
9358
9382
9834
9359
9383
9835
9360
9384
9836
49033
49034
49035
9361
9385
9837
30486
30487
30488
48446
48447
48450
48451
9362
9386
9838
49040
49041
49042
9363
9387
9839
29381
29383
29385
28312
29380
29381
29383
48453
28319
29326
29380
29388
29390
28326
29332
29387
29394
29395
29397
9367
9391
9843
29394
29396
29398
29400
9368
9392
9844
29402
29404
29406
28333
29339
29401
29402
29404
28338
29345
29401
29408
29409
28343
29353
29411
29412
29414
9372
9395
9848
29411
29413
29415
29417
9373
9396
9849
48460
48462
48464
29360
47972
48459
48460
48462
28349
29367
29419
29420
48459
28355
29374
29418
29423
29424
29426
9377
9400
9853
29423
29425
29427
29429
48473
48476
48477
9378
9401
9854
9379
9402
9855
41211
41212
41213
9380
9403
9856
41218
41219
41220
9381
9404
9857
49054
49055
49056
9382
9405
9858
48480
48483
48484
49061
49062
49063
9383
9406
9859
48487
48490
48491
49068
49069
49070
9384
9407
9860
49075
49076
49077
9385
9408
9861
41225
41226
41227
9386
9409
9862
41232
41233
41234
9387
9410
9863
9388
9411
9864
29431
29433
29435
48494
48497
48498
28362
29381
29430
29431
29433
28368
29388
29430
29439
29395
29437
47979
48466
48467
48469
9392
9415
9868
48466
48468
48470
48472
9393
9416
9869
29443
29445
29447
28374
29402
29442
29443
29445
28381
29412
29449
29450
29452
9396
9418
9872
29449
29451
29453
29455
48501
48504
48505
9397
9419
9873
9398
9420
9874
29457
29459
29461
48460
48461
48464
48465
28388
29419
29456
29457
29459
28394
29424
29463
29465
29463
47986
48473
48474
48476
9402
9424
9878
48473
48475
48477
48479
9403
9425
9879
9404
9426
9880
41239
41240
41241
9405
9427
9881
30581
30582
30583
48481
48483
48485
48480
48481
48483
48480
48487
48488
48490
9408
9430
9884
30588
30589
30590
48487
48489
48491
48493
9409
9431
9885
41256
41257
41258
9410
9432
9886
9411
9433
9887
48495
48497
48499
47993
48494
48495
48497
28399
29431
29468
29469
29470
48494
28405
29473
29474
29476
9415
9437
9891
29473
29475
29477
29479
48467
48468
48471
48472
9416
9438
9892
9417
9439
9893
29481
29483
29485
48522
48525
48526
28412
29443
29480
29481
29483
29487
48000
48501
48502
48504
9420
9442
9896
48501
48503
48505
48507
9421
9443
9897
48509
48511
48513
29457
48007
48508
48509
48511
28423
29492
29494
48508
28430
29491
29498
29499
29501
48474
9425
9447
9901
29498
29500
29502
29504
29536
29539
29540
9426
9448
9902
48536
48539
48540
9427
9449
9903
9428
9450
9904
49117
49118
49119
9429
9451
9905
41417
41418
41419
48481
48482
48485
48486
9430
9452
9906
41424
41425
41426
48488
48489
48492
48493
9431
9453
9907
49124
49125
49126
9432
9454
9908
9433
9455
9909
48543
48546
48547
9434
9456
9910
29506
29508
29510
29543
29546
29547
28437
29505
29506
29508
48495
28444
29469
29505
29515
29474
29512
48014
48515
48516
48518
9438
9460
9914
48515
48517
48519
48521
9439
9461
9915
48523
48525
48527
48021
48522
48523
48525
28449
29481
29519
29520
48522
28454
29522
29523
29525
48502
9443
9463
9919
29522
29524
29526
29528
48557
48560
48561
9444
9464
9920
9445
9465
9921
48509
48510
48513
48514
48530
48532
48534
29492
48028
48529
48530
48532
28461
29530
29532
48529
28468
29529
29536
29537
29539
29536
48035
48536
48537
48539
9450
9470
9926
29580
29583
29584
48536
48538
48540
48542
9451
9471
9927
29587
29590
29591
9452
9472
9928
48571
48574
48575
9453
9473
9929
48578
48581
48582
9454
9474
9930
29594
29597
29598
9455
9475
9931
29601
29604
29605
48544
48546
48548
48042
48543
48544
48546
28475
29543
29544
29546
48543
28482
29506
29543
29553
29513
29550
48049
48550
48551
48553
9460
9480
9936
48516
48517
48520
48521
48550
48552
48554
48556
9461
9481
9937
9462
9482
9938
29558
29560
29562
48592
48595
48596
28489
29557
29558
29560
48523
29564
48056
48557
48558
48560
9465
9485
9941
48557
48559
48561
48563
48599
48602
48603
9466
9486
9942
9467
9487
9943
48530
48531
48534
48535
48565
48567
48569
29530
48063
48564
48565
48567
28500
29569
29571
48564
28506
29568
29575
29577
48537
28512
29575
29580
29581
29583
28519
29580
29587
29588
29590
29587
48070
48571
48572
48574
48077
48571
48578
48579
48581
28526
29594
29595
29597
48578
28533
29594
29601
29602
29604
28539
29601
29608
29609
29610
48544
28545
29544
29608
29616
29551
29613
48084
48585
48586
48588
9480
9499
9956
48551
48552
48555
48556
48585
48587
48589
48591
9481
9500
9957
9482
9501
9958
48593
48595
48597
48620
48623
48624
48091
48592
48593
48595
28550
29558
29620
29621
48592
28554
29623
29625
48558
29623
48098
48599
48600
48602
9487
9504
9963
48599
48601
48603
48605
48627
48630
48631
9488
9505
9964
9489
9506
9965
48565
48566
48569
48570
48607
48609
48611
29569
48105
48606
48607
48609
28560
29628
29629
29631
48606
28573
29588
29635
29641
29644
28579
29641
29648
29650
48572
28584
29648
29653
29655
48579
28590
29595
29653
29658
29661
28596
29602
29658
29667
28602
29670
29671
29673
29614
29670
48112
48613
48614
48616
9499
9517
9975
48586
48587
48590
48591
48613
48615
48617
48619
9500
9518
9976
9501
9519
9977
48621
48623
48625
48648
48651
48652
48119
48620
48621
48623
28608
29677
29678
29679
48593
48620
28614
29682
29683
29685
48600
29682
48126
48627
48628
48630
9506
9522
9982
48627
48629
48631
48633
48655
48658
48659
9507
9523
9983
9508
9524
9984
48607
48608
48611
48612
9509
9525
9985
29629
29630
29633
29634
48635
48637
48639
29636
48133
48634
48635
48637
28621
29642
29689
29690
29692
48634
28628
29649
29689
29696
29697
29699
28635
29696
29703
29704
29706
28642
29659
29703
29710
29711
29713
29665
29710
48140
48641
48642
48644
9516
9532
9992
29671
29672
29675
29676
48641
48643
48645
48647
9517
9533
9993
48614
48615
48618
48619
9518
9534
9994
9519
9535
9995
48649
48651
48653
48662
48665
48666
48147
48648
48649
48651
28649
29717
29718
29720
48621
48648
28657
29724
29726
29728
48628
29726
48154
48655
48656
48658
9524
9539
10000
29740
29743
29744
48655
48657
48659
48661
9525
9540
10001
48669
48672
48673
9526
9541
10002
9527
9542
10003
48635
48636
48639
48640
9528
9543
10004
29690
29691
29694
29695
9529
9544
10005
29697
29698
29701
29702
9530
9545
10006
29704
29705
29708
29709
9531
9546
10007
29711
29712
29715
29716
9532
9547
10008
48642
48643
48646
48647
9533
9548
10009
9534
9549
10010
48676
48679
48680
9535
9550
10011
29747
29750
29751
48663
48665
48667
48161
48662
48663
48665
28662
29731
29732
29733
48649
48662
28665
29718
29731
29736
28667
29737
29738
48656
28672
29737
29740
29741
29743
29740
48168
48669
48670
48672
9542
9553
10018
29760
29763
29764
48669
48671
48673
48675
9543
9554
10019
29767
29770
29771
9544
9555
10020
29774
29777
29778
9545
9556
10021
29781
29784
29785
9546
9557
10022
29788
29791
29792
9547
9558
10023
29795
29798
29799
9548
9559
10024
29802
29805
29806
9549
9560
10025
29809
29812
29813
48677
48679
48681
48175
48676
48677
48679
28679
29747
29748
29750
48676
28684
29747
29754
29755
48663
28687
29757
29758
48670
28692
29757
29760
29761
29763
28699
29760
29767
29768
29770
28706
29767
29774
29775
29777
28713
29774
29781
29782
29784
28720
29781
29788
29789
29791
28727
29788
29795
29796
29798
28734
29795
29802
29803
29805
28741
29802
29809
29810
29812
28746
29809
29816
29817
48677
28749
29775
29819
29820
28752
29782
29819
29822
29823
28755
29789
29822
29825
29826
28758
29796
29825
29828
29829
28783
29851
29852
29854
28790
29851
29858
29859
29861
28797
29831
29858
29865
29866
29868
28804
29835
29865
29872
29873
29875
28811
29839
29872
29879
29880
29882
28818
29843
29879
29886
29887
29889
28825
29886
29893
29894
29896
28832
29893
29900
29901
29903
28847
29915
29916
29918
29847
29915
48182
48683
48684
48686
9577
9589
10053
29852
29853
29856
29857
31056
31057
31058
48683
48685
48687
48689
9578
9590
10054
29859
29860
29863
29864
31063
31064
31065
9579
9591
10055
29866
29867
29870
29871
31070
31071
31072
9580
9592
10056
29873
29874
29877
29878
31077
31078
31079
9581
9593
10057
29880
29881
29884
29885
31084
31085
31086
9582
9594
10058
29887
29888
29891
29892
31091
31092
31093
9583
9595
10059
29894
29895
29898
29899
31098
31099
31100
9584
9596
10060
29901
29902
29905
29906
31105
31106
31107
48691
48693
48695
29907
48189
48690
48691
48693
28854
29922
29923
29925
48690
29911
29935
48196
48697
48698
48700
9588
9604
10064
29916
29917
29920
29921
31145
31146
31147
48697
48699
48701
48703
9589
9605
10065
31152
31153
31154
48684
48685
48688
48689
9590
9606
10066
31159
31160
31161
9591
9607
10067
31166
31167
31168
48718
48721
48722
9592
9608
10068
29955
29958
29959
31173
31174
31175
9593
9609
10069
29962
29965
29966
31180
31181
31182
9594
9610
10070
29969
29972
29973
31187
31188
31189
9595
9611
10071
29976
29979
29980
31194
31195
31196
9596
9612
10072
31201
31202
31203
48725
48728
48729
9597
9613
10073
31208
31209
31210
9598
9614
10074
31215
31216
31217
48691
48692
48695
48696
9599
9615
10075
29923
29924
29927
29928
31222
31223
31224
48705
48707
48709
29929
48203
48704
48705
48707
28872
29941
29943
48704
28880
29948
29949
29951
29936
29948
48210
48711
48712
48714
9604
9621
10080
31257
31258
31259
48698
48699
48702
48703
48711
48713
48715
48717
9605
9622
10081
31264
31265
31266
9606
9623
10082
31271
31272
31273
48746
48749
48750
9607
9624
10083
29996
29999
30000
31278
31279
31280
48719
48721
48723
48217
48718
48719
48721
28887
29955
29956
29958
48718
28894
29955
29962
29963
29965
28901
29962
29969
29970
29972
28908
29969
29976
29977
29979
29976
48224
48725
48726
48728
9614
9630
10090
30038
30041
30042
31327
31328
31329
48725
48727
48729
48731
9615
9631
10091
31334
31335
31336
48753
48756
48757
9616
9632
10092
31341
31342
31343
9617
9633
10093
31348
31349
31350
48705
48706
48709
48710
48733
48735
48737
29941
48231
48732
48733
48735
28915
29946
29983
29984
29986
48732
29949
29990
48238
48739
48740
48742
9621
9639
10097
31382
31383
31384
48712
48713
48716
48717
48739
48741
48743
48745
9622
9640
10098
31389
31390
31391
9623
9641
10099
31396
31397
31398
48747
48749
48751
48774
48777
48778
48245
48746
48747
48749
28928
29996
29997
29999
48746
28934
29996
30003
30005
48719
28940
29956
30003
30008
30011
28946
29963
30008
30017
28958
29977
30020
30026
30029
28964
30026
30033
30035
48726
28970
30033
30038
30039
30041
30038
48252
48753
48754
48756
9633
9651
10109
31466
31467
31468
48753
48755
48757
48759
48795
48798
48799
9634
9652
10110
31473
31474
31475
9635
9653
10111
31480
31481
31482
48733
48734
48737
48738
48761
48763
48765
29984
48259
48760
48761
48763
28976
30045
30047
48760
29991
30050
48266
48767
48768
48770
9639
9659
10115
31510
31511
31512
48740
48741
48744
48745
48767
48769
48771
48773
9640
9660
10116
31517
31518
31519
9641
9661
10117
31524
31525
31526
48775
48777
48779
48809
48812
48813
48273
48774
48775
48777
28986
30054
30055
30057
48747
48774
28999
30061
30067
30068
30070
29006
30009
30067
30074
30075
30077
30015
30074
48280
48781
48782
48784
30021
48287
48781
48788
48789
48791
29013
30027
30081
30082
30084
48788
29020
30034
30081
30088
30089
30091
29026
30088
30095
30097
29032
30100
30103
48754
30100
48294
48795
48796
48798
9653
9674
10129
31598
31599
31600
48795
48797
48799
48801
48830
48833
48834
9654
9675
10130
31605
31606
31607
9655
9676
10131
31612
31613
31614
48761
48762
48765
48766
48803
48805
48807
30045
48301
48802
48803
48805
29037
30107
30108
48802
29042
30110
30111
30113
9659
9680
10135
30110
30112
30114
30116
31636
31637
31638
48768
48769
48772
48773
9660
9681
10136
31643
31644
31645
9661
9682
10137
31650
31651
31652
48810
48812
48814
48844
48847
48848
48308
48809
48810
48812
29049
30117
30118
30120
48775
48809
29056
30124
30125
30127
30062
30124
48315
48816
48817
48819
9666
9687
10142
30068
30069
30072
30073
48816
48818
48820
48822
9667
9688
10143
30075
30076
30079
30080
48851
48854
48855
9668
9689
10144
41375
41378
41379
48782
48783
48786
48787
9669
9690
10145
41382
41385
41386
48789
48790
48793
48794
9670
9691
10146
30082
30083
30086
30087
48858
48861
48862
9671
9692
10147
30089
30090
30093
30094
48824
48826
48828
30095
48322
48823
48824
48826
29063
30101
30131
30132
30134
48823
29070
30138
30141
48796
30138
48329
48830
48831
48833
9676
9697
10152
31699
31700
31701
48830
48832
48834
48836
48865
48868
48869
9677
9698
10153
31706
31707
31708
9678
9699
10154
30146
30148
30150
31713
31714
31715
48803
48804
48807
48808
29077
30107
30145
30146
30148
30111
30152
48336
48837
48838
48840
9681
9704
10157
31738
31739
31740
48837
48839
48841
48843
9682
9705
10158
31745
31746
31747
48845
48847
48849
48343
48844
48845
48847
29088
30156
30157
30159
48810
48844
29095
30163
30164
30166
9686
9708
10162
30125
30126
30129
30130
30163
30165
30167
30169
9687
9709
10163
48817
48818
48821
48822
9688
9710
10164
41139
41142
41143
48852
48854
48856
48851
48852
48854
41375
41376
41378
48851
41375
41382
41383
41385
41382
48858
48859
48861
9693
9715
10169
41156
41159
41160
48858
48860
48862
48864
9694
9716
10170
48824
48825
48828
48829
9695
9717
10171
30132
30133
30136
30137
30171
30173
30175
29102
30139
30170
30171
30173
29109
30177
30180
48831
30177
48350
48865
48866
48868
9699
9721
10175
31822
31823
31824
48865
48867
48869
48871
9700
9722
10176
31829
31830
31831
48873
48875
48877
30146
48357
48872
48873
48875
29114
30184
30185
48872
29119
30187
30188
30190
9704
9726
10180
30187
30189
30191
30193
31853
31854
31855
48838
48839
48842
48843
9705
9727
10181
31860
31861
31862
9706
9728
10182
30195
30197
30199
31867
31868
31869
48893
48896
48897
29126
30194
30195
30197
48845
30164
30201
48364
48879
48880
48882
9709
9732
10185
48879
48881
48883
48885
9710
9733
10186
41140
41142
41144
41163
41166
41167
41139
41140
41142
30207
30208
30210
41139
48852
30207
41146
41147
41376
48371
41146
41151
41152
41383
48378
30214
30215
30217
41151
48859
30214
41156
41157
41159
9717
9740
10191
41156
41158
41160
41162
41184
41187
41188
9718
9741
10192
48887
48889
48891
30171
48385
48886
48887
48889
29138
30178
30221
30223
48886
29144
30226
30227
30229
48866
9722
9744
10196
30226
30228
30230
30232
31935
31936
31937
48928
48931
48932
9723
9745
10197
31942
31943
31944
9724
9746
10198
30234
30236
30238
31949
31950
31951
48873
48874
48877
48878
29151
30184
30233
30234
30236
29158
30188
30240
30241
30243
9727
9749
10201
30240
30242
30244
30246
31970
31971
31972
9728
9750
10202
31977
31978
31979
48894
48896
48898
48392
48893
48894
48896
29164
30195
30247
30249
48893
29170
30202
30252
30253
30255
9732
9754
10206
30252
30254
30256
30258
48880
48881
48884
48885
9733
9755
10207
41164
41166
41168
48935
48938
48939
41163
41164
41166
41140
41163
41170
41171
41173
30208
41170
48900
48901
48903
41147
48900
48907
48908
48910
41152
48907
48914
48915
48917
30215
48914
48921
48922
48924
41157
41177
41178
41180
48921
41177
41184
41185
41187
9742
9764
10216
41184
41186
41188
41190
48956
48959
48960
9743
9765
10217
30260
30262
30264
48887
48888
48891
48892
29177
30221
30259
30260
30262
30266
48399
48928
48929
48931
9746
9769
10220
32065
32066
32067
48928
48930
48932
48934
9747
9770
10221
30273
30275
30277
32072
32073
32074
29190
30234
30272
30273
30275
29201
30241
30279
30283
30284
30286
9750
9774
10224
30283
30285
30287
30289
32097
32098
32099
9751
9775
10225
30291
30293
30295
32104
32105
32106
29208
30290
30291
30293
48894
29215
30247
30290
30298
30300
29222
30253
30297
30304
30305
30307
9755
9779
10229
30304
30306
30308
30310
48936
48938
48940
48935
48936
48938
30311
30312
30314
41164
48935
30311
41171
48942
48943
48945
9759
9783
10233
48901
48902
48905
48906
48942
48944
48946
48948
9760
9784
10234
48908
48909
48912
48913
9761
9785
10235
48915
48916
48919
48920
9762
9786
10236
48922
48923
48926
48927
48950
48952
48954
41178
48949
48950
48952
30318
30319
30321
41185
48949
30318
48956
48957
48959
9766
9790
10240
30326
30328
30330
48956
48958
48960
48962
29229
30260
30325
30326
30328
29236
30267
30325
30333
30335
29243
30332
30339
30340
30342
48929
9770
9794
10244
30339
30341
30343
30345
32195
32196
32197
9771
9795
10245
30347
30349
30351
32202
32203
32204
29250
30273
30346
30347
30349
29255
30346
30353
30354
29264
30284
30356
30360
30361
30363
9775
9799
10249
30360
30362
30364
30366
32230
32231
32232
9776
9800
10250
30368
30370
30372
32237
32238
32239
29271
30291
30367
30368
30370
29277
30298
30367
30376
30305
30374
48406
48963
48964
48966
9780
9803
10254
41390
41392
41394
48963
48965
48967
48969
41389
41390
41392
48936
30312
41191
41192
41389
48413
41191
48943
48970
48971
48973
9784
9807
10257
48970
48972
48974
48976
9785
9808
10258
9786
9809
10259
9787
9810
10260
48978
48980
48982
48950
48977
48978
48980
30319
41196
41197
41199
48420
48977
41196
41396
41397
41399
48957
9791
9814
10264
41396
41398
41400
41402
48985
48987
48989
30326
48427
48984
48985
48987
29282
30333
30380
30381
48984
29288
30340
30379
30384
30385
30387
9795
9818
10268
30384
30386
30388
30390
32289
32290
32291
9796
9819
10269
30392
30394
30396
32296
32297
32298
29295
30347
30391
30392
30394
29300
30353
30391
30398
30399
29309
30361
30401
30405
30406
30408
9800
9823
10273
30405
30407
30409
30411
32324
32325
32326
9801
9824
10274
30413
30415
30417
32331
32332
32333
29316
30368
30412
30413
30415
30419
48434
48964
48991
48992
48994
9804
9828
10277
41404
41406
41408
48991
48993
48995
48997
41390
41403
41404
41406
41192
41201
41202
41403
48441
41201
48971
48998
48999
49001
9808
9832
10280
48998
49000
49002
49004
9809
9833
10281
9810
9834
10282
9811
9835
10283
49006
49008
49010
48978
49005
49006
49008
41197
41206
41207
41209
48448
49005
41206
41397
41410
41411
41413
9815
9839
10287
41410
41412
41414
41416
49013
49015
49017
48455
48985
49012
49013
49015
29328
30380
30425
30427
49012
29334
30385
30430
30431
30433
9819
9843
10291
30430
30432
30434
30436
32384
32385
32386
9820
9844
10292
30438
30440
30442
32391
32392
32393
29341
30392
30437
30438
30440
29346
30398
30437
30444
30445
29355
30406
30447
30451
30452
30454
9824
9848
10296
30451
30453
30455
30457
32419
32420
32421
9825
9849
10297
30459
30461
30463
32426
32427
32428
29362
30413
30458
30459
30461
29369
30420
30458
30466
30468
29376
30465
30472
30473
30475
48992
9829
9853
10301
30472
30474
30476
30478
49020
49022
49024
41404
49019
49020
49022
30479
30480
30482
41202
49019
30479
48999
49026
49027
49029
9833
9857
10305
49026
49028
49030
49032
49054
49057
49058
9834
9858
10306
49061
49064
49065
9835
9859
10307
49068
49071
49072
9836
9860
10308
49034
49036
49038
49075
49078
49079
49006
49033
49034
49036
30486
30487
30489
41207
49033
30486
41411
49040
49041
49043
9840
9864
10312
30494
30496
30498
49040
49042
49044
49046
29383
30493
30494
30496
49013
29390
30425
30493
30501
30503
29397
30431
30500
30507
30508
30510
9844
9868
10316
30507
30509
30511
30513
32517
32518
32519
9845
9869
10317
30515
30517
30519
32524
32525
32526
29404
30438
30514
30515
30517
29409
30444
30514
30521
30522
29414
30452
30524
30525
30527
9849
9872
10321
30524
30526
30528
30530
32548
32549
32550
9850
9873
10322
32555
32556
32557
49048
49050
49052
30459
48462
49047
49048
49050
29420
30466
30532
30533
49047
29426
30473
30531
30536
30537
30539
9854
9877
10326
30536
30538
30540
30542
49089
49092
49093
9855
9878
10327
41212
41214
41216
49020
49021
49024
49025
30480
41211
41212
41214
41211
41218
41219
41221
49027
41218
49054
49055
49057
49054
49061
49062
49064
49061
49068
49069
49071
49068
49075
49076
49078
41225
41226
41228
49034
49075
30487
41225
41232
41233
41235
9864
9887
10336
41232
41234
41236
41238
49041
49042
49045
49046
9865
9888
10337
30544
30546
30548
49096
49099
49100
29433
30494
30543
30544
30546
29439
30501
30543
30552
30508
30550
48469
49082
49083
49085
9869
9892
10341
32642
32643
32644
49082
49084
49086
49088
9870
9893
10342
30556
30558
30560
32649
32650
32651
29445
30515
30555
30556
30558
29452
30525
30562
30563
30565
9873
9895
10345
30562
30564
30566
30568
32670
32671
32672
49103
49106
49107
9874
9896
10346
32677
32678
32679
9875
9897
10347
30570
30572
30574
32684
32685
32686
49048
49049
49052
49053
29459
30532
30569
30570
30572
29465
30537
30576
30578
30576
48476
49089
49090
49092
9879
9901
10351
49089
49091
49093
49095
9880
9902
10352
41212
41213
41216
41217
41240
41242
41244
41219
41239
41240
41242
30581
30582
30584
41239
49055
30581
41246
41247
41249
48483
49062
41246
41251
41252
41254
48490
49069
30588
30589
30591
41251
49076
30588
41226
41256
41257
41259
9887
9909
10359
41233
41234
41237
41238
41256
41258
41260
41262
9888
9910
10360
49097
49099
49101
48497
49096
49097
49099
29470
30544
30595
30596
30597
49096
29476
30600
30601
30603
9892
9914
10364
30600
30602
30604
30606
32749
32750
32751
49083
49084
49087
49088
9893
9915
10365
32756
32757
32758
9894
9916
10366
30608
30610
30612
32763
32764
32765
49138
49141
49142
29483
30556
30607
30608
30610
30614
48504
49103
49104
49106
9897
9919
10369
32788
32789
32790
49103
49105
49107
49109
9898
9920
10370
32795
32796
32797
49111
49113
49115
30570
48511
49110
49111
49113
29494
30619
30621
49110
29501
30618
30625
30626
30628
49090
9902
9924
10374
30625
30627
30629
30631
30663
30666
30667
9903
9925
10375
49152
49155
49156
9904
9926
10376
41240
41241
41244
41245
49118
49120
49122
30582
49117
49118
49120
41247
41417
41418
41420
49117
41252
41417
41424
41425
41427
30589
41424
49124
49125
49127
9909
9931
10381
41257
41258
41261
41262
49124
49126
49128
49130
9910
9932
10382
49159
49162
49163
9911
9933
10383
30633
30635
30637
30670
30673
30674
29508
30632
30633
30635
49097
29515
30596
30632
30642
30601
30639
48518
49131
49132
49134
9915
9937
10387
32872
32873
32874
49131
49133
49135
49137
9916
9938
10388
32879
32880
32881
49139
49141
49143
48525
49138
49139
49141
29520
30608
30646
30647
49138
29525
30649
30650
30652
49104
9920
9940
10392
30649
30651
30653
30655
32903
32904
32905
49173
49176
49177
9921
9941
10393
32910
32911
32912
9922
9942
10394
32917
32918
32919
49111
49112
49115
49116
49146
49148
49150
30619
48532
49145
49146
49148
29532
30657
30659
49145
29539
30656
30663
30664
30666
30663
48539
49152
49153
49155
9927
9947
10399
30707
30710
30711
49152
49154
49156
49158
9928
9948
10400
30714
30717
30718
49118
49119
49122
49123
9929
9949
10401
41418
41419
41422
41423
49187
49190
49191
9930
9950
10402
41425
41426
41429
41430
49194
49197
49198
9931
9951
10403
30721
30724
30725
49125
49126
49129
49130
9932
9952
10404
30728
30731
30732
49160
49162
49164
48546
49159
49160
49162
29546
30670
30671
30673
49159
29553
30633
30670
30680
30640
30677
48553
49166
49167
49169
9937
9957
10409
32966
32967
32968
49132
49133
49136
49137
49166
49168
49170
49172
9938
9958
10410
32973
32974
32975
9939
9959
10411
30685
30687
30689
32980
32981
32982
49208
49211
49212
29560
30684
30685
30687
49139
30691
48560
49173
49174
49176
9942
9962
10414
33005
33006
33007
49173
49175
49177
49179
49215
49218
49219
9943
9963
10415
33012
33013
33014
9944
9964
10416
33019
33020
33021
49146
49147
49150
49151
49181
49183
49185
30657
48567
49180
49181
49183
29571
30696
30698
49180
29577
30695
30702
30704
49153
29583
30702
30707
30708
30710
29590
30707
30714
30715
30717
30714
48574
49187
49188
49190
48581
49187
49194
49195
49197
29597
30721
30722
30724
49194
29604
30721
30728
30729
30731
29610
30728
30735
30736
30737
49160
29616
30671
30735
30743
30678
30740
48588
49201
49202
49204
9957
9976
10429
33092
33093
33094
49167
49168
49171
49172
49201
49203
49205
49207
9958
9977
10430
33099
33100
33101
9959
9978
10431
33106
33107
33108
49209
49211
49213
49236
49239
49240
48595
49208
49209
49211
29621
30685
30747
30748
49208
29625
30750
30752
49174
30750
48602
49215
49216
49218
9964
9981
10436
33135
33136
33137
49215
49217
49219
49221
49243
49246
49247
9965
9982
10437
33142
33143
33144
9966
9983
10438
33149
33150
33151
49181
49182
49185
49186
49223
49225
49227
30696
48609
49222
49223
49225
29631
30755
30756
30758
49222
29644
30715
30762
30768
30771
29650
30768
30775
30777
49188
29655
30775
30780
30782
49195
29661
30722
30780
30785
30788
29667
30729
30785
30794
29673
30797
30798
30800
30741
30797
48616
49229
49230
49232
9976
9994
10448
33219
33220
33221
49202
49203
49206
49207
49229
49231
49233
49235
9977
9995
10449
33226
33227
33228
9978
9996
10450
33233
33234
33235
49237
49239
49241
49264
49267
49268
48623
49236
49237
49239
29679
30804
30805
30806
49209
49236
29685
30809
30810
30812
49216
30809
48630
49243
49244
49246
9983
9999
10455
33266
33267
33268
49243
49245
49247
49249
49271
49274
49275
9984
10000
10456
33273
33274
33275
9985
10001
10457
33280
33281
33282
49223
49224
49227
49228
9986
10002
10458
30756
30757
30760
30761
33287
33288
33289
49251
49253
49255
30763
48637
49250
49251
49253
29692
30769
30816
30817
30819
49250
29699
30776
30816
30823
30824
30826
29706
30823
30830
30831
30833
29713
30786
30830
30837
30838
30840
30792
30837
48644
49257
49258
49260
9993
10009
10465
30798
30799
30802
30803
33336
33337
33338
49257
49259
49261
49263
9994
10010
10466
33343
33344
33345
49230
49231
49234
49235
9995
10011
10467
33350
33351
33352
9996
10012
10468
33357
33358
33359
49265
49267
49269
49278
49281
49282
48651
49264
49265
49267
29720
30844
30845
30847
49237
49264
29728
30851
30853
30855
49244
30853
48658
49271
49272
49274
10001
10016
10473
30867
30870
30871
33392
33393
33394
49271
49273
49275
49277
10002
10017
10474
33399
33400
33401
49285
49288
49289
10003
10018
10475
33406
33407
33408
10004
10019
10476
33413
33414
33415
49251
49252
49255
49256
10005
10020
10477
30817
30818
30821
30822
33420
33421
33422
10006
10021
10478
30824
30825
30828
30829
33427
33428
33429
10007
10022
10479
30831
30832
30835
30836
33434
33435
33436
10008
10023
10480
30838
30839
30842
30843
33441
33442
33443
10009
10024
10481
33448
33449
33450
49258
49259
49262
49263
10010
10025
10482
33455
33456
33457
10011
10026
10483
33462
33463
33464
49292
49295
49296
10012
10027
10484
30874
30877
30878
33469
33470
33471
49279
49281
49283
48665
49278
49279
49281
29733
30858
30859
30860
49265
49278
29736
30845
30858
30863
29738
30864
30865
49272
29743
30864
30867
30868
30870
30867
48672
49285
49286
49288
10019
10030
10491
30887
30890
30891
33506
33507
33508
49285
49287
49289
49291
10020
10031
10492
30894
30897
30898
33513
33514
33515
10021
10032
10493
30901
30904
30905
33520
33521
33522
10022
10033
10494
30908
30911
30912
33527
33528
33529
10023
10034
10495
30915
30918
30919
33534
33535
33536
10024
10035
10496
30922
30925
30926
33541
33542
33543
10025
10036
10497
30929
30932
30933
33548
33549
33550
10026
10037
10498
30936
30939
30940
33555
33556
33557
49293
49295
49297
48679
49292
49293
49295
29750
30874
30875
30877
49292
29755
30874
30881
30882
49279
29758
30884
30885
49286
29763
30884
30887
30888
30890
29770
30887
30894
30895
30897
29777
30894
30901
30902
30904
29784
30901
30908
30909
30911
29791
30908
30915
30916
30918
29798
30915
30922
30923
30925
29805
30922
30929
30930
30932
29812
30929
30936
30937
30939
29817
30936
30943
30944
49293
29820
30902
30946
30947
29823
30909
30946
30949
30950
29826
30916
30949
30952
30953
29829
30923
30952
30955
30956
29854
30978
30979
30981
29861
30978
30985
30986
30988
29868
30958
30985
30992
30993
30995
29875
30962
30992
30999
31000
31002
29882
30966
30999
31006
31007
31009
29889
30970
31006
31013
31014
31016
29896
31013
31020
31021
31023
29903
31020
31027
31028
31030
29918
31042
31043
31045
30974
31042
31049
31050
31052
48686
30979
31049
31056
31057
31059
30986
31056
31063
31064
31066
30993
31063
31070
31071
31073
31000
31070
31077
31078
31080
31007
31077
31084
31085
31087
31014
31084
31091
31092
31094
31021
31091
31098
31099
31101
31028
31098
31105
31106
31108
31034
31105
31112
31113
31115
48693
29925
31112
31119
31120
31122
31038
31132
31138
31139
31141
48700
31043
31138
31145
31146
31148
31050
31145
31152
31153
31155
31057
31152
31159
31160
31162
31064
31159
31166
31167
31169
31071
31166
31173
31174
31176
31078
31173
31180
31181
31183
31085
31180
31187
31188
31190
31092
31187
31194
31195
31197
31099
31194
31201
31202
31204
31106
31201
31208
31209
31211
31113
31208
31215
31216
31218
31120
31215
31222
31223
31225
31126
31222
31229
31230
31232
48707
29943
31229
31236
31238
29951
31243
31244
31246
31133
31243
31250
31251
31253
48714
31139
31250
31257
31258
31260
31146
31257
31264
31265
31267
31153
31264
31271
31272
31274
31160
31271
31278
31279
31281
31167
31278
31285
31286
31288
48721
29958
31174
31285
31292
31293
31295
29965
31181
31292
31299
31300
31302
29972
31188
31299
31306
31307
31309
29979
31195
31306
31313
31314
31316
31202
31313
31320
31321
31323
48728
31209
31320
31327
31328
31330
31216
31327
31334
31335
31337
31223
31334
31341
31342
31344
31230
31341
31348
31349
31351
31236
31348
31355
31356
31358
48735
29986
31241
31355
31362
31363
31365
31244
31369
31375
31376
31378
48742
31251
31375
31382
31383
31385
31258
31382
31389
31390
31392
31265
31389
31396
31397
31399
31272
31396
31403
31404
31406
48749
29999
31279
31403
31410
31411
31413
30005
31286
31410
31417
31419
30011
31293
31417
31422
31425
30017
31300
31422
31431
30029
31314
31434
31440
31443
30035
31321
31440
31447
31449
30041
31328
31447
31452
31453
31455
31335
31452
31459
31460
31462
48756
31342
31459
31466
31467
31469
31349
31466
31473
31474
31476
31356
31473
31480
31481
31483
31363
31480
31487
31488
31490
48763
30047
31487
31494
31496
31370
31499
31503
31504
31506
48770
31376
31503
31510
31511
31513
31383
31510
31517
31518
31520
31390
31517
31524
31525
31527
31397
31524
31531
31532
31534
48777
30057
31404
31531
31538
31539
31541
30070
31545
31551
31552
31554
30077
31423
31551
31558
31559
31561
31429
31558
48784
49299
49300
49302
31435
48791
49299
49306
49307
49309
30084
31441
31565
31566
31568
49306
30091
31448
31565
31572
31573
31575
30097
31572
31579
31581
30103
31460
31584
31587
31467
31584
31591
31592
31594
48798
31474
31591
31598
31599
31601
31481
31598
31605
31606
31608
31488
31605
31612
31613
31615
31494
31612
31619
31620
31622
48805
30108
31619
31626
31627
30113
31629
31630
31632
31504
31629
31636
31637
31639
31511
31636
31643
31644
31646
31518
31643
31650
31651
31653
31525
31650
31657
31658
31660
48812
30120
31532
31657
31664
31665
31667
30127
31671
31672
31674
31546
31671
48819
49313
49314
49316
10143
10164
10525
31552
31553
31556
31557
49313
49315
49317
49319
10144
10165
10526
31559
31560
31563
31564
31773
31776
31777
10145
10166
10527
31780
31783
31784
49300
49301
49304
49305
10146
10167
10528
31787
31790
31791
49307
49308
49311
49312
10147
10168
10529
31566
31567
31570
31571
31794
31797
31798
10148
10169
10530
31573
31574
31577
31578
49321
49323
49325
31579
48826
49320
49321
49323
30134
31585
31678
31679
31681
49320
30141
31592
31685
31688
31599
31685
31692
31693
31695
48833
31606
31692
31699
31700
31702
31613
31699
31706
31707
31709
31620
31706
31713
31714
31716
30148
31626
31713
31720
31721
31723
31630
31727
31731
31732
31734
48840
31637
31731
31738
31739
31741
31644
31738
31745
31746
31748
31651
31745
31752
31753
31755
48847
30159
31658
31752
31759
31760
31762
30166
31766
31767
31769
10163
10185
10534
31672
31673
31676
31677
31766
31768
31770
31772
10164
10186
10535
49314
49315
49318
49319
10165
10187
10536
31774
31776
31778
31887
31890
31891
31773
31774
31776
48854
31773
31780
31781
31783
41378
31780
31787
31788
31790
41385
31787
31794
31795
31797
48861
10170
10190
10541
31794
31796
31798
31800
31916
31919
31920
10171
10191
10542
49321
49322
49325
49326
10172
10192
10543
31679
31680
31683
31684
31802
31804
31806
30173
31686
31801
31802
31804
30180
31693
31808
31811
31700
31808
31815
31816
31818
48868
31707
31815
31822
31823
31825
31714
31822
31829
31830
31832
31721
31829
31836
31837
31839
48875
30185
31836
31843
31844
30190
31846
31847
31849
31732
31846
31853
31854
31856
31739
31853
31860
31861
31863
31746
31860
31867
31868
31870
30197
31753
31867
31874
31875
31877
31767
31881
48882
49327
49328
49330
10186
10207
10546
49327
49329
49331
49333
10187
10208
10547
31888
31890
31892
32003
32006
32007
31887
31888
31890
41142
30210
31774
31887
31894
31897
30217
31795
31909
31912
31909
31916
31917
31919
41159
10192
10215
10552
31916
31918
31920
31922
32038
32041
32042
10193
10216
10553
49335
49337
49339
31802
48889
49334
49335
49337
30223
31809
31923
31925
49334
30229
31816
31928
31929
31931
31823
31928
31935
31936
31938
31830
31935
31942
31943
31945
31837
31942
31949
31950
31952
30236
31843
31949
31956
31957
31959
30243
31847
31963
31964
31966
31854
31963
31970
31971
31973
31861
31970
31977
31978
31980
31868
31977
31984
31985
31987
48896
30249
31875
31984
31991
31993
30255
31882
31996
31997
31999
10207
10229
10557
31996
31998
32000
32002
49328
49329
49332
49333
10208
10230
10558
32004
32006
32008
32132
32135
32136
32003
32004
32006
41166
31888
32003
32013
41173
31895
32010
32017
32018
32020
48903
31901
32017
48910
49341
49342
49344
31905
48917
49341
49348
49349
49351
31910
32024
32025
32027
48924
49348
32024
32032
32034
41180
32031
32038
32039
32041
41187
10217
10239
10567
32038
32040
32042
32044
32167
32170
32171
10218
10240
10568
32046
32048
32050
49335
49336
49339
49340
30262
31923
32045
32046
32048
31936
32052
32058
32059
32061
48931
31943
32058
32065
32066
32068
31950
32065
32072
32073
32075
30275
31957
32072
32079
32080
32082
30286
31964
32086
32090
32091
32093
31971
32090
32097
32098
32100
31978
32097
32104
32105
32107
30293
31985
32104
32111
32112
32114
30300
31991
32111
32119
32121
30307
31997
32118
32125
32126
32128
10230
10254
10571
32125
32127
32129
32131
32133
32135
32137
32132
32133
32135
48938
30314
32004
32132
32140
32142
32011
32139
32146
32147
32149
48945
10234
10257
10575
32018
32019
32022
32023
32146
32148
32150
32152
10235
10258
10576
49342
49343
49346
49347
10236
10259
10577
49349
49350
49353
49354
10237
10260
10578
32025
32026
32029
32030
32154
32156
32158
32032
32153
32154
32156
48952
30321
32153
32161
32163
32160
32167
32168
32170
48959
10241
10264
10582
32167
32169
32171
32173
32175
32177
32179
30328
32046
32174
32175
32177
30335
32053
32174
32182
32184
30342
32059
32181
32188
32189
32191
32066
32188
32195
32196
32198
32073
32195
32202
32203
32205
30349
32080
32202
32209
32210
32212
30354
32209
32216
32217
30363
32091
32219
32223
32224
32226
32098
32223
32230
32231
32233
32105
32230
32237
32238
32240
30370
32112
32237
32244
32245
32247
30376
32119
32244
32253
32126
32251
48966
49355
49356
49358
10255
10277
10586
32257
32259
32261
49355
49357
49359
49361
32133
32256
32257
32259
41392
32147
32263
48973
49362
49363
49365
10258
10280
10589
49362
49364
49366
49368
10259
10281
10590
10260
10282
10591
10261
10283
10592
49370
49372
49374
32154
48980
49369
49370
49372
32161
32267
32268
41199
49369
32168
32270
32271
32273
41399
10265
10287
10596
32270
32272
32274
32276
49377
49379
49381
32175
48987
49376
49377
49379
30381
32182
32278
32279
49376
30387
32189
32277
32282
32283
32285
32196
32282
32289
32290
32292
32203
32289
32296
32297
32299
30394
32210
32296
32303
32304
32306
30399
32216
32303
32310
32311
30408
32224
32313
32317
32318
32320
32231
32317
32324
32325
32327
32238
32324
32331
32332
32334
30415
32245
32331
32338
32339
32341
32345
48994
49356
49383
49384
49386
10278
10301
10600
32352
32354
32356
49383
49385
49387
49389
32257
32351
32352
32354
41406
32358
49001
49363
49390
49391
49393
10281
10305
10603
49390
49392
49394
49396
10282
10306
10604
10283
10307
10605
10284
10308
10606
49398
49400
49402
49008
49370
49397
49398
49400
32267
32362
32363
41209
49397
32271
32365
32366
32368
41413
10288
10312
10610
32365
32367
32369
32371
49405
49407
49409
49015
49377
49404
49405
49407
30427
32278
32372
32374
49404
30433
32283
32377
32378
32380
32290
32377
32384
32385
32387
32297
32384
32391
32392
32394
30440
32304
32391
32398
32399
32401
30445
32310
32398
32405
32406
30454
32318
32408
32412
32413
32415
32325
32412
32419
32420
32422
32332
32419
32426
32427
32429
30461
32339
32426
32433
32434
32436
30468
32346
32433
32441
32443
30475
32440
32447
32448
32450
49384
10302
10326
10614
32447
32449
32451
32453
32455
32457
32459
32352
32454
32455
32457
49022
30482
32454
32462
32464
32461
32468
32469
32471
49029
49391
10306
10330
10618
32468
32470
32472
32474
32595
32598
32599
10307
10331
10619
49411
49414
49415
10308
10332
10620
49418
49421
49422
10309
10333
10621
32476
32478
32480
32602
32605
32606
32475
32476
32478
49036
49398
30489
32362
32475
32483
32485
32366
32482
32489
32490
32492
49043
10313
10337
10625
32489
32491
32493
32495
32497
32499
32501
30496
32496
32497
32499
49405
30503
32372
32496
32504
32506
30510
32378
32503
32510
32511
32513
32385
32510
32517
32518
32520
32392
32517
32524
32525
32527
30517
32399
32524
32531
32532
32534
30522
32405
32531
32538
32539
30527
32413
32541
32542
32544
32420
32541
32548
32549
32551
32427
32548
32555
32556
32558
32434
32555
32562
32563
32565
49050
30533
32441
32562
32570
32571
30539
32448
32569
32574
32575
32577
10327
10350
10629
32574
32576
32578
32580
49425
49428
49429
10328
10351
10630
32455
32456
32459
32460
32582
32584
32586
32462
32581
32582
32584
41214
32469
32588
32591
41221
32588
32595
32596
32598
49057
32595
49064
49411
49412
49414
49071
49411
49418
49419
49421
32602
32603
32605
49078
49418
32476
32602
32609
32610
32612
41228
32616
32617
32619
41235
10337
10360
10639
32490
32491
32494
32495
32616
32618
32620
32622
10338
10361
10640
32624
32626
32628
49432
49435
49436
30546
32497
32623
32624
32626
30552
32504
32623
32632
32511
32630
32635
32636
32638
49085
32518
32635
32642
32643
32645
32525
32642
32649
32650
32652
30558
32532
32649
32656
32657
32659
30565
32542
32663
32664
32666
32549
32663
32670
32671
32673
32556
32670
32677
32678
32680
32563
32677
32684
32685
32687
30572
32570
32684
32691
32692
32694
30578
32575
32698
32700
32698
49092
49425
49426
49428
10352
10374
10645
49425
49427
49429
49431
10353
10375
10646
32582
32583
32586
32587
32704
32706
32708
32589
32703
32704
32706
41242
30584
32596
32710
32713
32710
32717
32718
41249
49412
32717
32720
32721
41254
49419
30591
32603
32720
32723
32726
32730
32731
32733
41259
10360
10382
10653
32617
32618
32621
32622
32730
32732
32734
32736
10361
10383
10654
49433
49435
49437
49099
49432
49433
49435
30597
32624
32737
32738
32739
49432
30603
32742
32743
32745
32636
32742
32749
32750
32752
32643
32749
32756
32757
32759
32650
32756
32763
32764
32766
30610
32657
32763
32770
32771
32773
32671
32777
32781
32782
32784
49106
32678
32781
32788
32789
32791
32685
32788
32795
32796
32798
32692
32795
32802
32803
32805
49113
30621
32802
32810
32812
30628
32809
32816
32817
32819
49426
10375
10397
10658
32816
32818
32820
32822
32938
32941
32942
10376
10398
10659
49439
49442
49443
10377
10399
10660
32704
32705
32708
32709
32824
32826
32828
32711
32823
32824
32826
49120
32823
32830
32831
32833
41420
32830
32837
32838
32840
41427
32724
32837
32844
32845
32847
49127
10382
10404
10665
32731
32732
32735
32736
32844
32846
32848
32850
10383
10405
10666
49446
49449
49450
10384
10406
10667
32852
32854
32856
32945
32948
32949
30635
32851
32852
32854
49433
30642
32738
32851
32861
32743
32858
32865
32866
32868
49134
32750
32865
32872
32873
32875
32757
32872
32879
32880
32882
32764
32879
32886
32887
32889
49141
30647
32771
32886
32893
32894
30652
32782
32896
32897
32899
32789
32896
32903
32904
32906
32796
32903
32910
32911
32913
32803
32910
32917
32918
32920
32810
32917
32924
32925
32927
49148
30659
32924
32932
32934
30666
32931
32938
32939
32941
32938
49155
49439
49440
49442
10400
10420
10672
33045
33048
33049
49439
49441
49443
49445
10401
10421
10673
32824
32825
32828
32829
33052
33055
33056
10402
10422
10674
32831
32832
32835
32836
49453
49456
49457
10403
10423
10675
32838
32839
32842
32843
49460
49463
49464
10404
10424
10676
32845
32846
32849
32850
33059
33062
33063
10405
10425
10677
33066
33069
33070
49447
49449
49451
49162
49446
49447
49449
30673
32945
32946
32948
49446
30680
32852
32945
32955
32859
32952
32959
32960
32962
49169
32866
32959
32966
32967
32969
32873
32966
32973
32974
32976
32880
32973
32980
32981
32983
30687
32887
32980
32987
32988
32990
32904
32994
32998
32999
33001
49176
32911
32998
33005
33006
33008
32918
33005
33012
33013
33015
32925
33012
33019
33020
33022
32932
33019
33026
33027
33029
49183
30698
33026
33034
33036
30704
33033
33040
33042
49440
30710
33040
33045
33046
33048
30717
33045
33052
33053
33055
33052
49190
49453
49454
49456
49197
49453
49460
49461
49463
30724
33059
33060
33062
49460
30731
33059
33066
33067
33069
30737
33066
33073
33074
33075
49447
30743
32946
33073
33081
32953
33078
33085
33086
33088
49204
32960
33085
33092
33093
33095
32967
33092
33099
33100
33102
32974
33099
33106
33107
33109
32981
33106
33113
33114
33116
49211
30748
32988
33113
33120
33121
30752
32999
33123
33125
33006
33123
33128
33129
33131
49218
33013
33128
33135
33136
33138
33020
33135
33142
33143
33145
33027
33142
33149
33150
33152
33034
33149
33156
33157
33159
49225
30758
33156
33163
33164
33166
30771
33053
33170
33176
33179
30777
33176
33183
33185
49454
30782
33183
33188
33190
49461
30788
33060
33188
33193
33196
30794
33067
33193
33202
30800
33205
33206
33208
33079
33205
33212
33213
33215
49232
33086
33212
33219
33220
33222
33093
33219
33226
33227
33229
33100
33226
33233
33234
33236
33107
33233
33240
33241
33243
49239
30806
33114
33240
33247
33248
33249
30812
33129
33252
33253
33255
33136
33252
33259
33260
33262
49246
33143
33259
33266
33267
33269
33150
33266
33273
33274
33276
33157
33273
33280
33281
33283
33164
33280
33287
33288
33290
33171
33287
33294
33295
33297
49253
30819
33177
33294
33301
33302
33304
30826
33184
33301
33308
33309
33311
30833
33308
33315
33316
33318
30840
33194
33315
33322
33323
33325
33200
33322
33329
33330
33332
49260
33206
33329
33336
33337
33339
33213
33336
33343
33344
33346
33220
33343
33350
33351
33353
33227
33350
33357
33358
33360
33234
33357
33364
33365
33367
49267
30847
33241
33364
33371
33372
33374
30855
33260
33378
33380
33382
33267
33380
33385
33386
33388
49274
33274
33385
33392
33393
33395
33281
33392
33399
33400
33402
33288
33399
33406
33407
33409
33295
33406
33413
33414
33416
33302
33413
33420
33421
33423
33309
33420
33427
33428
33430
33316
33427
33434
33435
33437
33323
33434
33441
33442
33444
33330
33441
33448
33449
33451
33337
33448
33455
33456
33458
33344
33455
33462
33463
33465
33351
33462
33469
33470
33472
33358
33469
33476
33477
33479
49281
30860
33365
33476
33483
33484
33485
30863
33372
33483
33488
30865
33386
33489
33490
30870
33393
33489
33492
33493
33495
33400
33492
33499
33500
33502
49288
33407
33499
33506
33507
33509
33414
33506
33513
33514
33516
33421
33513
33520
33521
33523
33428
33520
33527
33528
33530
33435
33527
33534
33535
33537
33442
33534
33541
33542
33544
33449
33541
33548
33549
33551
33456
33548
33555
33556
33558
33463
33555
33562
33563
33565
49295
30877
33470
33562
33569
33570
33572
30882
33477
33569
33576
33577
30885
33500
33579
33580
30890
33507
33579
33582
33583
33585
30897
33514
33582
33589
33590
33592
30904
33521
33589
33596
33597
33599
30911
33528
33596
33603
33604
33606
30918
33535
33603
33610
33611
33613
30925
33542
33610
33617
33618
33620
30932
33549
33617
33624
33625
33627
30939
33556
33624
33631
33632
33634
30944
33563
33631
33638
33639
30947
33597
33641
33642
30950
33604
33641
33644
33645
30953
33611
33644
33647
33648
30956
33618
33647
33650
33651
31554
33675
33681
33682
33684
31561
33655
33681
33688
33689
33691
33659
33688
49302
49467
49468
49470
33663
49309
49467
49474
49475
49477
31568
33667
33695
33696
33698
49474
31575
33671
33695
33702
33703
33705
31581
33702
33709
33711
31674
33718
33719
33721
33676
33718
49316
49481
49482
49484
10526
10536
10704
33682
33683
33686
33687
49481
49483
49485
49487
10527
10537
10705
33689
33690
33693
33694
33743
33746
33747
10528
10538
10706
33750
33753
33754
49468
49469
49472
49473
10529
10539
10707
33757
33760
33761
49475
49476
49479
49480
10530
10540
10708
33696
33697
33700
33701
33764
33767
33768
10531
10541
10709
33703
33704
33707
33708
49489
49491
49493
33709
49323
49488
49489
49491
31681
33714
33725
33726
33728
49488
31769
33736
33737
33739
10535
10546
10713
33719
33720
33723
33724
33736
33738
33740
33742
10536
10547
10714
49482
49483
49486
49487
10537
10548
10715
33744
33746
33748
33786
33789
33790
31776
33743
33744
33746
31783
33743
33750
33751
33753
31790
33750
33757
33758
33760
31797
33757
33764
33765
33767
10542
10551
10720
33764
33766
33768
33770
33815
33818
33819
10543
10552
10721
49489
49490
49493
49494
10544
10553
10722
33726
33727
33730
33731
33772
33774
33776
31804
33732
33771
33772
33774
33737
33780
49330
49495
49496
49498
10547
10558
10725
49495
49497
49499
49501
10548
10559
10726
33787
33789
33791
33836
33839
33840
31890
33786
33787
33789
31897
33744
33786
33793
33796
31912
33765
33808
33811
31919
33808
33815
33816
33818
10553
10566
10731
33815
33817
33819
33821
33871
33874
33875
10554
10567
10732
49503
49505
49507
33772
49337
49502
49503
49505
31925
33778
33822
33824
49502
31999
33781
33829
33830
33832
10558
10571
10736
33829
33831
33833
33835
49496
49497
49500
49501
10559
10572
10737
33837
33839
33841
33898
33901
33902
32006
33836
33837
33839
32013
33787
33836
33846
32020
33794
33843
33850
33851
33853
33800
33850
49344
49509
49510
49512
33804
49351
49509
49516
49517
49519
32027
33809
33857
33858
33860
49516
32034
33857
33865
33867
32041
33864
33871
33872
33874
10568
10581
10746
33871
33873
33875
33877
33933
33936
33937
10569
10582
10747
33879
33881
33883
49503
49504
49507
49508
32048
33822
33878
33879
33881
32128
33830
33887
33891
33892
33894
10572
10586
10750
33891
33893
33895
33897
33899
33901
33903
32135
33898
33899
33901
32142
33837
33898
33906
33908
32149
33844
33905
33912
33913
33915
10576
10589
10754
33851
33852
33855
33856
33912
33914
33916
33918
10577
10590
10755
49510
49511
49514
49515
10578
10591
10756
49517
49518
49521
49522
10579
10592
10757
33858
33859
33862
33863
33920
33922
33924
32156
33865
33919
33920
33922
32163
33919
33927
33929
32170
33926
33933
33934
33936
10583
10596
10761
33933
33935
33937
33939
33941
33943
33945
32177
33879
33940
33941
33943
32184
33885
33940
33947
33948
33892
33950
49358
49523
49524
49526
10587
10600
10765
33955
33957
33959
49523
49525
49527
49529
32259
33899
33954
33955
33957
33913
33961
49365
49530
49531
49533
10590
10603
10768
49530
49532
49534
49536
10591
10604
10769
10592
10605
10770
10593
10606
10771
49538
49540
49542
33920
49372
49537
49538
49540
32268
33927
33965
33966
49537
32273
33934
33968
33969
33971
10597
10610
10775
33968
33970
33972
33974
49545
49547
49549
33941
49379
49544
49545
49547
32279
33947
33975
33976
49544
33978
49386
49524
49551
49552
49554
10601
10614
10779
33983
33985
33987
49551
49553
49555
49557
32354
33955
33982
33983
33985
33989
49393
49531
49558
49559
49561
10604
10618
10782
49558
49560
49562
49564
10605
10619
10783
10606
10620
10784
10607
10621
10785
49566
49568
49570
49400
49538
49565
49566
49568
32363
33965
33993
33994
49565
32368
33969
33996
33997
33999
10611
10625
10789
33996
33998
34000
34002
49573
49575
49577
49407
49545
49572
49573
49575
32374
33975
34003
34004
49572
32450
34006
34010
34011
34013
49552
10615
10629
10793
34010
34012
34014
34016
34018
34020
34022
32457
33983
34017
34018
34020
32464
34017
34025
34027
32471
34024
34031
34032
34034
49559
10619
10633
10797
34031
34033
34035
34037
34092
34095
34096
10620
10634
10798
49579
49582
49583
10621
10635
10799
49586
49589
49590
10622
10636
10800
34039
34041
34043
34099
34102
34103
32478
34038
34039
34041
49566
32485
33993
34038
34046
34048
32492
33997
34045
34052
34053
34055
10626
10640
10804
34052
34054
34056
34058
34060
34062
34064
32499
34059
34060
34062
49573
32506
34003
34059
34066
34067
32577
34011
34069
34071
34072
34074
10630
10644
10808
34071
34073
34075
34077
49593
49596
49597
10631
10645
10809
34018
34019
34022
34023
34079
34081
34083
32584
34025
34078
34079
34081
32591
34032
34085
34088
32598
34085
34092
34093
34095
34092
49414
49579
49580
49582
49421
49579
49586
49587
49589
32605
34099
34100
34102
49586
32612
34039
34099
34106
34107
34109
32619
34113
34114
34116
10640
10654
10818
34053
34054
34057
34058
34113
34115
34117
34119
10641
10655
10819
34121
34123
34125
49600
49603
49604
32626
34060
34120
34121
34123
32632
34066
34120
34127
32700
34072
34128
34130
34128
49428
49593
49594
49596
10646
10658
10824
49593
49595
49597
49599
10647
10659
10825
34079
34080
34083
34084
34134
34136
34138
32706
34086
34133
34134
34136
32713
34093
34140
34143
32718
34140
34147
34148
49580
32721
34147
34150
34151
49587
32726
34100
34150
34153
34156
32733
34160
34161
34163
10654
10666
10832
34114
34115
34118
34119
34160
34162
34164
34166
10655
10667
10833
49601
49603
49605
49435
49600
49601
49603
32739
34121
34167
34168
34169
49600
32819
34172
34174
34175
34177
49594
10659
10670
10837
34174
34176
34178
34180
34219
34222
34223
10660
10671
10838
49607
49610
49611
10661
10672
10839
34134
34135
34138
34139
34182
34184
34186
32826
34141
34181
34182
34184
32833
34181
34188
34189
34191
32840
34188
34195
34196
34198
32847
34154
34195
34202
34203
34205
10666
10677
10844
34161
34162
34165
34166
34202
34204
34206
34208
10667
10678
10845
49614
49617
49618
10668
10679
10846
34210
34212
34214
34226
34229
34230
32854
34209
34210
34212
49601
32861
34168
34209
34216
32941
34217
34219
34220
34222
34219
49442
49607
49608
49610
10673
10682
10851
34241
34244
34245
49607
49609
49611
49613
10674
10683
10852
34182
34183
34186
34187
34248
34251
34252
10675
10684
10853
34189
34190
34193
34194
49621
49624
49625
10676
10685
10854
34196
34197
34200
34201
49628
49631
49632
10677
10686
10855
34203
34204
34207
34208
34255
34258
34259
10678
10687
10856
34262
34265
34266
49615
49617
49619
49449
49614
49615
49617
32948
34226
34227
34229
49614
32955
34210
34226
34233
33042
34234
34236
34238
49608
33048
34236
34241
34242
34244
33055
34241
34248
34249
34251
34248
49456
49621
49622
49624
49463
49621
49628
49629
49631
33062
34255
34256
34258
49628
33069
34255
34262
34263
34265
33075
34262
34269
34270
34271
49615
33081
34227
34269
34274
33179
34249
34275
34277
34278
33185
34277
34280
34281
49622
33190
34280
34283
34284
49629
33196
34256
34283
34286
34287
33202
34263
34286
34289
33684
34312
34318
34319
34321
33691
34292
34318
34325
34326
34328
34296
34325
49470
49635
49636
49638
34300
49477
49635
49642
49643
49645
33698
34304
34332
34333
34335
49642
33705
34308
34332
34339
34340
34342
33711
34339
34346
34348
33721
34355
34356
34358
34313
34355
49484
49649
49650
49652
10705
10715
10891
34319
34320
34323
34324
49649
49651
49653
49655
10706
10716
10892
34326
34327
34330
34331
34405
34408
34409
10707
10717
10893
34412
34415
34416
49636
49637
49640
49641
10708
10718
10894
34419
34422
34423
49643
49644
49647
49648
10709
10719
10895
34333
34334
34337
34338
34426
34429
34430
10710
10720
10896
34340
34341
34344
34345
49657
49659
49661
34346
49491
49656
49657
49659
33728
34351
34362
34363
34365
49656
33739
34398
34399
34401
10714
10725
10907
34356
34357
34360
34361
34398
34400
34402
34404
10715
10726
10908
49650
49651
49654
49655
10716
10727
10909
34406
34408
34410
34459
34462
34463
33746
34405
34406
34408
33753
34405
34412
34413
34415
33760
34412
34419
34420
34422
33767
34419
34426
34427
34429
10721
10730
10914
34426
34428
34430
34432
34488
34491
34492
10722
10731
10915
49657
49658
49661
49662
10723
10732
10916
34363
34364
34367
34368
34434
34436
34438
33774
34369
34433
34434
34436
34399
34453
49498
49663
49664
49666
10726
10737
10925
49663
49665
49667
49669
10727
10738
10926
34460
34462
34464
34509
34512
34513
33789
34459
34460
34462
33796
34406
34459
34466
34469
33811
34427
34481
34484
33818
34481
34488
34489
34491
10732
10745
10931
34488
34490
34492
34494
34544
34547
34548
10733
10746
10932
49671
49673
49675
34434
49505
49670
49671
49673
33824
34440
34495
34497
49670
33832
34454
34502
34503
34505
10737
10750
10936
34502
34504
34506
34508
49664
49665
49668
49669
10738
10751
10937
34510
34512
34514
34571
34574
34575
33839
34509
34510
34512
33846
34460
34509
34519
33853
34467
34516
34523
34524
34526
34473
34523
49512
49677
49678
49680
34477
49519
49677
49684
49685
49687
33860
34482
34530
34531
34533
49684
33867
34530
34538
34540
33874
34537
34544
34545
34547
10747
10760
10946
34544
34546
34548
34550
34606
34609
34610
10748
10761
10947
34552
34554
34556
49671
49672
49675
49676
33881
34495
34551
34552
34554
33894
34503
34560
34564
34565
34567
10751
10765
10950
34564
34566
34568
34570
34572
34574
34576
33901
34571
34572
34574
33908
34510
34571
34579
34581
33915
34517
34578
34585
34586
34588
10755
10768
10954
34524
34525
34528
34529
34585
34587
34589
34591
10756
10769
10955
49678
49679
49682
49683
10757
10770
10956
49685
49686
49689
49690
10758
10771
10957
34531
34532
34535
34536
34593
34595
34597
33922
34538
34592
34593
34595
33929
34592
34600
34602
33936
34599
34606
34607
34609
10762
10775
10961
34606
34608
34610
34612
34614
34616
34618
33943
34552
34613
34614
34616
33948
34558
34613
34620
34621
34565
34623
49526
49691
49692
49694
10766
10779
10965
34628
34630
34632
49691
49693
49695
49697
33957
34572
34627
34628
34630
34586
34634
49533
49698
49699
49701
10769
10782
10968
49698
49700
49702
49704
10770
10783
10969
10771
10784
10970
10772
10785
10971
49706
49708
49710
34593
49540
49705
49706
49708
33966
34600
34638
34639
49705
33971
34607
34641
34642
34644
10776
10789
10975
34641
34643
34645
34647
49713
49715
49717
34614
49547
49712
49713
49715
33976
34620
34648
34649
49712
34651
49554
49692
49719
49720
49722
10780
10793
10979
34656
34658
34660
49719
49721
49723
49725
33985
34628
34655
34656
34658
34662
49561
49699
49726
49727
49729
10783
10797
10982
49726
49728
49730
49732
10784
10798
10983
10785
10799
10984
10786
10800
10985
49734
49736
49738
49568
49706
49733
49734
49736
33994
34638
34666
34667
49733
33999
34642
34669
34670
34672
10790
10804
10989
34669
34671
34673
34675
49741
49743
49745
49575
49713
49740
49741
49743
34004
34648
34676
34677
49740
34013
34679
34683
34684
34686
49720
10794
10808
10993
34683
34685
34687
34689
34691
34693
34695
34020
34656
34690
34691
34693
34027
34690
34698
34700
34034
34697
34704
34705
34707
49727
10798
10812
10997
34704
34706
34708
34710
34765
34768
34769
10799
10813
10998
49747
49750
49751
10800
10814
10999
49754
49757
49758
10801
10815
11000
34712
34714
34716
34772
34775
34776
34041
34711
34712
34714
49734
34048
34666
34711
34719
34721
34055
34670
34718
34725
34726
34728
10805
10819
11004
34725
34727
34729
34731
34733
34735
34737
34062
34732
34733
34735
49741
34067
34676
34732
34739
34740
34074
34684
34742
34744
34745
34747
10809
10823
11008
34744
34746
34748
34750
49761
49764
49765
10810
10824
11009
34691
34692
34695
34696
34752
34754
34756
34081
34698
34751
34752
34754
34088
34705
34758
34761
34095
34758
34765
34766
34768
34765
49582
49747
49748
49750
49589
49747
49754
49755
49757
34102
34772
34773
34775
49754
34109
34712
34772
34779
34780
34782
34116
34786
34787
34789
10819
10833
11018
34726
34727
34730
34731
34786
34788
34790
34792
10820
10834
11019
34794
34796
34798
49768
49771
49772
34123
34733
34793
34794
34796
34127
34739
34793
34800
34130
34745
34801
34803
34801
49596
49761
49762
49764
10825
10837
11024
49761
49763
49765
49767
10826
10838
11025
34752
34753
34756
34757
34807
34809
34811
34136
34759
34806
34807
34809
34143
34766
34813
34816
34148
34813
34820
34821
49748
34151
34820
34823
34824
49755
34156
34773
34823
34826
34829
34163
34833
34834
34836
10833
10845
11032
34787
34788
34791
34792
34833
34835
34837
34839
10834
10846
11033
49769
49771
49773
49603
49768
49769
49771
34169
34794
34840
34841
34842
49768
34177
34845
34847
34848
34850
49762
10838
10849
11037
34847
34849
34851
34853
34892
34895
34896
10839
10850
11038
49775
49778
49779
10840
10851
11039
34807
34808
34811
34812
34855
34857
34859
34184
34814
34854
34855
34857
34191
34854
34861
34862
34864
34198
34861
34868
34869
34871
34205
34827
34868
34875
34876
34878
10845
10856
11044
34834
34835
34838
34839
34875
34877
34879
34881
10846
10857
11045
49782
49785
49786
10847
10858
11046
34883
34885
34887
34899
34902
34903
34212
34882
34883
34885
49769
34216
34841
34882
34889
34222
34890
34892
34893
34895
34892
49610
49775
49776
49778
10852
10861
11051
34914
34917
34918
49775
49777
49779
49781
10853
10862
11052
34855
34856
34859
34860
34921
34924
34925
10854
10863
11053
34862
34863
34866
34867
49789
49792
49793
10855
10864
11054
34869
34870
34873
34874
49796
49799
49800
10856
10865
11055
34876
34877
34880
34881
34928
34931
34932
10857
10866
11056
34935
34938
34939
49783
49785
49787
49617
49782
49783
49785
34229
34899
34900
34902
49782
34233
34883
34899
34906
34238
34907
34909
34911
49776
34244
34909
34914
34915
34917
34251
34914
34921
34922
34924
34921
49624
49789
49790
49792
49631
49789
49796
49797
49799
34258
34928
34929
34931
49796
34265
34928
34935
34936
34938
34271
34935
34942
34943
34944
49783
34274
34900
34942
34947
34278
34922
34948
34950
34951
34281
34950
34953
34954
49790
34284
34953
34956
34957
49797
34287
34929
34956
34959
34960
34289
34936
34959
34962
34321
34985
34991
34992
34994
34328
34965
34991
34998
34999
35001
34969
34998
49638
49803
49804
49806
34973
49645
49803
49810
49811
49813
34335
34977
35005
35006
35008
49810
34342
34981
35005
35012
35013
35015
34348
35012
35019
35020
35022
35019
35026
35027
35029
35026
35033
35034
35036
35033
35040
35041
35043
35040
35047
35048
35050
35047
35054
35055
35057
35054
35061
35062
35064
35061
35068
35069
35071
35068
35075
35076
34358
35080
35081
35083
34986
35080
49652
49817
49818
49820
10892
10909
11091
34992
34993
34996
34997
49817
49819
49821
49823
10893
10910
11092
34999
35000
35003
35004
35141
35144
35145
10894
10911
11093
35148
35151
35152
49804
49805
49808
49809
10895
10912
11094
35155
35158
35159
49811
49812
49815
49816
10896
10913
11095
35006
35007
35010
35011
35162
35165
35166
10897
10914
11096
35013
35014
35017
35018
10898
10915
11097
35020
35021
35024
35025
49659
49660
49661
49662
49825
49827
49829
34365
35027
49824
49825
49827
34370
35034
35087
35088
35090
49824
34374
35041
35087
35094
35095
35097
34378
35048
35094
35101
35102
35104
34382
35055
35101
35108
35109
35111
34386
35062
35108
35115
35116
35118
34390
35069
35115
35122
35123
35125
34394
35075
35122
35129
35130
34401
35134
35135
35137
10908
10925
11107
35081
35082
35085
35086
35134
35136
35138
35140
10909
10926
11108
49818
49819
49822
49823
10910
10927
11109
35142
35144
35146
35213
35216
35217
34408
35141
35142
35144
34415
35141
35148
35149
35151
34422
35148
35155
35156
35158
34429
35155
35162
35163
35165
10915
10930
11114
35162
35164
35166
35168
35242
35245
35246
10916
10931
11115
10917
10932
11116
49825
49826
49829
49830
10918
10933
11117
34436
34437
34438
34439
35088
35089
35092
35093
35170
35172
35174
49838
49841
49842
34441
35095
35169
35170
35172
34444
35102
35169
35176
35177
35179
34446
35109
35176
35183
35184
35186
34448
35116
35183
35190
35191
35193
34450
35123
35190
35197
35198
35200
34452
35129
35197
35204
35205
35135
35207
49666
49831
49832
49834
10926
10937
11125
49831
49833
49835
49837
10927
10938
11126
35214
35216
35218
35273
35276
35277
34462
35213
35214
35216
34469
35142
35213
35220
35223
34484
35163
35235
35238
34491
35235
35242
35243
35245
10932
10945
11131
35242
35244
35246
35248
35308
35311
35312
10933
10946
11132
49839
49841
49843
49673
49838
49839
49841
34497
35170
35249
35251
49838
34505
35208
35266
35267
35269
10937
10950
11141
35266
35268
35270
35272
49832
49833
49836
49837
10938
10951
11142
35274
35276
35278
35335
35338
35339
34512
35273
35274
35276
34519
35214
35273
35283
34526
35221
35280
35287
35288
35290
35227
35287
49680
49845
49846
49848
35231
49687
49845
49852
49853
49855
34533
35236
35294
35295
35297
49852
34540
35294
35302
35304
34547
35301
35308
35309
35311
10947
10960
11151
35308
35310
35312
35314
35370
35373
35374
10948
10961
11152
35316
35318
35320
49839
49840
49843
49844
34554
35249
35315
35316
35318
34567
35267
35324
35328
35329
35331
10951
10965
11155
35328
35330
35332
35334
35336
35338
35340
34574
35335
35336
35338
34581
35274
35335
35343
35345
34588
35281
35342
35349
35350
35352
10955
10968
11159
35288
35289
35292
35293
35349
35351
35353
35355
10956
10969
11160
49846
49847
49850
49851
10957
10970
11161
49853
49854
49857
49858
10958
10971
11162
35295
35296
35299
35300
35357
35359
35361
34595
35302
35356
35357
35359
34602
35356
35364
35366
34609
35363
35370
35371
35373
10962
10975
11166
35370
35372
35374
35376
35378
35380
35382
34616
35316
35377
35378
35380
34621
35322
35377
35384
35385
35329
35387
49694
49859
49860
49862
10966
10979
11170
35392
35394
35396
49859
49861
49863
49865
34630
35336
35391
35392
35394
35350
35398
49701
49866
49867
49869
10969
10982
11173
49866
49868
49870
49872
10970
10983
11174
10971
10984
11175
10972
10985
11176
49874
49876
49878
35357
49708
49873
49874
49876
34639
35364
35402
35403
49873
34644
35371
35405
35406
35408
10976
10989
11180
35405
35407
35409
35411
49881
49883
49885
35378
49715
49880
49881
49883
34649
35384
35412
35413
49880
35415
49722
49860
49887
49888
49890
10980
10993
11184
35420
35422
35424
49887
49889
49891
49893
34658
35392
35419
35420
35422
35426
49729
49867
49894
49895
49897
10983
10997
11187
49894
49896
49898
49900
10984
10998
11188
10985
10999
11189
10986
11000
11190
49902
49904
49906
49736
49874
49901
49902
49904
34667
35402
35430
35431
49901
34672
35406
35433
35434
35436
10990
11004
11194
35433
35435
35437
35439
49909
49911
49913
49743
49881
49908
49909
49911
34677
35412
35440
35441
49908
34686
35443
35447
35448
35450
49888
10994
11008
11198
35447
35449
35451
35453
35455
35457
35459
34693
35420
35454
35455
35457
34700
35454
35462
35464
34707
35461
35468
35469
35471
49895
10998
11012
11202
35468
35470
35472
35474
35529
35532
35533
10999
11013
11203
49915
49918
49919
11000
11014
11204
49922
49925
49926
11001
11015
11205
35476
35478
35480
35536
35539
35540
34714
35475
35476
35478
49902
34721
35430
35475
35483
35485
34728
35434
35482
35489
35490
35492
11005
11019
11209
35489
35491
35493
35495
35497
35499
35501
34735
35496
35497
35499
49909
34740
35440
35496
35503
35504
34747
35448
35506
35508
35509
35511
11009
11023
11213
35508
35510
35512
35514
49929
49932
49933
11010
11024
11214
35455
35456
35459
35460
35516
35518
35520
34754
35462
35515
35516
35518
34761
35469
35522
35525
34768
35522
35529
35530
35532
35529
49750
49915
49916
49918
49757
49915
49922
49923
49925
34775
35536
35537
35539
49922
34782
35476
35536
35543
35544
35546
34789
35550
35551
35553
11019
11033
11223
35490
35491
35494
35495
35550
35552
35554
35556
11020
11034
11224
35558
35560
35562
49936
49939
49940
34796
35497
35557
35558
35560
34800
35503
35557
35564
34803
35509
35565
35567
35565
49764
49929
49930
49932
11025
11037
11229
49929
49931
49933
49935
11026
11038
11230
35516
35517
35520
35521
35571
35573
35575
34809
35523
35570
35571
35573
34816
35530
35577
35580
34821
35577
35584
35585
49916
34824
35584
35587
35588
49923
34829
35537
35587
35590
35593
34836
35597
35598
35600
11033
11045
11237
35551
35552
35555
35556
35597
35599
35601
35603
11034
11046
11238
49937
49939
49941
49771
49936
49937
49939
34842
35558
35604
35605
35606
49936
34850
35609
35611
35612
35614
49930
11038
11049
11242
35611
35613
35615
35617
35656
35659
35660
11039
11050
11243
49943
49946
49947
11040
11051
11244
35571
35572
35575
35576
35619
35621
35623
34857
35578
35618
35619
35621
34864
35618
35625
35626
35628
34871
35625
35632
35633
35635
34878
35591
35632
35639
35640
35642
11045
11056
11249
35598
35599
35602
35603
35639
35641
35643
35645
11046
11057
11250
49950
49953
49954
11047
11058
11251
35647
35649
35651
35663
35666
35667
34885
35646
35647
35649
49937
34889
35605
35646
35653
34895
35654
35656
35657
35659
35656
49778
49943
49944
49946
11052
11061
11256
35678
35681
35682
49943
49945
49947
49949
11053
11062
11257
35619
35620
35623
35624
35685
35688
35689
11054
11063
11258
35626
35627
35630
35631
49957
49960
49961
11055
11064
11259
35633
35634
35637
35638
49964
49967
49968
11056
11065
11260
35640
35641
35644
35645
35692
35695
35696
11057
11066
11261
35699
35702
35703
49951
49953
49955
49785
49950
49951
49953
34902
35663
35664
35666
49950
34906
35647
35663
35670
34911
35671
35673
35675
49944
34917
35673
35678
35679
35681
34924
35678
35685
35686
35688
35685
49792
49957
49958
49960
49799
49957
49964
49965
49967
34931
35692
35693
35695
49964
34938
35692
35699
35700
35702
34944
35699
35706
35707
35708
49951
34947
35664
35706
35711
34951
35686
35712
35714
35715
34954
35714
35717
35718
49958
34957
35717
35720
35721
49965
34960
35693
35720
35723
35724
34962
35700
35723
35726
34994
35785
35791
35792
35794
35001
35729
35791
35798
35799
35801
35733
35798
49806
49971
49972
49974
35737
49813
49971
49978
49979
49981
35008
35741
35805
35806
35808
49978
35015
35745
35805
35812
35813
35815
35022
35749
35812
35819
35820
35822
35029
35753
35819
35826
35827
35829
35036
35757
35826
35833
35834
35836
35043
35761
35833
35840
35841
35843
35050
35765
35840
35847
35848
35850
35057
35769
35847
35854
35855
35857
35064
35773
35854
35861
35862
35864
35071
35777
35861
35868
35869
35871
35076
35781
35868
35875
35876
35083
35880
35881
35883
35786
35880
49820
49985
49986
49988
11092
11109
11296
35792
35793
35796
35797
49985
49987
49989
49991
11093
11110
11297
35799
35800
35803
35804
35899
35902
35903
11094
11111
11298
35906
35909
35910
49972
49973
49976
49977
11095
11112
11299
35913
35916
35917
49979
49980
49983
49984
11096
11113
11300
35806
35807
35810
35811
35920
35923
35924
11097
11114
11301
35813
35814
35817
35818
11098
11115
11302
35820
35821
35824
35825
11099
11116
11303
35827
35828
35831
35832
49827
49828
49829
49830
11100
11117
11304
35090
35091
35092
35093
35834
35835
35838
35839
50153
50154
50155
11101
11118
11305
35097
35098
35099
35100
35841
35842
35845
35846
50160
50161
50162
51190
51192
51194
35104
35848
51189
51190
51192
35111
35855
51182
51183
51185
51189
35118
35862
51175
51176
51178
51182
35125
35869
49992
49993
49995
51175
35130
35875
35887
35888
49992
35137
35892
35893
35895
11108
11125
11312
35881
35882
35885
35886
35892
35894
35896
35898
11109
11126
11313
49986
49987
49990
49991
11110
11127
11314
35900
35902
35904
35964
35967
35968
35144
35899
35900
35902
35151
35899
35906
35907
35909
35158
35906
35913
35914
35916
35165
35913
35920
35921
35923
11115
11130
11319
35920
35922
35924
35926
35993
35996
35997
11116
11131
11320
11117
11132
11321
11118
11133
11322
11119
11134
11323
35172
35173
35174
35175
35928
35930
35932
36000
36003
36004
36665
36666
36667
35179
35927
35928
35930
51190
35186
35927
35934
35935
35937
51183
35193
35934
35941
35942
35944
51176
35200
35941
35948
35949
35951
49993
35205
35887
35948
35955
35956
35893
35958
49834
49999
50000
50002
11126
11142
11330
49999
50001
50003
50005
11127
11143
11331
35965
35967
35969
36029
36032
36033
35216
35964
35965
35967
35223
35900
35964
35971
35974
35238
35921
35986
35989
35245
35986
35993
35994
35996
11132
11150
11336
35993
35995
35997
35999
36064
36067
36068
11133
11151
11337
11134
11152
11338
36001
36003
36005
49841
49842
49843
49844
50202
50203
50204
35251
36000
36001
36003
35255
35928
36000
36007
36008
35257
35935
36007
36010
36011
35259
35942
36010
36013
36014
35261
35949
36013
36016
36017
35263
35955
36016
36019
35269
35959
36022
36023
36025
11142
11155
11346
36022
36024
36026
36028
50000
50001
50004
50005
11143
11156
11347
36030
36032
36034
36091
36094
36095
35276
36029
36030
36032
35283
35965
36029
36039
35290
35972
36036
36043
36044
36046
35978
36043
49848
50006
50007
50009
35982
49855
50006
50013
50014
50016
35297
35987
36050
36051
36053
50013
35304
36050
36058
36060
35311
36057
36064
36065
36067
11152
11165
11356
36064
36066
36068
36070
36126
36129
36130
11153
11166
11357
36072
36074
36076
35318
36001
36071
36072
36074
35331
36023
36080
36084
36085
36087
11156
11170
11360
36084
36086
36088
36090
36092
36094
36096
35338
36091
36092
36094
35345
36030
36091
36099
36101
35352
36037
36098
36105
36106
36108
11160
11173
11364
36044
36045
36048
36049
36105
36107
36109
36111
11161
11174
11365
50007
50008
50011
50012
11162
11175
11366
50014
50015
50018
50019
11163
11176
11367
36051
36052
36055
36056
36113
36115
36117
35359
36058
36112
36113
36115
35366
36112
36120
36122
35373
36119
36126
36127
36129
11167
11180
11371
36126
36128
36130
36132
36134
36136
36138
35380
36072
36133
36134
36136
35385
36078
36133
36140
36141
36085
36143
49862
50020
50021
50023
11171
11184
11375
36148
36150
36152
50020
50022
50024
50026
35394
36092
36147
36148
36150
36106
36154
49869
50027
50028
50030
11174
11187
11378
50027
50029
50031
50033
11175
11188
11379
11176
11189
11380
11177
11190
11381
50035
50037
50039
36113
49876
50034
50035
50037
35403
36120
36158
36159
50034
35408
36127
36161
36162
36164
11181
11194
11385
36161
36163
36165
36167
50042
50044
50046
36134
49883
50041
50042
50044
35413
36140
36168
36169
50041
36171
49890
50021
50048
50049
50051
11185
11198
11389
36176
36178
36180
50048
50050
50052
50054
35422
36148
36175
36176
36178
36182
49897
50028
50055
50056
50058
11188
11202
11392
50055
50057
50059
50061
11189
11203
11393
11190
11204
11394
11191
11205
11395
50063
50065
50067
49904
50035
50062
50063
50065
35431
36158
36186
36187
50062
35436
36162
36189
36190
36192
11195
11209
11399
36189
36191
36193
36195
50070
50072
50074
49911
50042
50069
50070
50072
35441
36168
36196
36197
50069
35450
36199
36203
36204
36206
50049
11199
11213
11403
36203
36205
36207
36209
36211
36213
36215
35457
36176
36210
36211
36213
35464
36210
36218
36220
35471
36217
36224
36225
36227
50056
11203
11217
11407
36224
36226
36228
36230
36285
36288
36289
11204
11218
11408
50076
50079
50080
11205
11219
11409
50083
50086
50087
11206
11220
11410
36232
36234
36236
36292
36295
36296
35478
36231
36232
36234
50063
35485
36186
36231
36239
36241
35492
36190
36238
36245
36246
36248
11210
11224
11414
36245
36247
36249
36251
36253
36255
36257
35499
36252
36253
36255
50070
35504
36196
36252
36259
36260
35511
36204
36262
36264
36265
36267
11214
11228
11418
36264
36266
36268
36270
50090
50093
50094
11215
11229
11419
36211
36212
36215
36216
36272
36274
36276
35518
36218
36271
36272
36274
35525
36225
36278
36281
35532
36278
36285
36286
36288
36285
49918
50076
50077
50079
49925
50076
50083
50084
50086
35539
36292
36293
36295
50083
35546
36232
36292
36299
36300
36302
35553
36306
36307
36309
11224
11238
11428
36246
36247
36250
36251
36306
36308
36310
36312
11225
11239
11429
36314
36316
36318
50097
50100
50101
35560
36253
36313
36314
36316
35564
36259
36313
36320
35567
36265
36321
36323
36321
49932
50090
50091
50093
11230
11242
11434
50090
50092
50094
50096
11231
11243
11435
36272
36273
36276
36277
36327
36329
36331
35573
36279
36326
36327
36329
35580
36286
36333
36336
35585
36333
36340
36341
50077
35588
36340
36343
36344
50084
35593
36293
36343
36346
36349
35600
36353
36354
36356
11238
11250
11442
36307
36308
36311
36312
36353
36355
36357
36359
11239
11251
11443
50098
50100
50102
49939
50097
50098
50100
35606
36314
36360
36361
36362
50097
35614
36365
36367
36368
36370
50091
11243
11254
11447
36367
36369
36371
36373
36412
36415
36416
11244
11255
11448
50104
50107
50108
11245
11256
11449
36327
36328
36331
36332
36375
36377
36379
35621
36334
36374
36375
36377
35628
36374
36381
36382
36384
35635
36381
36388
36389
36391
35642
36347
36388
36395
36396
36398
11250
11261
11454
36354
36355
36358
36359
36395
36397
36399
36401
11251
11262
11455
50111
50114
50115
11252
11263
11456
36403
36405
36407
36419
36422
36423
35649
36402
36403
36405
50098
35653
36361
36402
36409
35659
36410
36412
36413
36415
36412
49946
50104
50105
50107
11257
11266
11461
36434
36437
36438
50104
50106
50108
50110
11258
11267
11462
36375
36376
36379
36380
36441
36444
36445
11259
11268
11463
36382
36383
36386
36387
50118
50121
50122
11260
11269
11464
36389
36390
36393
36394
50125
50128
50129
11261
11270
11465
36396
36397
36400
36401
36448
36451
36452
11262
11271
11466
36455
36458
36459
50112
50114
50116
49953
50111
50112
50114
35666
36419
36420
36422
50111
35670
36403
36419
36426
35675
36427
36429
36431
50105
35681
36429
36434
36435
36437
35688
36434
36441
36442
36444
36441
49960
50118
50119
50121
49967
50118
50125
50126
50128
35695
36448
36449
36451
50125
35702
36448
36455
36456
36458
35708
36455
36462
36463
36464
50112
35711
36420
36462
36467
35715
36442
36468
36470
36471
35718
36470
36473
36474
50119
35721
36473
36476
36477
50126
35724
36449
36476
36479
36480
35726
36456
36479
36482
35794
36523
36529
36530
36532
35801
36485
36529
36536
36537
36539
36489
36536
49974
50132
50133
50135
36493
49981
50132
50139
50140
50142
35808
36497
36543
36544
36546
50139
35815
36501
36543
36550
36551
36553
35822
36504
36550
36557
36558
36560
35829
36506
36557
36564
36565
36567
35836
36508
36564
36571
36572
36574
35843
36510
36571
36578
36579
36581
35850
36512
36578
36585
36586
36588
35857
36514
36585
36592
36593
36595
35864
36516
36592
36599
36600
36602
35871
36518
36599
36606
36607
36609
35876
36520
36606
36613
36614
35883
36618
36619
36621
36524
36618
49988
50146
50147
50149
11297
11314
11493
36530
36531
36534
36535
50146
50148
50150
50152
11298
11315
11494
36537
36538
36541
36542
36637
36640
36641
11299
11316
11495
36644
36647
36648
50133
50134
50137
50138
11300
11317
11496
36651
36654
36655
50140
50141
50144
50145
11301
11318
11497
36544
36545
36548
36549
36658
36661
36662
11302
11319
11498
36551
36552
36555
36556
11303
11320
11499
36558
36559
36562
36563
50356
50357
50358
11304
11321
11500
36565
36566
36569
36570
37304
37305
37306
50154
50156
50158
36572
50153
50154
50156
36579
50153
50160
50161
50163
36586
50160
50167
50168
50170
51192
36593
50167
50174
50175
50177
51185
36600
50174
50181
50182
50184
51178
36607
49995
50181
50188
50189
50191
35888
36613
36625
36626
50188
35895
36630
36631
36633
11313
11330
11509
36619
36620
36623
36624
36630
36632
36634
36636
11314
11331
11510
50147
50148
50151
50152
11315
11332
11511
36638
36640
36642
36709
36712
36713
35902
36637
36638
36640
35909
36637
36644
36645
36647
35916
36644
36651
36652
36654
35923
36651
36658
36659
36661
11320
11335
11516
36658
36660
36662
36664
36738
36741
36742
11321
11336
11517
11322
11337
11518
11323
11338
11519
36666
36668
36670
37368
37369
37370
50154
50155
50158
50159
50202
50205
50206
36665
36666
36668
50161
35930
36665
36672
36673
36675
50168
35937
36672
36679
36680
36682
50175
35944
36679
36686
36687
36689
50182
35951
36686
36693
36694
36696
50189
35956
36625
36693
36700
36701
36631
36703
50002
50195
50196
50198
11331
11347
11527
50195
50197
50199
50201
11332
11348
11528
36710
36712
36714
36764
36767
36768
35967
36709
36710
36712
35974
36638
36709
36716
36719
35989
36659
36731
36734
35996
36731
36738
36739
36741
11337
11355
11533
36738
36740
36742
36744
36799
36802
36803
11338
11356
11534
50203
50205
50207
50202
50203
50205
36003
36666
36745
36746
36748
50202
36008
36673
36745
36751
36011
36680
36751
36752
36014
36687
36752
36753
36017
36694
36753
36754
36019
36700
36754
36025
36704
36757
36758
36760
11347
11360
11538
36757
36759
36761
36763
50196
50197
50200
50201
11348
11361
11539
36765
36767
36769
36826
36829
36830
36032
36764
36765
36767
36039
36710
36764
36774
36046
36717
36771
36778
36779
36781
36723
36778
50009
50209
50210
50212
36727
50016
50209
50216
50217
50219
36053
36732
36785
36786
36788
50216
36060
36785
36793
36795
36067
36792
36799
36800
36802
11357
11370
11548
36799
36801
36803
36805
36861
36864
36865
11358
11371
11549
36807
36809
36811
50203
50204
50207
50208
36074
36746
36806
36807
36809
36087
36758
36815
36819
36820
36822
11361
11375
11552
36819
36821
36823
36825
36827
36829
36831
36094
36826
36827
36829
36101
36765
36826
36834
36836
36108
36772
36833
36840
36841
36843
11365
11378
11556
36779
36780
36783
36784
36840
36842
36844
36846
11366
11379
11557
50210
50211
50214
50215
11367
11380
11558
50217
50218
50221
50222
11368
11381
11559
36786
36787
36790
36791
36848
36850
36852
36115
36793
36847
36848
36850
36122
36847
36855
36857
36129
36854
36861
36862
36864
11372
11385
11563
36861
36863
36865
36867
36869
36871
36873
36136
36807
36868
36869
36871
36141
36813
36868
36875
36876
36820
36878
50023
50223
50224
50226
11376
11389
11567
36883
36885
36887
50223
50225
50227
50229
36150
36827
36882
36883
36885
36841
36889
50030
50230
50231
50233
11379
11392
11570
50230
50232
50234
50236
11380
11393
11571
11381
11394
11572
11382
11395
11573
50238
50240
50242
36848
50037
50237
50238
50240
36159
36855
36893
36894
50237
36164
36862
36896
36897
36899
11386
11399
11577
36896
36898
36900
36902
50245
50247
50249
36869
50044
50244
50245
50247
36169
36875
36903
36904
50244
36906
50051
50224
50251
50252
50254
11390
11403
11581
36911
36913
36915
50251
50253
50255
50257
36178
36883
36910
36911
36913
36917
50058
50231
50258
50259
50261
11393
11407
11584
50258
50260
50262
50264
11394
11408
11585
11395
11409
11586
11396
11410
11587
50266
50268
50270
50065
50238
50265
50266
50268
36187
36893
36921
36922
50265
36192
36897
36924
36925
36927
11400
11414
11591
36924
36926
36928
36930
50273
50275
50277
50072
50245
50272
50273
50275
36197
36903
36931
36932
50272
36206
36934
36938
36939
36941
50252
11404
11418
11595
36938
36940
36942
36944
36946
36948
36950
36213
36911
36945
36946
36948
36220
36945
36953
36955
36227
36952
36959
36960
36962
50259
11408
11422
11599
36959
36961
36963
36965
37020
37023
37024
11409
11423
11600
50279
50282
50283
11410
11424
11601
50286
50289
50290
11411
11425
11602
36967
36969
36971
37027
37030
37031
36234
36966
36967
36969
50266
36241
36921
36966
36974
36976
36248
36925
36973
36980
36981
36983
11415
11429
11606
36980
36982
36984
36986
36988
36990
36992
36255
36987
36988
36990
50273
36260
36931
36987
36994
36995
36267
36939
36997
36999
37000
37002
11419
11433
11610
36999
37001
37003
37005
50293
50296
50297
11420
11434
11611
36946
36947
36950
36951
37007
37009
37011
36274
36953
37006
37007
37009
36281
36960
37013
37016
36288
37013
37020
37021
37023
37020
50079
50279
50280
50282
50086
50279
50286
50287
50289
36295
37027
37028
37030
50286
36302
36967
37027
37034
37035
37037
36309
37041
37042
37044
11429
11443
11620
36981
36982
36985
36986
37041
37043
37045
37047
11430
11444
11621
37049
37051
37053
50300
50303
50304
36316
36988
37048
37049
37051
36320
36994
37048
37055
36323
37000
37056
37058
37056
50093
50293
50294
50296
11435
11447
11626
50293
50295
50297
50299
11436
11448
11627
37007
37008
37011
37012
37062
37064
37066
36329
37014
37061
37062
37064
36336
37021
37068
37071
36341
37068
37075
37076
50280
36344
37075
37078
37079
50287
36349
37028
37078
37081
37084
36356
37088
37089
37091
11443
11455
11634
37042
37043
37046
37047
37088
37090
37092
37094
11444
11456
11635
50301
50303
50305
50100
50300
50301
50303
36362
37049
37095
37096
37097
50300
36370
37100
37102
37103
37105
50294
11448
11459
11639
37102
37104
37106
37108
37147
37150
37151
11449
11460
11640
50307
50310
50311
11450
11461
11641
37062
37063
37066
37067
37110
37112
37114
36377
37069
37109
37110
37112
36384
37109
37116
37117
37119
36391
37116
37123
37124
37126
36398
37082
37123
37130
37131
37133
11455
11466
11646
37089
37090
37093
37094
37130
37132
37134
37136
11456
11467
11647
50314
50317
50318
11457
11468
11648
37138
37140
37142
37154
37157
37158
36405
37137
37138
37140
50301
36409
37096
37137
37144
36415
37145
37147
37148
37150
37147
50107
50307
50308
50310
11462
11471
11653
37169
37172
37173
50307
50309
50311
50313
11463
11472
11654
37110
37111
37114
37115
37176
37179
37180
11464
11473
11655
37117
37118
37121
37122
50321
50324
50325
11465
11474
11656
37124
37125
37128
37129
50328
50331
50332
11466
11475
11657
37131
37132
37135
37136
37183
37186
37187
11467
11476
11658
37190
37193
37194
50315
50317
50319
50114
50314
50315
50317
36422
37154
37155
37157
50314
36426
37138
37154
37161
36431
37162
37164
37166
50308
36437
37164
37169
37170
37172
36444
37169
37176
37177
37179
37176
50121
50321
50322
50324
50128
50321
50328
50329
50331
36451
37183
37184
37186
50328
36458
37183
37190
37191
37193
36464
37190
37197
37198
37199
50315
36467
37155
37197
37202
36471
37177
37203
37205
37206
36474
37205
37208
37209
50322
36477
37208
37211
37212
50329
36480
37184
37211
37214
37215
36482
37191
37214
37217
36532
37240
37246
37247
37249
36539
37220
37246
37253
37254
37256
37224
37253
50135
50335
50336
50338
37228
50142
50335
50342
50343
50345
36546
37232
37260
37261
37263
50342
36553
37236
37260
37267
37268
37270
36560
37267
37274
37276
36621
37297
37298
37300
37241
37297
50149
50349
50350
50352
11494
11511
11685
37247
37248
37251
37252
50349
50351
50353
50355
11495
11512
11686
37254
37255
37258
37259
37340
37343
37344
11496
11513
11687
37347
37350
37351
50336
50337
50340
50341
11497
11514
11688
37354
37357
37358
50343
50344
50347
50348
11498
11515
11689
37261
37262
37265
37266
37361
37364
37365
11499
11516
11690
37268
37269
37272
37273
50357
50359
50361
37274
50356
50357
50359
37279
37304
37305
37307
50356
37282
37304
37311
37312
50156
37284
37311
37315
37316
50163
37286
37315
37318
37319
50170
37288
37318
37321
37322
50177
37290
37321
37324
37325
50184
37292
37324
37327
37328
50191
36626
37294
37327
37330
36633
37333
37334
37336
11510
11527
11694
37298
37299
37302
37303
37333
37335
37337
37339
11511
11528
11695
50350
50351
50354
50355
11512
11529
11696
37341
37343
37345
37388
37391
37392
36640
37340
37341
37343
36647
37340
37347
37348
37350
36654
37347
37354
37355
37357
36661
37354
37361
37362
37364
11517
11532
11701
37361
37363
37365
37367
37417
37420
37421
11518
11533
11702
50357
50358
50361
50362
11519
11534
11703
37305
37306
37309
37310
37369
37371
37373
37312
37368
37369
37371
36668
37316
37368
37375
37376
36675
37319
37375
37378
36682
37322
37378
37379
36689
37325
37379
37380
36696
37328
37380
37381
36701
37330
37381
37334
37382
50198
50363
50364
50366
11528
11539
11706
50363
50365
50367
50369
11529
11540
11707
37389
37391
37393
37438
37441
37442
36712
37388
37389
37391
36719
37341
37388
37395
37398
36734
37362
37410
37413
36741
37410
37417
37418
37420
11534
11547
11712
37417
37419
37421
37423
37473
37476
37477
11535
11548
11713
50371
50373
50375
37369
50205
50370
50371
50373
36748
37376
37424
37426
50370
36760
37383
37431
37432
37434
11539
11552
11717
37431
37433
37435
37437
50364
50365
50368
50369
11540
11553
11718
37439
37441
37443
37500
37503
37504
36767
37438
37439
37441
36774
37389
37438
37448
36781
37396
37445
37452
37453
37455
37402
37452
50212
50377
50378
50380
37406
50219
50377
50384
50385
50387
36788
37411
37459
37460
37462
50384
36795
37459
37467
37469
36802
37466
37473
37474
37476
11549
11562
11727
37473
37475
37477
37479
37535
37538
37539
11550
11563
11728
37481
37483
37485
50371
50372
50375
50376
36809
37424
37480
37481
37483
36822
37432
37489
37493
37494
37496
11553
11567
11731
37493
37495
37497
37499
37501
37503
37505
36829
37500
37501
37503
36836
37439
37500
37508
37510
36843
37446
37507
37514
37515
37517
11557
11570
11735
37453
37454
37457
37458
37514
37516
37518
37520
11558
11571
11736
50378
50379
50382
50383
11559
11572
11737
50385
50386
50389
50390
11560
11573
11738
37460
37461
37464
37465
37522
37524
37526
36850
37467
37521
37522
37524
36857
37521
37529
37531
36864
37528
37535
37536
37538
11564
11577
11742
37535
37537
37539
37541
37543
37545
37547
36871
37481
37542
37543
37545
36876
37487
37542
37549
37550
37494
37552
50226
50391
50392
50394
11568
11581
11746
37557
37559
37561
50391
50393
50395
50397
36885
37501
37556
37557
37559
37515
37563
50233
50398
50399
50401
11571
11584
11749
50398
50400
50402
50404
11572
11585
11750
11573
11586
11751
11574
11587
11752
50406
50408
50410
37522
50240
50405
50406
50408
36894
37529
37567
37568
50405
36899
37536
37570
37571
37573
11578
11591
11756
37570
37572
37574
37576
50413
50415
50417
37543
50247
50412
50413
50415
36904
37549
37577
37578
50412
37580
50254
50392
50419
50420
50422
11582
11595
11760
37585
37587
37589
50419
50421
50423
50425
36913
37557
37584
37585
37587
37591
50261
50399
50426
50427
50429
11585
11599
11763
50426
50428
50430
50432
11586
11600
11764
11587
11601
11765
11588
11602
11766
50434
50436
50438
50268
50406
50433
50434
50436
36922
37567
37595
37596
50433
36927
37571
37598
37599
37601
11592
11606
11770
37598
37600
37602
37604
50441
50443
50445
50275
50413
50440
50441
50443
36932
37577
37605
37606
50440
36941
37608
37612
37613
37615
50420
11596
11610
11774
37612
37614
37616
37618
37620
37622
37624
36948
37585
37619
37620
37622
36955
37619
37627
37629
36962
37626
37633
37634
37636
50427
11600
11614
11778
37633
37635
37637
37639
37694
37697
37698
11601
11615
11779
50447
50450
50451
11602
11616
11780
50454
50457
50458
11603
11617
11781
37641
37643
37645
37701
37704
37705
36969
37640
37641
37643
50434
36976
37595
37640
37648
37650
36983
37599
37647
37654
37655
37657
11607
11621
11785
37654
37656
37658
37660
37662
37664
37666
36990
37661
37662
37664
50441
36995
37605
37661
37668
37669
37002
37613
37671
37673
37674
37676
11611
11625
11789
37673
37675
37677
37679
50461
50464
50465
11612
11626
11790
37620
37621
37624
37625
37681
37683
37685
37009
37627
37680
37681
37683
37016
37634
37687
37690
37023
37687
37694
37695
37697
37694
50282
50447
50448
50450
50289
50447
50454
50455
50457
37030
37701
37702
37704
50454
37037
37641
37701
37708
37709
37711
37044
37715
37716
37718
11621
11635
11799
37655
37656
37659
37660
37715
37717
37719
37721
11622
11636
11800
37723
37725
37727
50468
50471
50472
37051
37662
37722
37723
37725
37055
37668
37722
37729
37058
37674
37730
37732
37730
50296
50461
50462
50464
11627
11639
11805
50461
50463
50465
50467
11628
11640
11806
37681
37682
37685
37686
37736
37738
37740
37064
37688
37735
37736
37738
37071
37695
37742
37745
37076
37742
37749
37750
50448
37079
37749
37752
37753
50455
37084
37702
37752
37755
37758
37091
37762
37763
37765
11635
11647
11813
37716
37717
37720
37721
37762
37764
37766
37768
11636
11648
11814
50469
50471
50473
50303
50468
50469
50471
37097
37723
37769
37770
37771
50468
37105
37774
37776
37777
37779
50462
11640
11651
11818
37776
37778
37780
37782
37821
37824
37825
11641
11652
11819
50475
50478
50479
11642
11653
11820
37736
37737
37740
37741
37784
37786
37788
37112
37743
37783
37784
37786
37119
37783
37790
37791
37793
37126
37790
37797
37798
37800
37133
37756
37797
37804
37805
37807
11647
11658
11825
37763
37764
37767
37768
37804
37806
37808
37810
11648
11659
11826
50482
50485
50486
11649
11660
11827
37812
37814
37816
37828
37831
37832
37140
37811
37812
37814
50469
37144
37770
37811
37818
37150
37819
37821
37822
37824
37821
50310
50475
50476
50478
11654
11663
11832
37843
37846
37847
50475
50477
50479
50481
11655
11664
11833
37784
37785
37788
37789
37850
37853
37854
11656
11665
11834
37791
37792
37795
37796
50489
50492
50493
11657
11666
11835
37798
37799
37802
37803
50496
50499
50500
11658
11667
11836
37805
37806
37809
37810
37857
37860
37861
11659
11668
11837
37864
37867
37868
50483
50485
50487
50317
50482
50483
50485
37157
37828
37829
37831
50482
37161
37812
37828
37835
37166
37836
37838
37840
50476
37172
37838
37843
37844
37846
37179
37843
37850
37851
37853
37850
50324
50489
50490
50492
50331
50489
50496
50497
50499
37186
37857
37858
37860
50496
37193
37857
37864
37865
37867
37199
37864
37871
37872
37873
50483
37202
37829
37871
37876
37206
37851
37877
37879
37880
37209
37879
37882
37883
50490
37212
37882
37885
37886
50497
37215
37858
37885
37888
37889
37217
37865
37888
37891
37249
37914
37920
37921
37923
37256
37894
37920
37927
37928
37930
37898
37927
50338
50503
50504
50506
37902
50345
50503
50510
50511
50513
37263
37906
37934
37935
37937
50510
37270
37910
37934
37941
37942
37944
37276
37941
37948
37950
37300
37957
37958
37960
37915
37957
50352
50517
50518
50520
11686
11696
11864
37921
37922
37925
37926
38622
38623
38624
50517
50519
50521
50523
11687
11697
11865
37928
37929
37932
37933
37982
37985
37986
38629
38630
38631
11688
11698
11866
37989
37992
37993
38636
38637
38638
50504
50505
50508
50509
11689
11699
11867
37996
37999
38000
38643
38644
38645
50511
50512
50515
50516
11690
11700
11868
37935
37936
37939
37940
38003
38006
38007
38650
38651
38652
11691
11701
11869
37942
37943
37946
37947
38657
38658
38659
50525
50527
50529
37948
50359
50524
50525
50527
37307
37953
37964
37965
37967
50524
37336
37975
37976
37978
11695
11706
11873
37958
37959
37962
37963
37975
37977
37979
37981
38689
38690
38691
11696
11707
11874
38696
38697
38698
50518
50519
50522
50523
11697
11708
11875
37983
37985
37987
38025
38028
38029
38703
38704
38705
37343
37982
37983
37985
37350
37982
37989
37990
37992
37357
37989
37996
37997
37999
37364
37996
38003
38004
38006
11702
11711
11880
38003
38005
38007
38009
38054
38057
38058
38738
38739
38740
11703
11712
11881
38745
38746
38747
50525
50526
50529
50530
11704
11713
11882
37965
37966
37969
37970
38011
38013
38015
38752
38753
38754
37371
37971
38010
38011
38013
37976
38019
50366
50531
50532
50534
11707
11718
11885
38781
38782
38783
50531
50533
50535
50537
11708
11719
11886
38026
38028
38030
38075
38078
38079
38788
38789
38790
37391
38025
38026
38028
37398
37983
38025
38032
38035
37413
38004
38047
38050
37420
38047
38054
38055
38057
11713
11726
11891
38054
38056
38058
38060
38110
38113
38114
38831
38832
38833
11714
11727
11892
38838
38839
38840
50539
50541
50543
38011
50373
50538
50539
50541
37426
38017
38061
38063
50538
37434
38020
38068
38069
38071
11718
11731
11896
38068
38070
38072
38074
38866
38867
38868
50532
50533
50536
50537
11719
11732
11897
38076
38078
38080
38137
38140
38141
38873
38874
38875
37441
38075
38076
38078
37448
38026
38075
38085
37455
38033
38082
38089
38090
38092
38039
38089
50380
50545
50546
50548
38043
50387
50545
50552
50553
50555
37462
38048
38096
38097
38099
50552
37469
38096
38104
38106
37476
38103
38110
38111
38113
11728
11741
11906
38110
38112
38114
38116
38172
38175
38176
38922
38923
38924
11729
11742
11907
38118
38120
38122
38929
38930
38931
50539
50540
50543
50544
37483
38061
38117
38118
38120
37496
38069
38126
38130
38131
38133
11732
11746
11910
38130
38132
38134
38136
38138
38140
38142
38956
38957
38958
37503
38137
38138
38140
37510
38076
38137
38145
38147
37517
38083
38144
38151
38152
38154
11736
11749
11914
38090
38091
38094
38095
38151
38153
38155
38157
11737
11750
11915
50546
50547
50550
50551
11738
11751
11916
50553
50554
50557
50558
11739
11752
11917
38097
38098
38101
38102
38159
38161
38163
37524
38104
38158
38159
38161
37531
38158
38166
38168
37538
38165
38172
38173
38175
11743
11756
11921
38172
38174
38176
38178
38180
38182
38184
39005
39006
39007
37545
38118
38179
38180
38182
37550
38124
38179
38186
38187
38131
38189
50394
50559
50560
50562
11747
11760
11925
38194
38196
38198
39033
39034
39035
50559
50561
50563
50565
37559
38138
38193
38194
38196
38152
38200
50401
50566
50567
50569
11750
11763
11928
50566
50568
50570
50572
11751
11764
11929
11752
11765
11930
11753
11766
11931
50574
50576
50578
38159
50408
50573
50574
50576
37568
38166
38204
38205
50573
37573
38173
38207
38208
38210
11757
11770
11935
38207
38209
38211
38213
39061
39062
39063
50581
50583
50585
38180
50415
50580
50581
50583
37578
38186
38214
38215
50580
38217
50422
50560
50587
50588
50590
11761
11774
11939
38222
38224
38226
39089
39090
39091
50587
50589
50591
50593
37587
38194
38221
38222
38224
38228
50429
50567
50594
50595
50597
11764
11778
11942
50594
50596
50598
50600
11765
11779
11943
11766
11780
11944
11767
11781
11945
50602
50604
50606
50436
50574
50601
50602
50604
37596
38204
38232
38233
50601
37601
38208
38235
38236
38238
11771
11785
11949
38235
38237
38239
38241
39117
39118
39119
50609
50611
50613
50443
50581
50608
50609
50611
37606
38214
38242
38243
50608
37615
38245
38249
38250
38252
50588
11775
11789
11953
38249
38251
38253
38255
38257
38259
38261
39145
39146
39147
37622
38222
38256
38257
38259
37629
38256
38264
38266
37636
38263
38270
38271
38273
50595
11779
11793
11957
38270
38272
38274
38276
38331
38334
38335
11780
11794
11958
50615
50618
50619
11781
11795
11959
50622
50625
50626
11782
11796
11960
38278
38280
38282
38338
38341
38342
37643
38277
38278
38280
50602
37650
38232
38277
38285
38287
37657
38236
38284
38291
38292
38294
11786
11800
11964
38291
38293
38295
38297
38299
38301
38303
39194
39195
39196
37664
38298
38299
38301
50609
37669
38242
38298
38305
38306
37676
38250
38308
38310
38311
38313
11790
11804
11968
38310
38312
38314
38316
39220
39221
39222
50629
50632
50633
11791
11805
11969
38257
38258
38261
38262
38318
38320
38322
39227
39228
39229
37683
38264
38317
38318
38320
37690
38271
38324
38327
37697
38324
38331
38332
38334
38331
50450
50615
50616
50618
50457
50615
50622
50623
50625
37704
38338
38339
38341
50622
37711
38278
38338
38345
38346
38348
37718
38352
38353
38355
11800
11814
11978
38292
38293
38296
38297
38352
38354
38356
38358
39276
39277
39278
11801
11815
11979
38360
38362
38364
39283
39284
39285
50636
50639
50640
37725
38299
38359
38360
38362
37729
38305
38359
38366
37732
38311
38367
38369
38367
50464
50629
50630
50632
11806
11818
11984
39310
39311
39312
50629
50631
50633
50635
11807
11819
11985
38318
38319
38322
38323
38373
38375
38377
39317
39318
39319
37738
38325
38372
38373
38375
37745
38332
38379
38382
37750
38379
38386
38387
50616
37753
38386
38389
38390
50623
37758
38339
38389
38392
38395
37765
38399
38400
38402
11814
11826
11992
38353
38354
38357
38358
38399
38401
38403
38405
39358
39359
39360
11815
11827
11993
39365
39366
39367
50637
50639
50641
50471
50636
50637
50639
37771
38360
38406
38407
38408
50636
37779
38411
38413
38414
38416
50630
11819
11830
11997
38413
38415
38417
38419
38458
38461
38462
39393
39394
39395
11820
11831
11998
39400
39401
39402
50643
50646
50647
11821
11832
11999
38373
38374
38377
38378
38421
38423
38425
39407
39408
39409
37786
38380
38420
38421
38423
37793
38420
38427
38428
38430
37800
38427
38434
38435
38437
37807
38393
38434
38441
38442
38444
11826
11837
12004
38400
38401
38404
38405
38441
38443
38445
38447
39442
39443
39444
11827
11838
12005
39449
39450
39451
50650
50653
50654
11828
11839
12006
38449
38451
38453
38465
38468
38469
39456
39457
39458
37814
38448
38449
38451
50637
37818
38407
38448
38455
37824
38456
38458
38459
38461
38458
50478
50643
50644
50646
11833
11842
12011
38480
38483
38484
39487
39488
39489
50643
50645
50647
50649
11834
11843
12012
38421
38422
38425
38426
38487
38490
38491
39494
39495
39496
11835
11844
12013
38428
38429
38432
38433
39501
39502
39503
50657
50660
50661
11836
11845
12014
38435
38436
38439
38440
39508
39509
39510
50664
50667
50668
11837
11846
12015
38442
38443
38446
38447
38494
38497
38498
39515
39516
39517
11838
11847
12016
38501
38504
38505
39522
39523
39524
50651
50653
50655
50485
50650
50651
50653
37831
38465
38466
38468
50650
37835
38449
38465
38472
37840
38473
38475
38477
50644
37846
38475
38480
38481
38483
37853
38480
38487
38488
38490
38487
50492
50657
50658
50660
50499
50657
50664
50665
50667
37860
38494
38495
38497
50664
37867
38494
38501
38502
38504
37873
38501
38508
38509
38510
50651
37876
38466
38508
38513
37880
38488
38514
38516
38517
37883
38516
38519
38520
50658
37886
38519
38522
38523
50665
37889
38495
38522
38525
38526
37891
38502
38525
38528
37923
38551
38557
38558
38560
37930
38531
38557
38564
38565
38567
38535
38564
38571
38572
38574
50506
38539
38571
38578
38579
38581
50513
37937
38543
38578
38585
38586
38588
37944
38547
38585
38592
38593
38595
37950
38592
38599
38601
37960
38608
38609
38611
38552
38608
38615
38616
38618
50520
38558
38615
38622
38623
38625
38565
38622
38629
38630
38632
38572
38629
38636
38637
38639
38579
38636
38643
38644
38646
38586
38643
38650
38651
38653
38593
38650
38657
38658
38660
38599
38657
38664
38665
38667
50527
37967
38604
38664
38671
38672
38674
37978
38682
38683
38685
38609
38682
38689
38690
38692
38616
38689
38696
38697
38699
38623
38696
38703
38704
38706
37985
38630
38703
38710
38711
38713
37992
38637
38710
38717
38718
38720
37999
38644
38717
38724
38725
38727
38006
38651
38724
38731
38732
38734
38658
38731
38738
38739
38741
38665
38738
38745
38746
38748
38672
38745
38752
38753
38755
38013
38678
38752
38759
38760
38762
38683
38768
38774
38775
38777
50534
38690
38774
38781
38782
38784
38697
38781
38788
38789
38791
38028
38704
38788
38795
38796
38798
38035
38711
38795
38802
38805
38050
38732
38817
38820
38057
38739
38817
38824
38825
38827
38746
38824
38831
38832
38834
38753
38831
38838
38839
38841
38760
38838
38845
38846
38848
50541
38063
38766
38845
38852
38854
38071
38769
38859
38860
38862
38775
38859
38866
38867
38869
38782
38866
38873
38874
38876
38078
38789
38873
38880
38881
38883
38085
38796
38880
38890
38092
38803
38887
38894
38895
38897
38809
38894
50548
50671
50672
50674
38813
50555
50671
50678
50679
50681
38099
38818
38901
38902
38904
50678
38106
38901
38909
38911
38113
38832
38908
38915
38916
38918
38839
38915
38922
38923
38925
38846
38922
38929
38930
38932
38120
38852
38929
38936
38937
38939
38133
38860
38945
38949
38950
38952
38867
38949
38956
38957
38959
38140
38874
38956
38963
38964
38966
38147
38881
38963
38971
38973
38154
38888
38970
38977
38978
38980
11915
11928
12040
38895
38896
38899
38900
38977
38979
38981
38983
11916
11929
12041
50672
50673
50676
50677
11917
11930
12042
50679
50680
50683
50684
11918
11931
12043
38902
38903
38906
38907
38985
38987
38989
38161
38909
38984
38985
38987
38168
38984
38992
38994
38175
38923
38991
38998
38999
39001
38930
38998
39005
39006
39008
38182
38937
39005
39012
39013
39015
38187
38943
39012
39019
39020
38950
39022
39026
39027
39029
50562
38957
39026
39033
39034
39036
38196
38964
39033
39040
39041
39043
38978
39047
50569
50685
50686
50688
11929
11942
12047
50685
50687
50689
50691
11930
11943
12048
11931
11944
12049
11932
11945
12050
50693
50695
50697
38985
50576
50692
50693
50695
38205
38992
39051
39052
50692
38210
38999
39054
39055
39057
39006
39054
39061
39062
39064
39013
39061
39068
39069
39071
50583
38215
39019
39068
39075
39076
39027
39078
39082
39083
39085
50590
39034
39082
39089
39090
39092
38224
39041
39089
39096
39097
39099
39103
50597
50686
50699
50700
50702
11943
11957
12054
50699
50701
50703
50705
11944
11958
12055
11945
11959
12056
11946
11960
12057
50707
50709
50711
50604
50693
50706
50707
50709
38233
39051
39107
39108
50706
38238
39055
39110
39111
39113
39062
39110
39117
39118
39120
39069
39117
39124
39125
39127
50611
38243
39075
39124
39131
39132
38252
39083
39134
39138
39139
39141
39090
39138
39145
39146
39148
38259
39097
39145
39152
39153
39155
38266
39152
39160
39162
38273
39159
39166
39167
39169
50700
11958
11972
12061
39166
39168
39170
39172
39248
39251
39252
11959
11973
12062
50713
50716
50717
11960
11974
12063
50720
50723
50724
11961
11975
12064
39174
39176
39178
39255
39258
39259
38280
39173
39174
39176
50707
38287
39107
39173
39181
39183
38294
39111
39180
39187
39188
39190
39118
39187
39194
39195
39197
38301
39125
39194
39201
39202
39204
38306
39131
39201
39208
39209
38313
39139
39211
39213
39214
39216
39146
39213
39220
39221
39223
39153
39220
39227
39228
39230
38320
39160
39227
39234
39235
39237
38327
39167
39241
39244
38334
39241
39248
39249
39251
39248
50618
50713
50714
50716
50625
50713
50720
50721
50723
38341
39255
39256
39258
50720
38348
39174
39255
39262
39263
39265
38355
39269
39270
39272
39188
39269
39276
39277
39279
39195
39276
39283
39284
39286
38362
39202
39283
39290
39291
39293
38366
39208
39290
39297
38369
39214
39298
39300
39221
39298
39303
39304
39306
50632
39228
39303
39310
39311
39313
39235
39310
39317
39318
39320
38375
39242
39317
39324
39325
39327
38382
39249
39331
39334
38387
39331
39338
39339
50714
38390
39338
39341
39342
50721
38395
39256
39341
39344
39347
38402
39351
39352
39354
39270
39351
39358
39359
39361
39277
39358
39365
39366
39368
39284
39365
39372
39373
39375
50639
38408
39291
39372
39379
39380
39381
38416
39304
39384
39386
39387
39389
39311
39386
39393
39394
39396
39318
39393
39400
39401
39403
39325
39400
39407
39408
39410
38423
39332
39407
39414
39415
39417
38430
39414
39421
39422
39424
38437
39421
39428
39429
39431
38444
39345
39428
39435
39436
39438
39352
39435
39442
39443
39445
39359
39442
39449
39450
39452
39366
39449
39456
39457
39459
38451
39373
39456
39463
39464
39466
38455
39380
39463
39470
38461
39394
39471
39473
39474
39476
39401
39473
39480
39481
39483
50646
39408
39480
39487
39488
39490
39415
39487
39494
39495
39497
39422
39494
39501
39502
39504
39429
39501
39508
39509
39511
39436
39508
39515
39516
39518
39443
39515
39522
39523
39525
39450
39522
39529
39530
39532
50653
38468
39457
39529
39536
39537
39539
38472
39464
39536
39543
38477
39481
39544
39546
39548
38483
39488
39546
39551
39552
39554
38490
39495
39551
39558
39559
39561
39502
39558
39565
39566
39568
50660
39509
39565
39572
39573
39575
50667
38497
39516
39572
39579
39580
39582
38504
39523
39579
39586
39587
39589
38510
39530
39586
39593
39594
39595
38513
39537
39593
39598
38517
39559
39599
39601
39602
38520
39566
39601
39604
39605
38523
39573
39604
39607
39608
38526
39580
39607
39610
39611
38528
39587
39610
39613
38897
39614
39630
39636
39637
39639
39618
39636
50674
50727
50728
50730
39622
50681
50727
50734
50735
50737
38904
39626
39643
39644
39646
50734
38911
39643
39650
39652
38980
39631
39655
39659
39660
39662
12041
12047
12083
39637
39638
39641
39642
39659
39661
39663
39665
12042
12048
12084
50728
50729
50732
50733
12043
12049
12085
50735
50736
50739
50740
12044
12050
12086
39644
39645
39648
39649
39667
39669
39671
38987
39650
39666
39667
39669
38994
39666
39673
39674
39660
39676
50688
50741
50742
50744
12048
12054
12090
50741
50743
50745
50747
12049
12055
12091
12050
12056
12092
12051
12057
12093
50749
50751
50753
39667
50695
50748
50749
50751
39052
39673
39680
39681
50748
39683
50702
50742
50755
50756
50758
12055
12061
12097
50755
50757
50759
50761
12056
12062
12098
12057
12063
12099
12058
12064
12100
50763
50765
50767
50709
50749
50762
50763
50765
39108
39680
39687
39688
50762
39169
39690
39694
39695
39697
50756
12062
12068
12104
39694
39696
39698
39700
39716
39719
39720
12063
12069
12105
50769
50772
50773
12064
12070
12106
50776
50779
50780
12065
12071
12107
39702
39704
39706
39723
39726
39727
39176
39701
39702
39704
50763
39183
39687
39701
39708
39709
39244
39695
39711
39713
39251
39711
39716
39717
39719
39716
50716
50769
50770
50772
50723
50769
50776
50777
50779
39258
39723
39724
39726
50776
39265
39702
39723
39730
39731
39732
39334
39717
39735
39736
39339
39735
39738
39739
50770
39342
39738
39741
39742
50777
39347
39724
39741
39744
39745
39639
39747
39763
39769
39770
39772
39751
39769
50730
50783
50784
50786
39755
50737
50783
50790
50791
50793
39646
39759
39776
39777
39779
50790
39652
39776
39783
39785
39662
39764
39788
39792
39793
39795
12084
12090
12126
39770
39771
39774
39775
39792
39794
39796
39798
12085
12091
12127
50784
50785
50788
50789
12086
12092
12128
50791
50792
50795
50796
12087
12093
12129
39777
39778
39781
39782
39800
39802
39804
39669
39783
39799
39800
39802
39674
39799
39806
39807
39793
39809
50744
50797
50798
50800
12091
12097
12133
50797
50799
50801
50803
12092
12098
12134
12093
12099
12135
12094
12100
12136
50805
50807
50809
39800
50751
50804
50805
50807
39681
39806
39813
39814
50804
39816
50758
50798
50811
50812
50814
12098
12104
12140
50811
50813
50815
50817
12099
12105
12141
12100
12106
12142
12101
12107
12143
50819
50821
50823
50765
50805
50818
50819
50821
39688
39813
39820
39821
50818
39697
39823
39827
39828
39830
50812
12105
12111
12147
39827
39829
39831
39833
39849
39852
39853
12106
12112
12148
50825
50828
50829
12107
12113
12149
50832
50835
50836
12108
12114
12150
39835
39837
39839
39856
39859
39860
39704
39834
39835
39837
50819
39709
39820
39834
39841
39842
39713
39828
39844
39846
39719
39844
39849
39850
39852
39849
50772
50825
50826
50828
50779
50825
50832
50833
50835
39726
39856
39857
39859
50832
39732
39835
39856
39863
39864
39865
39736
39850
39868
39869
39739
39868
39871
39872
50826
39742
39871
39874
39875
50833
39745
39857
39874
39877
39878
39772
39880
39896
39902
39903
39905
39884
39902
50786
50839
50840
50842
39888
50793
50839
50846
50847
50849
39779
39892
39909
39910
39912
50846
39785
39909
39916
39918
39795
39897
39921
39925
39926
39928
12127
12133
12169
39903
39904
39907
39908
39925
39927
39929
39931
12128
12134
12170
50840
50841
50844
50845
12129
12135
12171
50847
50848
50851
50852
12130
12136
12172
39910
39911
39914
39915
39933
39935
39937
39802
39916
39932
39933
39935
39807
39932
39939
39940
39926
39942
50800
50853
50854
50856
12134
12140
12176
50853
50855
50857
50859
12135
12141
12177
12136
12142
12178
12137
12143
12179
50861
50863
50865
39933
50807
50860
50861
50863
39814
39939
39946
39947
50860
39949
50814
50854
50867
50868
50870
12141
12147
12183
50867
50869
50871
50873
12142
12148
12184
12143
12149
12185
12144
12150
12186
50875
50877
50879
50821
50861
50874
50875
50877
39821
39946
39953
39954
50874
39830
39956
39960
39961
39963
50868
12148
12154
12190
39960
39962
39964
39966
39982
39985
39986
12149
12155
12191
50881
50884
50885
12150
12156
12192
50888
50891
50892
12151
12157
12193
39968
39970
39972
39989
39992
39993
39837
39967
39968
39970
50875
39842
39953
39967
39974
39975
39846
39961
39977
39979
39852
39977
39982
39983
39985
39982
50828
50881
50882
50884
50835
50881
50888
50889
50891
39859
39989
39990
39992
50888
39865
39968
39989
39996
39997
39998
39869
39983
40001
40002
39872
40001
40004
40005
50882
39875
40004
40007
40008
50889
39878
39990
40007
40010
40011
39905
40013
40029
40035
40036
40038
40017
40035
50842
50895
50896
50898
40021
50849
50895
50902
50903
50905
39912
40025
40042
40043
40045
50902
39918
40042
40049
40051
39928
40030
40054
40058
40059
40061
12170
12176
12212
40036
40037
40040
40041
40058
40060
40062
40064
12171
12177
12213
50896
50897
50900
50901
12172
12178
12214
50903
50904
50907
50908
12173
12179
12215
40043
40044
40047
40048
40066
40068
40070
39935
40049
40065
40066
40068
39940
40065
40072
40073
40059
40075
50856
50909
50910
50912
12177
12183
12219
50909
50911
50913
50915
12178
12184
12220
12179
12185
12221
12180
12186
12222
50917
50919
50921
40066
50863
50916
50917
50919
39947
40072
40079
40080
50916
40082
50870
50910
50923
50924
50926
12184
12190
12226
50923
50925
50927
50929
12185
12191
12227
12186
12192
12228
12187
12193
12229
50931
50933
50935
50877
50917
50930
50931
50933
39954
40079
40086
40087
50930
39963
40089
40093
40094
40096
50924
12191
12197
12233
40093
40095
40097
40099
40115
40118
40119
12192
12198
12234
50937
50940
50941
12193
12199
12235
50944
50947
50948
12194
12200
12236
40101
40103
40105
40122
40125
40126
39970
40100
40101
40103
50931
39975
40086
40100
40107
40108
39979
40094
40110
40112
39985
40110
40115
40116
40118
40115
50884
50937
50938
50940
50891
50937
50944
50945
50947
39992
40122
40123
40125
50944
39998
40101
40122
40129
40130
40131
40002
40116
40134
40135
40005
40134
40137
40138
50938
40008
40137
40140
40141
50945
40011
40123
40140
40143
40144
40038
40146
40162
40168
40169
40171
40150
40168
50898
50951
50952
50954
40154
50905
50951
50958
50959
50961
40045
40158
40175
40176
40178
50958
40051
40175
40182
40184
40061
40163
40187
40191
40192
40194
12213
12219
12255
40169
40170
40173
40174
40191
40193
40195
40197
12214
12220
12256
50952
50953
50956
50957
12215
12221
12257
50959
50960
50963
50964
12216
12222
12258
40176
40177
40180
40181
40199
40201
40203
40068
40182
40198
40199
40201
40073
40198
40205
40206
40192
40208
50912
50965
50966
50968
12220
12226
12262
50965
50967
50969
50971
12221
12227
12263
12222
12228
12264
12223
12229
12265
50973
50975
50977
40199
50919
50972
50973
50975
40080
40205
40212
40213
50972
40215
50926
50966
50979
50980
50982
12227
12233
12269
50979
50981
50983
50985
12228
12234
12270
12229
12235
12271
12230
12236
12272
50987
50989
50991
50933
50973
50986
50987
50989
40087
40212
40219
40220
50986
40096
40222
40226
40227
40229
50980
12234
12240
12276
40226
40228
40230
40232
40248
40251
40252
12235
12241
12277
50993
50996
50997
12236
12242
12278
51000
51003
51004
12237
12243
12279
40234
40236
40238
40255
40258
40259
40103
40233
40234
40236
50987
40108
40219
40233
40240
40241
40112
40227
40243
40245
40118
40243
40248
40249
40251
40248
50940
50993
50994
50996
50947
50993
51000
51001
51003
40125
40255
40256
40258
51000
40131
40234
40255
40262
40263
40264
40135
40249
40267
40268
40138
40267
40270
40271
50994
40141
40270
40273
40274
51001
40144
40256
40273
40276
40277
40171
40279
40295
40301
40302
40304
40283
40301
50954
51007
51008
51010
40287
50961
51007
51014
51015
51017
40178
40291
40308
40309
40311
51014
40184
40308
40315
40317
40194
40296
40320
40324
40325
40327
12256
12262
12298
40302
40303
40306
40307
40324
40326
40328
40330
12257
12263
12299
51008
51009
51012
51013
12258
12264
12300
51015
51016
51019
51020
12259
12265
12301
40309
40310
40313
40314
40332
40334
40336
40201
40315
40331
40332
40334
40206
40331
40338
40339
40325
40341
50968
51021
51022
51024
12263
12269
12305
51021
51023
51025
51027
12264
12270
12306
12265
12271
12307
12266
12272
12308
51029
51031
51033
40332
50975
51028
51029
51031
40213
40338
40345
40346
51028
40348
50982
51022
51035
51036
51038
12270
12276
12312
51035
51037
51039
51041
12271
12277
12313
12272
12278
12314
12273
12279
12315
51043
51045
51047
50989
51029
51042
51043
51045
40220
40345
40352
40353
51042
40229
40355
40359
40360
40362
51036
12277
12283
12319
40359
40361
40363
40365
40381
40384
40385
12278
12284
12320
51049
51052
51053
12279
12285
12321
51056
51059
51060
12280
12286
12322
40367
40369
40371
40388
40391
40392
40236
40366
40367
40369
51043
40241
40352
40366
40373
40374
40245
40360
40376
40378
40251
40376
40381
40382
40384
40381
50996
51049
51050
51052
51003
51049
51056
51057
51059
40258
40388
40389
40391
51056
40264
40367
40388
40395
40396
40397
40268
40382
40400
40401
40271
40400
40403
40404
51050
40274
40403
40406
40407
51057
40277
40389
40406
40409
40410
40304
40412
40428
40434
40435
40437
40416
40434
51010
51063
51064
51066
40420
51017
51063
51070
51071
51073
40311
40424
40441
40442
40444
51070
40317
40441
40448
40450
40327
40429
40453
40457
40458
40460
12299
12305
12341
40435
40436
40439
40440
40457
40459
40461
40463
12300
12306
12342
51064
51065
51068
51069
12301
12307
12343
51071
51072
51075
51076
12302
12308
12344
40442
40443
40446
40447
40465
40467
40469
40334
40448
40464
40465
40467
40339
40464
40471
40472
40458
40474
51024
51077
51078
51080
12306
12312
12348
51077
51079
51081
51083
12307
12313
12349
12308
12314
12350
12309
12315
12351
51085
51087
51089
40465
51031
51084
51085
51087
40346
40471
40478
40479
51084
40481
51038
51078
51091
51092
51094
12313
12319
12355
51091
51093
51095
51097
12314
12320
12356
12315
12321
12357
12316
12322
12358
51099
51101
51103
51045
51085
51098
51099
51101
40353
40478
40485
40486
51098
40362
40488
40492
40493
40495
51092
12320
12326
12362
40492
40494
40496
40498
40514
40517
40518
12321
12327
12363
51105
51108
51109
12322
12328
12364
51112
51115
51116
12323
12329
12365
40500
40502
40504
40521
40524
40525
40369
40499
40500
40502
51099
40374
40485
40499
40506
40507
40378
40493
40509
40511
40384
40509
40514
40515
40517
40514
51052
51105
51106
51108
51059
51105
51112
51113
51115
40391
40521
40522
40524
51112
40397
40500
40521
40528
40529
40530
40401
40515
40533
40534
40404
40533
40536
40537
51106
40407
40536
40539
40540
51113
40410
40522
40539
40542
40543
40437
40545
40561
40567
40568
40570
40549
40567
51066
51119
51120
51122
40553
51073
51119
51126
51127
51129
40444
40557
40574
40575
40577
51126
40450
40574
40581
40583
40460
40562
40586
40590
40591
40593
12342
12348
12384
40568
40569
40572
40573
40590
40592
40594
40596
40744
40745
40746
12343
12349
12385
40751
40752
40753
51120
51121
51124
51125
12344
12350
12386
40758
40759
40760
51127
51128
51131
51132
12345
12351
12387
40575
40576
40579
40580
40598
40600
40602
40765
40766
40767
40467
40581
40597
40598
40600
40472
40597
40604
40605
40591
40607
51080
51133
51134
51136
12349
12355
12391
40793
40794
40795
51133
51135
51137
51139
12350
12356
12392
40800
40801
40802
12351
12357
12393
40807
40808
40809
12352
12358
12394
40814
40815
40816
51141
51143
51145
40598
51087
51140
51141
51143
40479
40604
40611
40612
51140
40614
51094
51134
51147
51148
51150
12356
12362
12398
40842
40843
40844
51147
51149
51151
51153
12357
12363
12399
40849
40850
40851
12358
12364
12400
40856
40857
40858
12359
12365
12401
40863
40864
40865
51155
51157
51159
51101
51141
51154
51155
51157
40486
40611
40618
40619
51154
40495
40621
40625
40626
40628
51148
12363
12369
12405
40625
40627
40629
40631
40647
40650
40651
40891
40892
40893
12364
12370
12406
40898
40899
40900
51161
51164
51165
12365
12371
12407
40905
40906
40907
51168
51171
51172
12366
12372
12408
40633
40635
40637
40654
40657
40658
40912
40913
40914
40502
40632
40633
40635
51155
40507
40618
40632
40639
40640
40511
40626
40642
40644
40517
40642
40647
40648
40650
40647
51108
51161
51162
51164
51115
51161
51168
51169
51171
40524
40654
40655
40657
51168
40530
40633
40654
40661
40662
40663
40534
40648
40666
40667
40537
40666
40669
40670
51162
40540
40669
40672
40673
51169
40543
40655
40672
40675
40676
40570
40678
40694
40700
40701
40703
40682
40700
40707
40708
40710
51122
40686
40707
40714
40715
40717
51129
40577
40690
40714
40721
40722
40724
40583
40721
40728
40730
40593
40695
40733
40737
40738
40740
40701
40737
40744
40745
40747
40708
40744
40751
40752
40754
40715
40751
40758
40759
40761
40722
40758
40765
40766
40768
40600
40728
40765
40772
40773
40775
40605
40772
40779
40780
40738
40782
40786
40787
40789
51136
40745
40786
40793
40794
40796
40752
40793
40800
40801
40803
40759
40800
40807
40808
40810
40766
40807
40814
40815
40817
40773
40814
40821
40822
40824
51143
40612
40779
40821
40828
40829
40787
40831
40835
40836
40838
51150
40794
40835
40842
40843
40845
40801
40842
40849
40850
40852
40808
40849
40856
40857
40859
40815
40856
40863
40864
40866
40822
40863
40870
40871
40873
51157
40619
40828
40870
40877
40878
40628
40836
40880
40884
40885
40887
40843
40884
40891
40892
40894
40850
40891
40898
40899
40901
40857
40898
40905
40906
40908
40864
40905
40912
40913
40915
40635
40871
40912
40919
40920
40922
40640
40877
40919
40926
40927
40644
40885
40929
40931
40650
40892
40929
40934
40935
40937
40899
40934
40941
40942
40944
51164
40906
40941
40948
40949
40951
51171
40657
40913
40948
40955
40956
40958
40663
40920
40955
40962
40963
40964
40667
40935
40967
40968
40670
40942
40967
40970
40971
40673
40949
40970
40973
40974
40676
40956
40973
40976
40977
12422
12423
12424
12425
12455
12424
12458
12890
12427
12459
12891
12426
12427
12428
12429
12462
12428
12465
12894
12431
12466
12895
12430
12431
12432
12433
12469
12432
12472
12898
12435
12473
12899
12434
12435
12436
12476
12436
12479
12902
12480
12903
12438
12439
12440
12442
41431
12440
12906
41434
12446
12907
41435
12443
12445
12443
12446
12447
12449
12445
12446
12447
12451
12910
12447
12911
12453
12912
12450
12452
12450
12453
12454
12456
12452
12453
12454
12458
12917
12454
12918
12460
12919
12457
12459
12457
12460
12461
12463
12459
12460
12461
12465
12924
12461
12925
12467
12926
12464
12466
12464
12467
12468
12470
12466
12467
12468
12472
12931
12468
12932
12474
12933
12471
12473
12471
12474
12475
12477
12473
12474
12475
12479
12938
12475
12939
12481
12940
12478
12480
12478
12481
12482
12484
12480
12481
12482
12486
12945
12482
12946
12488
12947
12485
12487
12485
12488
12489
12491
12487
12488
12489
12493
12952
12489
12953
12495
12954
12492
12494
12492
12495
12496
12497
12494
12495
12496
12959
12496
12960
12499
12961
12498
12499
12500
41438
12500
12966
41441
12967
41442
12502
12503
12504
12506
41445
12504
12970
41448
12510
12971
41449
12507
12509
12507
12510
12511
41432
12509
12510
12511
12974
41434
12511
12975
12976
41436
12514
12516
12514
12517
41440
12518
12519
12516
12517
41442
12518
12981
12518
12982
41444
12521
12983
12520
12521
12522
41452
12522
12988
41455
12989
41456
12524
12526
12538
12529
12542
12992
12527
12528
12527
12529
12530
41446
41459
12530
12994
41448
12530
12995
41462
12996
41450
41463
12532
12534
41454
12535
12536
41466
12534
41456
12535
13000
41458
41469
12537
13001
41470
12537
12548
13005
12540
12542
12540
12543
12544
41460
41473
12542
12543
12544
13007
41462
12544
13008
41476
13009
41464
41477
12547
12549
12547
12550
41468
12551
41480
12549
12550
41470
12551
13014
12551
13015
41472
41483
13016
41484
12554
12555
12554
12556
12557
41474
41487
12557
13021
41476
12557
13022
41490
13023
41478
41491
12559
12561
41482
12562
41494
12561
41484
12562
13027
41486
41497
13028
41498
12564
12565
12566
12570
41488
12566
13032
41490
12574
13033
41492
12569
41496
12569
41498
12580
13036
41500
12572
12574
12572
12575
12576
41501
12574
12575
12576
13039
12576
13040
41504
13041
41505
12579
12581
12579
12582
12583
41508
12581
12582
12583
13046
12583
13047
41511
13048
41512
12585
12586
12587
12591
41502
12587
13053
41504
12595
13054
41506
12590
41510
12590
41512
12601
13057
41514
12593
12595
12593
12596
12597
12605
12595
12596
12597
13060
12597
12608
13061
12609
13062
12600
12602
12600
12603
12604
12612
12602
12603
12604
13067
12604
12615
13068
12616
13069
12607
12609
12607
12610
12611
12623
12609
12610
12611
13074
12611
12626
13075
12627
13076
12614
12616
12614
12617
12618
12630
12616
12617
12618
13081
12618
12633
13082
12634
13083
12620
12621
12622
12624
12640
12622
12626
13088
12628
12642
13089
12625
12627
12625
12628
12629
12644
12627
12628
12629
13092
12629
12647
13093
12648
13094
12632
12634
12632
12635
12636
12637
12651
12634
12635
12636
12638
13099
12636
12654
13100
12639
12655
13101
12639
12639
12659
13106
12641
12642
12643
12645
12661
12643
12647
13109
12649
12663
13110
12646
12648
12646
12649
12650
12665
12648
12649
12650
13113
12650
12668
13114
12669
13115
12653
12655
12653
12656
12657
12658
12672
12655
12656
12657
12659
13120
12657
12675
13121
12660
12676
13122
12660
12660
12680
13127
12662
12663
12664
12666
12682
12664
12668
13130
12670
12684
13131
12667
12669
12667
12670
12671
12686
12669
12670
12671
13134
12671
12689
13135
12690
13136
12674
12676
12674
12677
12678
12679
12693
12676
12677
12678
12680
13141
12678
12696
13142
12681
12697
13143
12681
12681
12701
13148
12683
12684
12685
12687
12685
12689
13151
12691
13152
12688
12690
12688
12691
12692
12703
12690
12691
12692
13155
12692
12706
13156
12707
13157
12695
12697
12695
12698
12699
12700
12710
12697
12698
12699
12701
13162
12699
12713
13163
12702
12714
13164
12702
12702
13169
12705
12707
12705
12708
12709
12717
12707
12708
12709
13172
12709
12720
13173
12721
13174
12712
12714
12712
12715
12716
12724
12714
12715
12716
13179
12716
12727
13180
12728
13181
12719
12721
12719
12722
12723
12731
12721
12722
12723
13186
12723
13187
12733
13188
12726
12728
12726
12729
12730
12728
12729
12730
13193
12730
12736
13194
13195
12732
12733
12734
41572
12734
13200
41574
13201
41576
12737
41580
12737
41582
13204
41584
12740
12742
41573
12740
12743
12744
12752
12742
12743
41576
12744
13207
41577
12744
13208
12754
13209
12747
12749
41580
12747
12750
12751
12749
12750
41583
12751
13214
41584
12751
12757
13215
13216
12753
12754
12755
41586
12755
13221
41588
13222
41590
12758
41594
12758
41596
13225
41598
12760
12762
41587
12763
41600
12762
41590
12763
13228
41591
41602
13229
41604
12767
41594
12768
41608
12767
12768
41597
41610
13233
41598
13234
41612
12771
12773
41601
12771
12774
12775
12783
41614
12773
12774
41604
12775
13238
41605
41616
12775
13239
12784
13240
41618
12778
12780
41608
12778
12781
41622
12782
12780
12781
41611
41624
12782
13245
41612
12782
12795
13246
41626
13247
12784
12787
13252
12786
12788
41615
12789
41628
12788
41618
12789
13254
41619
41630
13255
41632
12793
41622
12794
41636
12793
12794
41625
41638
12795
13259
41626
13260
41640
12798
41629
12798
41632
12802
13265
41633
12801
12803
12801
12804
12805
41642
12803
12804
12805
13268
41644
12805
13269
13270
41646
12808
12810
12808
12811
41650
12812
12810
12811
41652
12812
12814
13275
12812
13276
41654
13277
12815
41636
12815
41639
13282
41640
12818
41643
12818
41646
12822
13285
41647
12821
12823
12821
12824
12825
12827
12823
12824
12825
12829
13288
12825
13289
12831
13290
12828
12830
12828
12831
12832
12834
12830
12831
12832
12836
13295
12832
13296
12838
13297
12835
12837
12835
12838
12839
12841
12878
12837
12838
12839
12843
13302
12839
12879
13303
12845
12880
13304
12842
12844
12842
12845
12846
12848
12881
12844
12845
12846
12850
13309
12846
12882
13310
12852
12883
13311
12849
12851
12849
12852
12853
12855
12884
12851
12852
12853
12857
13316
12853
12885
13317
12859
12886
13318
12856
12858
12856
12859
12860
12862
12887
12858
12859
12860
12864
13323
12860
12888
13324
12866
12889
13325
12863
12865
12863
12866
12867
12869
12865
12866
12867
12871
13330
12867
13331
12873
13332
12870
12872
12870
12873
12874
12872
12873
12874
12876
13337
12874
13338
13339
12877
41650
12877
41653
13344
41654
12880
12880
12882
13347
12883
12883
12885
13350
12886
12886
12888
13353
12889
12889
13356
12891
12892
12893
12894
12924
12893
12927
13359
12896
12928
13360
12895
12896
12897
12898
12931
12897
12934
13363
12900
12935
13364
12899
12900
12901
12902
12938
12901
12941
13367
12904
12942
13368
12903
12904
12905
12945
12905
12948
13371
12949
13372
12907
12908
12909
12911
41655
12909
13375
41658
12915
13376
41659
12912
12914
12912
12915
12916
12918
12914
12915
12916
12920
13379
12916
13380
12922
13381
12919
12921
12919
12922
12923
12925
12921
12922
12923
12927
13386
12923
13387
12929
13388
12926
12928
12926
12929
12930
12932
12928
12929
12930
12934
13393
12930
13394
12936
13395
12933
12935
12933
12936
12937
12939
12935
12936
12937
12941
13400
12937
13401
12943
13402
12940
12942
12940
12943
12944
12946
12942
12943
12944
12948
13407
12944
13408
12950
13409
12947
12949
12947
12950
12951
12953
12949
12950
12951
12955
13414
12951
13415
12957
13416
12954
12956
12954
12957
12958
12960
12956
12957
12958
12962
13421
12958
13422
12964
13423
12961
12963
12961
12964
12965
12966
12963
12964
12965
13428
12965
13429
12968
13430
12967
12968
12969
41662
12969
13435
41665
13436
41666
12971
12972
12973
12975
41669
12973
13439
41672
12979
13440
41673
12976
12978
12976
12979
12980
41656
12978
12979
12980
13443
41658
12980
13444
13445
41660
12983
12985
12983
12986
41664
12987
12988
12985
12986
41666
12987
13450
12987
13451
41668
12990
13452
12989
12990
12991
41676
12991
13457
41679
13458
41680
12993
12995
13007
12998
13011
13461
12996
12997
12996
12998
12999
41670
41683
12999
13463
41672
12999
13464
41686
13465
41674
41687
13001
13003
41678
13004
13005
41690
13003
41680
13004
13469
41682
41693
13006
13470
41694
13006
13017
13474
13009
13011
13009
13012
13013
41684
41697
13011
13012
13013
13476
41686
13013
13477
41700
13478
41688
41701
13016
13018
13016
13019
41692
13020
41704
13018
13019
41694
13020
13483
13020
13484
41696
41707
13485
41708
13023
13024
13023
13025
13026
41698
41711
13026
13490
41700
13026
13491
41714
13492
41702
41715
13028
13030
41706
13031
41718
13030
41708
13031
13496
41710
41721
13497
41722
13033
13034
13035
13039
41712
13035
13501
41714
13043
13502
41716
13038
41720
13038
41722
13049
13505
41724
13041
13043
13041
13044
13045
41725
13043
13044
13045
13508
13045
13509
41728
13510
41729
13048
13050
13048
13051
13052
41732
13050
13051
13052
13515
13052
13516
41735
13517
41736
13054
13055
13056
13060
41726
13056
13522
41728
13064
13523
41730
13059
41734
13059
41736
13070
13526
41738
13062
13064
13062
13065
13066
13074
13064
13065
13066
13529
13066
13077
13530
13078
13531
13069
13071
13069
13072
13073
13081
13071
13072
13073
13536
13073
13084
13537
13085
13538
13076
13078
13076
13079
13080
13092
13078
13079
13080
13543
13080
13095
13544
13096
13545
13083
13085
13083
13086
13087
13099
13085
13086
13087
13574
13087
13102
13575
13103
13576
13089
13090
13091
13093
13109
13091
13095
13581
13097
13111
13582
13094
13096
13094
13097
13098
13113
13096
13097
13098
13585
13098
13116
13586
13117
13587
13101
13103
13101
13104
13105
13106
13120
13103
13104
13105
13107
13634
13105
13123
13635
13108
13124
13636
13108
13108
13128
13641
13110
13111
13112
13114
13130
13112
13116
13644
13118
13132
13645
13115
13117
13115
13118
13119
13134
13117
13118
13119
13648
13119
13137
13649
13138
13650
13122
13124
13122
13125
13126
13127
13141
13124
13125
13126
13128
13679
13126
13144
13680
13129
13145
13681
13129
13129
13149
13686
13131
13132
13133
13135
13151
13133
13137
13689
13139
13153
13690
13136
13138
13136
13139
13140
13155
13138
13139
13140
13693
13140
13158
13694
13159
13695
13143
13145
13143
13146
13147
13148
13162
13145
13146
13147
13149
13725
13147
13165
13726
13150
13166
13727
13150
13150
13170
13732
13152
13153
13154
13156
13154
13158
13735
13160
13736
13157
13159
13157
13160
13161
13172
13159
13160
13161
13739
13161
13175
13740
13176
13741
13164
13166
13164
13167
13168
13169
13179
13166
13167
13168
13170
13788
13168
13182
13789
13171
13183
13790
13171
13171
13795
13174
13176
13174
13177
13178
13186
13176
13177
13178
13798
13178
13189
13799
13190
13800
13181
13183
13181
13184
13185
13193
13183
13184
13185
13830
13185
13196
13831
13197
13832
13188
13190
13188
13191
13192
13200
13190
13191
13192
13837
13192
13838
13202
13839
13195
13197
13195
13198
13199
13197
13198
13199
13844
13199
13205
13845
13846
13201
13202
13203
41796
13203
13851
41798
13852
41800
13206
41804
13206
41806
13855
41808
13209
13211
41797
13209
13212
13213
13221
13211
13212
41800
13213
13858
41801
13213
13859
13223
13860
13216
13218
41804
13216
13219
13220
13218
13219
41807
13220
13865
41808
13220
13226
13866
13867
13222
13223
13224
41810
13224
13872
41812
13873
41814
13227
41818
13227
41820
13876
41822
13229
13231
41811
13232
41824
13231
41814
13232
13879
41815
41826
13880
41828
13236
41818
13237
41832
13236
13237
41821
41834
13884
41822
13885
41836
13240
13242
41825
13240
13243
13244
13252
41838
13242
13243
41828
13244
13889
41829
41840
13244
13890
13253
13891
41842
13247
13249
41832
13247
13250
41846
13251
13249
13250
41835
41848
13251
13896
41836
13251
13264
13897
41850
13898
13253
13256
13903
13255
13257
41839
13258
41852
13257
41842
13258
13905
41843
41854
13906
41856
13262
41846
13263
41860
13262
13263
41849
41862
13264
13910
41850
13911
41864
13267
41853
13267
41856
13271
13916
41857
13270
13272
13270
13273
13274
41866
13272
13273
13274
13919
41868
13274
13920
13921
41870
13277
13279
13277
13280
41874
13281
13279
13280
41876
13281
13283
13926
13281
13927
41878
13928
13284
41860
13284
41863
13933
41864
13287
41867
13287
41870
13291
13936
41871
13290
13292
13290
13293
13294
13296
13292
13293
13294
13298
13939
13294
13940
13300
13941
13297
13299
13297
13300
13301
13303
13299
13300
13301
13305
13946
13301
13947
13307
13948
13304
13306
13304
13307
13308
13310
13347
13306
13307
13308
13312
13953
13308
13348
13954
13314
13349
13955
13311
13313
13311
13314
13315
13317
13350
13313
13314
13315
13319
13960
13315
13351
13961
13321
13352
13962
13318
13320
13318
13321
13322
13324
13353
13320
13321
13322
13326
13967
13322
13354
13968
13328
13355
13969
13325
13327
13325
13328
13329
13331
13356
13327
13328
13329
13333
13974
13329
13357
13975
13335
13358
13976
13332
13334
13332
13335
13336
13338
13334
13335
13336
13340
13981
13336
13982
13342
13983
13339
13341
13339
13342
13343
13341
13342
13343
13345
13988
13343
13989
13990
13346
41874
13346
41877
13995
41878
13349
13349
13351
13998
13352
13352
13354
14001
13355
13355
13357
14004
13358
13358
14007
13360
13361
13362
13363
13393
13362
13396
14010
13365
13397
14011
13364
13365
13366
13367
13400
13366
13403
14014
13369
13404
14015
13368
13369
13370
13371
13407
13370
13410
14018
13373
13411
14019
13372
13373
13374
13414
13374
13417
14022
13418
14023
13376
13377
13378
13380
41879
13378
14026
41882
13384
14027
41883
13381
13383
13381
13384
13385
13387
13383
13384
13385
13389
14030
13385
14031
13391
14032
13388
13390
13388
13391
13392
13394
13390
13391
13392
13396
14037
13392
14038
13398
14039
13395
13397
13395
13398
13399
13401
13397
13398
13399
13403
14044
13399
14045
13405
14046
13402
13404
13402
13405
13406
13408
13404
13405
13406
13410
14051
13406
14052
13412
14053
13409
13411
13409
13412
13413
13415
13411
13412
13413
13417
14058
13413
14059
13419
14060
13416
13418
13416
13419
13420
13422
13418
13419
13420
13424
14065
13420
14066
13426
14067
13423
13425
13423
13426
13427
13429
13425
13426
13427
13431
14072
13427
14073
13433
14074
13430
13432
13430
13433
13434
13435
13432
13433
13434
14079
13434
14080
13437
14081
13436
13437
13438
41886
13438
14086
41889
14087
41890
13440
13441
13442
13444
41893
13442
14090
41896
13448
14091
41897
13445
13447
13445
13448
13449
41880
13447
13448
13449
14094
41882
13449
14095
14096
41884
13452
13454
13452
13455
41888
13456
13457
13454
13455
41890
13456
14101
13456
14102
41892
13459
14103
13458
13459
13460
41900
13460
14108
41903
14109
41904
13462
13464
13476
13467
13480
14112
13465
13466
13465
13467
13468
41894
41907
13468
14114
41896
13468
14115
41910
14116
41898
41911
13470
13472
41902
13473
13474
41914
13472
41904
13473
14120
41906
41917
13475
14121
41918
13475
13486
14125
13478
13480
13478
13481
13482
41908
41921
13480
13481
13482
14127
41910
13482
14128
41924
14129
41912
41925
13485
13487
13485
13488
41916
13489
41928
13487
13488
41918
13489
14134
13489
14135
41920
41931
14136
41932
13492
13493
13492
13494
13495
41922
41935
13495
14141
41924
13495
14142
41938
14143
41926
41939
13497
13499
41930
13500
41942
13499
41932
13500
14147
41934
41945
14148
41946
13502
13503
13504
13508
41936
13504
14152
41938
13512
14153
41940
13507
41944
13507
41946
13518
14156
41948
13510
13512
13510
13513
13514
41949
13512
13513
13514
14159
13514
14160
41952
14161
41953
13517
13519
13517
13520
13521
41956
13519
13520
13521
14166
13521
14167
41959
14168
41960
13523
13524
13525
13529
41950
13525
14173
41952
13533
14174
41954
13528
41958
13528
41960
13539
14177
41962
13531
13533
13531
13534
13535
13543
13533
13534
13535
14180
13535
13546
14181
13547
14182
13538
13540
13538
13541
13542
13574
13540
13541
13542
14187
13542
13577
14188
13578
14189
13545
13547
13545
13548
13549
13585
13547
13548
13549
14194
13549
13588
14195
13589
14196
13552
13554
41267
13552
13555
41268
13556
13558
41269
13554
13555
13556
13559
14201
13556
13602
14202
13561
14203
13560
40983
41965
13561
40984
13560
13561
41968
13564
14208
41969
14209
13563
13565
40989
41972
13566
13568
40990
13565
41975
13566
13570
14213
41976
13572
14214
13569
13571
41274
13569
13572
41275
13573
13620
41276
13571
13572
13573
14218
13573
14219
13624
14220
13576
13578
13576
13579
13580
13634
13578
13579
13580
14225
13580
13637
14226
13638
14227
13582
13583
13584
13586
13644
13584
13588
14232
13590
13646
14233
13587
13589
13587
13590
13591
13648
13589
13590
13591
14236
13591
13651
14237
13652
14238
13594
13596
41281
13594
13597
41282
13598
13655
41283
13596
13597
13598
13602
14243
13598
13657
14244
13658
14245
13601
13603
40995
13601
13604
40996
13605
13607
13660
40997
13605
13609
14250
13605
13663
14251
13611
13664
14252
13608
13610
41288
13608
13611
41289
13612
13614
41290
13610
13611
13612
13616
14257
13612
14258
13618
14259
13615
13617
41295
13615
13618
41296
13619
13621
41297
13617
13618
13619
13623
14264
13619
14265
13625
14266
13624
41002
13622
13625
41003
13626
13667
41004
13625
13630
14271
13626
13670
14272
13671
14273
13629
13631
41302
13629
13632
41303
13633
13674
41304
13631
13632
13633
14278
13633
13676
14279
13677
14280
13636
13638
13636
13639
13640
13641
13679
13638
13639
13640
13642
14285
13640
13682
14286
13643
13683
14287
13643
13643
13687
14292
13645
13646
13647
13649
13689
13647
13651
14295
13653
13691
14296
13650
13652
13650
13653
13654
13693
13652
13653
13654
14299
13654
13696
14300
13697
14301
13658
41009
13659
41010
41979
13658
13659
41981
14306
13702
14307
41983
13662
13664
41309
13662
13665
41310
13666
13705
41311
13664
13665
13666
14311
13666
13708
14312
13709
14313
13669
13671
41316
13669
13672
41317
13673
13712
41318
13671
13672
13673
14318
13673
13715
14319
13716
14320
13675
13677
41015
13678
13719
41016
41985
13677
13678
14325
41987
13722
14326
41989
13681
13683
13681
13684
13685
13686
13725
13683
13684
13685
13687
14330
13685
13728
14331
13688
13729
14332
13688
13688
13733
14337
13690
13691
13692
13694
13735
13692
13696
14340
13698
13737
14341
13695
13697
13695
13698
13699
13739
13697
13698
13699
14344
13699
13742
14345
13743
14346
13701
13703
41021
41993
13704
13746
41022
13703
41995
13704
13749
14351
41997
13750
14352
13707
13709
41323
13707
13710
41324
13711
13753
41325
13709
13710
13711
14356
13711
13756
14357
13757
14358
13714
13716
41330
13714
13717
41331
13718
13774
41332
13716
13717
13718
14363
13718
13777
14364
13778
14365
13721
13722
41026
13721
13723
41027
13724
13781
41028
41999
13724
14370
42001
13724
13784
14371
13785
14372
42003
13727
13729
13727
13730
13731
13732
13788
13729
13730
13731
13733
14376
13731
13791
14377
13734
13792
14378
13734
13734
13796
14383
13736
13737
13738
13740
13738
13742
14386
13744
14387
13741
13743
13741
13744
13745
13798
13743
13744
13745
14390
13745
13801
14391
13802
14392
13748
13750
41337
13748
13751
41338
13752
13754
41339
13750
13751
13752
14397
13752
14398
13758
14399
13755
13757
41033
13758
41034
13759
13761
41035
13757
13759
13763
14404
13808
14405
13765
14406
13762
13764
41344
13762
13765
41345
13766
13768
41346
13764
13765
13766
13770
14411
13766
14412
13772
14413
13769
13771
41351
13769
13772
41352
13773
13775
41353
13771
13772
13773
13777
14418
13773
14419
13779
14420
13778
41040
13779
41041
13780
13782
13823
41042
13778
13779
14425
14426
13786
13827
14427
13783
13785
41358
13783
13786
41359
13787
41360
13785
13786
13787
14432
13787
14433
14434
13790
13792
13790
13793
13794
13795
13830
13792
13793
13794
13796
14439
13794
13833
14440
13797
13834
14441
13797
13797
14446
13800
13802
13800
13803
13804
13837
13802
13803
13804
14449
13804
13840
14450
13841
14451
13807
13809
41365
13807
13810
41366
13811
13812
41367
13809
13810
13811
13814
14456
13811
14457
13815
14458
13813
13815
41047
13816
13818
41048
42005
13815
13816
14463
42008
13821
14464
42009
13819
13820
41052
13819
13821
41053
13822
13824
41054
42012
13822
13826
14468
13822
14469
42015
13828
14470
42016
13825
13827
41372
13825
13828
41373
13829
41374
13827
13828
13829
14474
13829
14475
14476
13832
13834
13832
13835
13836
13844
13834
13835
13836
14481
13836
13847
14482
13848
14483
13839
13841
13839
13842
13843
13851
13841
13842
13843
14488
13843
14489
13853
14490
13846
13848
13846
13849
13850
13848
13849
13850
14495
13850
13856
14496
14497
13852
13853
13854
42020
13854
14502
42022
14503
42024
13857
42028
13857
42030
14506
42032
13860
13862
42021
13860
13863
13864
13872
13862
13863
42024
13864
14509
42025
13864
14510
13874
14511
13867
13869
42028
13867
13870
13871
13869
13870
42031
13871
14516
42032
13871
13877
14517
14518
13873
13874
13875
42034
13875
14523
42036
14524
42038
13878
42042
13878
42044
14527
42046
13880
13882
42035
13883
42048
13882
42038
13883
14530
42039
42050
14531
42052
13887
42042
13888
42056
13887
13888
42045
42058
14535
42046
14536
42060
13891
13893
42049
13891
13894
13895
13903
42062
13893
13894
42052
13895
14540
42053
42064
13895
14541
13904
14542
42066
13898
13900
42056
13898
13901
42070
13902
13900
13901
42059
42072
13902
14547
42060
13902
13915
14548
42074
14549
13904
13907
14554
13906
13908
42063
13909
42076
13908
42066
13909
14556
42067
42078
14557
42080
13913
42070
13914
42084
13913
13914
42073
42086
13915
14561
42074
14562
42088
13918
42077
13918
42080
13922
14567
42081
13921
13923
13921
13924
13925
42090
13923
13924
13925
14570
42092
13925
14571
14572
42094
13928
13930
13928
13931
42098
13932
13930
13931
42100
13932
13934
14577
13932
14578
42102
14579
13935
42084
13935
42087
14584
42088
13938
42091
13938
42094
13942
14587
42095
13941
13943
13941
13944
13945
13947
13943
13944
13945
13949
14590
13945
14591
13951
14592
13948
13950
13948
13951
13952
13954
13950
13951
13952
13956
14597
13952
14598
13958
14599
13955
13957
13955
13958
13959
13961
13998
13957
13958
13959
13963
14604
13959
13999
14605
13965
14000
14606
13962
13964
13962
13965
13966
13968
14001
13964
13965
13966
13970
14611
13966
14002
14612
13972
14003
14613
13969
13971
13969
13972
13973
13975
14004
13971
13972
13973
13977
14618
13973
14005
14619
13979
14006
14620
13976
13978
13976
13979
13980
13982
14007
13978
13979
13980
13984
14625
13980
14008
14626
13986
14009
14627
13983
13985
13983
13986
13987
13989
13985
13986
13987
13991
14632
13987
14633
13993
14634
13990
13992
13990
13993
13994
13992
13993
13994
13996
14639
13994
14640
14641
13997
42098
13997
42101
14646
42102
14000
14000
14002
14649
14003
14003
14005
14652
14006
14006
14008
14655
14009
14009
14658
14011
14012
14013
14014
14044
14013
14047
14661
14016
14048
14662
14015
14016
14017
14018
14051
14017
14054
14665
14020
14055
14666
14019
14020
14021
14022
14058
14021
14061
14669
14024
14062
14670
14023
14024
14025
14065
14025
14068
14673
14069
14674
14027
14028
14029
14031
42103
14029
14677
42106
14035
14678
42107
14032
14034
14032
14035
14036
14038
14034
14035
14036
14040
14681
14036
14682
14042
14683
14039
14041
14039
14042
14043
14045
14041
14042
14043
14047
14688
14043
14689
14049
14690
14046
14048
14046
14049
14050
14052
14048
14049
14050
14054
14695
14050
14696
14056
14697
14053
14055
14053
14056
14057
14059
14055
14056
14057
14061
14702
14057
14703
14063
14704
14060
14062
14060
14063
14064
14066
14062
14063
14064
14068
14709
14064
14710
14070
14711
14067
14069
14067
14070
14071
14073
14069
14070
14071
14075
14716
14071
14717
14077
14718
14074
14076
14074
14077
14078
14080
14076
14077
14078
14082
14723
14078
14724
14084
14725
14081
14083
14081
14084
14085
14086
14083
14084
14085
14730
14085
14731
14088
14732
14087
14088
14089
42110
14089
14737
42113
14738
42114
14091
14092
14093
14095
42117
14093
14741
42120
14099
14742
42121
14096
14098
14096
14099
14100
42104
14098
14099
14100
14745
42106
14100
14746
14747
42108
14103
14105
14103
14106
42112
14107
14108
14105
14106
42114
14107
14752
14107
14753
42116
14110
14754
14109
14110
14111
42124
14111
14759
42127
14760
42128
14113
14115
14127
14118
14131
14763
14116
14117
14116
14118
14119
42118
42131
14119
14765
42120
14119
14766
42134
14767
42122
42135
14121
14123
42126
14124
14125
42138
14123
42128
14124
14771
42130
42141
14126
14772
42142
14126
14137
14776
14129
14131
14129
14132
14133
42132
42145
14131
14132
14133
14778
42134
14133
14779
42148
14780
42136
42149
14136
14138
14136
14139
42140
14140
42152
14138
14139
42142
14140
14785
14140
14786
42144
42155
14787
42156
14143
14144
14143
14145
14146
42146
42159
14146
14792
42148
14146
14793
42162
14794
42150
42163
14148
14150
42154
14151
42166
14150
42156
14151
14798
42158
42169
14799
42170
14153
14154
14155
14159
42160
14155
14803
42162
14163
14804
42164
14158
42168
14158
42170
14169
14807
42172
14161
14163
14161
14164
14165
42173
14163
14164
14165
14810
14165
14811
42176
14812
42177
14168
14170
14168
14171
14172
42180
14170
14171
14172
14817
14172
14818
42183
14819
42184
14174
14175
14176
14180
42174
14176
14824
42176
14184
14825
42178
14179
42182
14179
42184
14190
14828
42186
14182
14184
14182
14185
14186
14194
14184
14185
14186
14831
14186
14197
14832
14198
14833
14189
14191
14189
14192
14193
14225
14191
14192
14193
14852
14193
14228
14853
14229
14854
14196
14198
14196
14199
14200
14236
14198
14199
14200
14859
14200
14239
14860
14240
14861
14203
14205
14203
14206
14207
14209
14205
14206
14207
14210
14866
14207
14253
14867
14212
14868
14211
42189
14212
14211
14212
42192
14215
14873
42193
14214
14216
42196
14217
14219
14216
42199
14217
14221
14879
42200
14223
14220
14222
14220
14223
14224
14271
14222
14223
14224
14885
14224
14886
14275
14887
14227
14229
14227
14230
14231
14285
14229
14230
14231
14892
14231
14288
14893
14289
14894
14233
14234
14235
14237
14295
14235
14239
14899
14241
14297
14900
14238
14240
14238
14241
14242
14299
14240
14241
14242
14903
14242
14302
14904
14303
14905
14245
14247
14245
14248
14249
14306
14247
14248
14249
14253
14910
14249
14308
14911
14309
14912
14252
14254
14252
14255
14256
14258
14311
14256
14260
14917
14256
14314
14918
14262
14315
14919
14259
14261
14259
14262
14263
14265
14261
14262
14263
14267
14924
14263
14925
14269
14926
14266
14268
14266
14269
14270
14272
14268
14269
14270
14274
14931
14270
14932
14276
14933
14275
14273
14276
14277
14318
14276
14281
14938
14277
14321
14939
14322
14940
14280
14282
14280
14283
14284
14325
14282
14283
14284
14945
14284
14327
14946
14328
14947
14287
14289
14287
14290
14291
14292
14330
14289
14290
14291
14293
14952
14291
14333
14953
14294
14334
14954
14294
14294
14338
14959
14296
14297
14298
14300
14340
14298
14302
14962
14304
14342
14963
14301
14303
14301
14304
14305
14344
14303
14304
14305
14966
14305
14347
14967
14348
14968
14309
14310
42203
14309
14310
42205
14353
14980
42207
14313
14315
14313
14316
14317
14356
14315
14316
14317
14986
14317
14359
14987
14360
14988
14320
14322
14320
14323
14324
14363
14322
14323
14324
14993
14324
14366
14994
14367
14995
14326
14328
14329
14370
42209
14328
14329
15000
42211
14373
15002
42213
14332
14334
14332
14335
14336
14337
14376
14334
14335
14336
14338
15014
14336
14379
15015
14339
14380
15016
14339
14339
14384
15021
14341
14342
14343
14345
14386
14343
14347
15024
14349
14388
15025
14346
14348
14346
14349
14350
14390
14348
14349
14350
15028
14350
14393
15029
14394
15030
14352
14354
42217
14355
14397
14354
42219
14355
14400
15043
42221
14401
14358
14360
14358
14361
14362
14404
14360
14361
14362
15048
14362
14407
15049
14408
15050
14365
14367
14365
14368
14369
14425
14367
14368
14369
15055
14369
14428
15056
14429
15057
14372
14373
14372
14374
14375
14432
42223
14375
15062
42225
14375
14435
14436
15063
42227
14378
14380
14378
14381
14382
14383
14439
14380
14381
14382
14384
15075
14382
14442
15076
14385
14443
15077
14385
14385
14447
15082
14387
14388
14389
14391
14389
14393
15085
14395
15086
14392
14394
14392
14395
14396
14449
14394
14395
14396
15089
14396
14452
15090
14453
15091
14399
14401
14399
14402
14403
14405
14401
14402
14403
15096
14403
15097
14409
15098
14406
14408
14409
14410
14412
14408
14410
14414
15103
14459
15104
14416
15105
14413
14415
14413
14416
14417
14419
14415
14416
14417
14421
15110
14417
15111
14423
15112
14420
14422
14420
14423
14424
14426
14422
14423
14424
14428
15117
14424
15118
14430
15119
14429
14430
14431
14433
14474
14429
14430
15124
15125
14437
14478
15126
14434
14436
14434
14437
14438
14436
14437
14438
15131
14438
15132
15133
14441
14443
14441
14444
14445
14446
14481
14443
14444
14445
14447
15138
14445
14484
15139
14448
14485
15140
14448
14448
15145
14451
14453
14451
14454
14455
14488
14453
14454
14455
15148
14455
14491
15149
14492
15150
14458
14460
14458
14461
14462
14463
14460
14461
14462
14465
15155
14462
15156
14466
15157
14464
14466
14467
14469
42229
14466
14467
15163
42232
14472
15164
42233
14470
14471
14470
14472
14473
14475
42236
14473
14477
14473
15169
42239
14479
15170
42240
14476
14478
14476
14479
14480
14478
14479
14480
15175
14480
15176
15177
14483
14485
14483
14486
14487
14495
14485
14486
14487
15182
14487
14498
15183
14499
15184
14490
14492
14490
14493
14494
14502
14492
14493
14494
15189
14494
15190
14504
15191
14497
14499
14497
14500
14501
14499
14500
14501
15210
14501
14507
15211
15212
14503
14504
14505
42244
14505
15217
42246
15218
42248
14508
42252
14508
42254
15221
42256
14511
14513
42245
14511
14514
14515
14523
14513
14514
42248
14515
15224
42249
14515
15225
14525
15226
14518
14520
42252
14518
14521
14522
14520
14521
42255
14522
15231
42256
14522
14528
15232
15233
14524
14525
14526
42258
14526
15238
42260
15239
42262
14529
42266
14529
42268
15242
42270
14531
14533
42259
14534
42272
14533
42262
14534
15245
42263
42274
15246
42276
14538
42266
14539
42280
14538
14539
42269
42282
15250
42270
15251
42284
14542
14544
42273
14542
14545
14546
14554
42286
14544
14545
42276
14546
15255
42277
42288
14546
15256
14555
15257
42290
14549
14551
42280
14549
14552
42294
14553
14551
14552
42283
42296
14553
15262
42284
14553
14566
15263
42298
15264
14555
14558
15269
14557
14559
42287
14560
42300
14559
42290
14560
15271
42291
42302
15272
42304
14564
42294
14565
42308
14564
14565
42297
42310
14566
15276
42298
15277
42312
14569
42301
14569
42304
14573
15282
42305
14572
14574
14572
14575
14576
42314
14574
14575
14576
15285
42316
14576
15286
15287
42318
14579
14581
14579
14582
42322
14583
14581
14582
42324
14583
14585
15292
14583
15293
42326
15294
14586
42308
14586
42311
15299
42312
14589
42315
14589
42318
14593
15302
42319
14592
14594
14592
14595
14596
14598
14594
14595
14596
14600
15305
14596
15306
14602
15307
14599
14601
14599
14602
14603
14605
14601
14602
14603
14607
15312
14603
15313
14609
15314
14606
14608
14606
14609
14610
14612
14649
14608
14609
14610
14614
15319
14610
14650
15320
14616
14651
15321
14613
14615
14613
14616
14617
14619
14652
14615
14616
14617
14621
15326
14617
14653
15327
14623
14654
15328
14620
14622
14620
14623
14624
14626
14655
14622
14623
14624
14628
15333
14624
14656
15334
14630
14657
15335
14627
14629
14627
14630
14631
14633
14658
14629
14630
14631
14635
15340
14631
14659
15341
14637
14660
15342
14634
14636
14634
14637
14638
14640
14636
14637
14638
14642
15347
14638
15348
14644
15349
14641
14643
14641
14644
14645
14643
14644
14645
14647
15354
14645
15355
15356
14648
42322
14648
42325
15361
42326
14651
14651
14653
15364
14654
14654
14656
15367
14657
14657
14659
15370
14660
14660
15373
14662
14663
14664
14665
14695
14664
14698
15376
14667
14699
15377
14666
14667
14668
14669
14702
14668
14705
15380
14671
14706
15381
14670
14671
14672
14673
14709
14672
14712
15384
14675
14713
15385
14674
14675
14676
14716
14676
14719
15388
14720
15389
14678
14679
14680
14682
42327
14680
15392
42330
14686
15393
42331
14683
14685
14683
14686
14687
14689
14685
14686
14687
14691
15396
14687
15397
14693
15398
14690
14692
14690
14693
14694
14696
14692
14693
14694
14698
15403
14694
15404
14700
15405
14697
14699
14697
14700
14701
14703
14699
14700
14701
14705
15410
14701
15411
14707
15412
14704
14706
14704
14707
14708
14710
14706
14707
14708
14712
15417
14708
15418
14714
15419
14711
14713
14711
14714
14715
14717
14713
14714
14715
14719
15424
14715
15425
14721
15426
14718
14720
14718
14721
14722
14724
14720
14721
14722
14726
15431
14722
15432
14728
15433
14725
14727
14725
14728
14729
14731
14727
14728
14729
14733
15438
14729
15439
14735
15440
14732
14734
14732
14735
14736
14737
14734
14735
14736
15445
14736
15446
14739
15447
14738
14739
14740
42334
14740
15452
42337
15453
42338
14742
14743
14744
14746
42341
14744
15456
42344
14750
15457
42345
14747
14749
14747
14750
14751
42328
14749
14750
14751
15460
42330
14751
15461
15462
42332
14754
14756
14754
14757
42336
14758
14759
14756
14757
42338
14758
15467
14758
15468
42340
14761
15469
14760
14761
14762
42348
14762
15474
42351
15475
42352
14764
14766
14778
14769
14782
15478
14767
14768
14767
14769
14770
42342
42355
14770
15480
42344
14770
15481
42358
15482
42346
42359
14772
14774
42350
14775
14776
42362
14774
42352
14775
15486
42354
42365
14777
15487
42366
14777
14788
15491
14780
14782
14780
14783
14784
42356
42369
14782
14783
14784
15493
42358
14784
15494
42372
15495
42360
42373
14787
14789
14787
14790
42364
14791
42376
14789
14790
42366
14791
15500
14791
15501
42368
42379
15502
42380
14794
14795
14794
14796
14797
42370
42383
14797
15507
42372
14797
15508
42386
15509
42374
42387
14799
14801
42378
14802
42390
14801
42380
14802
15513
42382
42393
15514
42394
14804
14805
14806
14810
42384
14806
15518
42386
14814
15519
42388
14809
42392
14809
42394
14820
15522
42396
14812
14814
14812
14815
14816
42397
14814
14815
14816
15525
14816
15526
42400
15527
42401
14819
14821
14819
14822
14823
42404
14821
14822
14823
15532
14823
15533
42407
15534
42408
14825
14826
14827
14831
42398
14827
15539
42400
14835
15540
42402
14830
42406
14830
42408
14855
15543
42410
14833
14835
14833
14836
14837
14859
14835
14836
14837
15546
14837
14862
15547
14863
15548
14840
14842
42191
14840
14843
42192
42413
14844
14846
14873
42193
14842
14843
42415
14844
14848
15560
14844
14875
15561
42417
14850
14876
15562
14847
14849
42198
14847
14850
42199
14851
14879
42200
42419
14849
14850
14851
15566
42421
14851
14881
15567
14882
15568
42423
14854
14856
14854
14857
14858
14892
14856
14857
14858
15579
14858
14895
15580
14896
15581
14861
14863
14861
14864
14865
14903
14863
14864
14865
15586
14865
14906
15587
14907
15588
14868
14870
42413
14868
14871
42427
14870
14871
42416
42429
14875
42417
42431
14877
14921
15600
14876
14878
14880
14924
14876
14881
14878
14927
15605
14883
14928
15606
14882
14883
14882
14888
14884
14934
15612
14890
14935
15613
14887
14889
42420
14887
14891
14938
42433
14889
42423
14891
15618
42424
42435
14941
15619
42437
14894
14896
14894
14897
14898
14952
14896
14897
14898
15630
14898
14955
15631
14956
15632
14900
14901
14902
14904
14962
14902
14906
15637
14908
14964
15638
14905
14907
14905
14908
14909
14966
14907
14908
14909
15641
14909
14969
15642
14970
15643
14912
14914
42427
14912
14915
42441
14914
14915
42430
42443
42431
14982
42445
14922
14983
15656
14919
14921
14919
14922
14923
14925
14986
14921
14922
14923
14927
42705
14923
14989
42706
14929
14990
42707
14926
14928
14926
14929
14930
14932
14928
14929
14930
14934
14930
14936
14933
14935
14933
14936
14937
14939
14935
14936
14937
14941
14937
14943
14940
14943
14944
14993
14942
14943
14944
42712
14944
14996
42713
14950
14997
42714
14947
14949
42434
14947
14951
15000
42447
14949
42437
14951
15660
42438
42449
15003
15661
15004
42451
14954
14956
14954
14957
14958
14959
15014
14956
14957
14958
14960
15672
14958
15017
15673
14961
15018
15674
14961
14961
15022
15679
14963
14964
14965
14967
15024
14965
14969
15682
14971
15026
15683
14968
14970
14968
14971
14972
15028
14970
14971
14972
15686
14972
15031
15687
15032
15688
14975
14977
42205
42441
14975
14978
42206
14979
14980
15035
42207
14977
14978
42444
14979
14982
15693
42445
14979
15038
15694
14984
15039
15695
14984
14985
14987
15042
14984
14985
14989
15699
15044
14991
15045
15701
14988
14990
14988
14991
14992
15048
14990
14991
14992
14992
15051
15052
14995
14997
14995
14998
14999
15001
15055
14997
14998
14999
15003
14999
15058
15005
15059
15002
15004
15005
15006
15008
15062
15005
15006
15010
15064
15707
15012
15065
15009
15011
42212
42448
15009
15012
42213
15013
15068
42214
15011
15012
42451
15013
15713
42452
15013
15071
15714
15072
15715
15016
15018
15016
15019
15020
15021
15075
15018
15019
15020
15022
15719
15020
15078
15720
15023
15079
15721
15023
15023
15083
15726
15025
15026
15027
15029
15085
15027
15031
15729
15033
15087
15730
15030
15032
15030
15033
15034
15089
15032
15033
15034
15733
15034
15092
15734
15093
15735
15037
15039
42219
15037
15040
42220
15041
15043
42221
42453
15039
15040
15041
15044
15740
15041
15741
42456
15046
15742
42457
15045
15046
15046
15047
15051
15746
15099
15053
15100
15748
15050
15052
15050
15053
15054
15103
15052
15053
15054
15054
15106
15107
15057
15059
15057
15060
15061
15124
15059
15060
15061
15064
15061
15127
15066
15128
15063
15065
15067
15069
15131
15066
15067
15071
15134
15754
15073
15135
15070
15072
42226
15070
15073
42227
15074
42228
42460
15072
15073
15074
15760
15074
15761
42463
15762
42464
15077
15079
15077
15080
15081
15082
15138
15079
15080
15081
15083
15766
15081
15141
15767
15084
15142
15768
15084
15084
15146
15773
15086
15087
15088
15090
15088
15092
15776
15094
15777
15091
15093
15091
15094
15095
15148
15093
15094
15095
15780
15095
15151
15781
15152
15782
15098
15098
15101
42455
15102
15104
42467
15101
42457
15106
15794
15102
15795
42459
42470
42471
15105
15107
15109
15111
15107
15108
15109
15113
42747
15109
42748
15115
15159
42749
15112
15114
15112
15115
15116
15118
15162
15114
15115
15116
15120
15116
15165
15122
15166
15119
15121
15119
15122
15123
15125
15121
15122
15123
15127
15123
15171
15129
15172
15128
15129
15132
15175
15128
15129
15130
15134
42754
15130
15178
42755
42756
15133
15135
15133
15136
15137
42461
42474
15137
42463
15137
42477
15801
42465
42478
15140
15142
15140
15143
15144
15145
15182
15142
15143
15144
15146
15812
15144
15185
15813
15147
15186
15814
15147
15147
15819
15150
15152
15150
15153
15154
15189
15152
15153
15154
15822
15154
15192
15823
15193
15824
15157
15157
15160
42469
15161
15163
42481
15160
42471
15165
15835
15161
15836
42473
42484
15167
42485
15166
15164
15167
15168
15169
15196
15166
15171
15840
15168
15199
15173
15200
15170
15173
15174
15176
15203
15172
15178
15847
15174
15206
15180
15207
15177
15179
15177
15180
15181
42475
42488
15181
42477
15181
42491
15855
42479
42492
15184
15186
15184
15187
15188
15210
15186
15187
15188
15865
15188
15213
15866
15214
15867
15191
15193
15191
15194
15195
15217
15193
15194
15195
15872
15195
15873
15219
15874
15198
15200
42233
15198
15201
42234
42483
15202
15204
42235
15200
15201
42485
15202
15206
15886
15202
15887
42487
15208
15888
15205
15207
42240
15205
15208
42241
15209
42242
42489
15207
15208
15209
15892
42491
15209
15893
15894
42493
15212
15214
15212
15215
15216
15214
15215
15216
15905
15216
15222
15906
15907
15218
15219
15220
42496
15220
15912
42498
15913
42500
15223
42504
15223
42506
15916
42508
15226
15228
42497
15226
15229
15230
15238
15228
15229
42500
15230
15919
42501
15230
15920
15240
15921
15233
15235
42504
15233
15236
15237
15235
15236
42507
15237
15926
42508
15237
15243
15927
15928
15239
15240
15241
42510
15241
15933
42512
15934
42514
15244
42518
15244
42520
15937
42522
15246
15248
42511
15249
42524
15248
42514
15249
15940
42515
42526
15941
42528
15253
42518
15254
42532
15253
15254
42521
42534
15945
42522
15946
42536
15257
15259
42525
15257
15260
15261
15269
42538
15259
15260
42528
15261
15950
42529
42540
15261
15951
15270
15952
42542
15264
15266
42532
15264
15267
42546
15268
15266
15267
42535
42548
15268
15957
42536
15268
15281
15958
42550
15959
15270
15273
15964
15272
15274
42539
15275
42552
15274
42542
15275
15966
42543
42554
15967
42556
15279
42546
15280
42560
15279
15280
42549
42562
15281
15971
42550
15972
42564
15284
42553
15284
42556
15288
15977
42557
15287
15289
15287
15290
15291
42566
15289
15290
15291
15980
42568
15291
15981
15982
42570
15294
15296
15294
15297
42574
15298
15296
15297
42576
15298
15300
15987
15298
15988
42578
15989
15301
42560
15301
42563
15994
42564
15304
42567
15304
42570
15308
15997
42571
15307
15309
15307
15310
15311
15313
15309
15310
15311
15315
16000
15311
16001
15317
16002
15314
15316
15314
15317
15318
15320
15316
15317
15318
15322
16007
15318
16008
15324
16009
15321
15323
15321
15324
15325
15327
15364
15323
15324
15325
15329
16014
15325
15365
16015
15331
15366
16016
15328
15330
15328
15331
15332
15334
15367
15330
15331
15332
15336
16021
15332
15368
16022
15338
15369
16023
15335
15337
15335
15338
15339
15341
15370
15337
15338
15339
15343
16028
15339
15371
16029
15345
15372
16030
15342
15344
15342
15345
15346
15348
15373
15344
15345
15346
15350
16035
15346
15374
16036
15352
15375
16037
15349
15351
15349
15352
15353
15355
15351
15352
15353
15357
16042
15353
16043
15359
16044
15356
15358
15356
15359
15360
15358
15359
15360
15362
16049
15360
16050
16051
15363
42574
15363
42577
16056
42578
15366
15366
15368
16059
15369
15369
15371
16062
15372
15372
15374
16065
15375
15375
16068
15377
15378
15379
15380
15410
15379
15413
16071
15382
15414
16072
15381
15382
15383
15384
15417
15383
15420
16075
15386
15421
16076
15385
15386
15387
15388
15424
15387
15427
16079
15390
15428
16080
15389
15390
15391
15431
15391
15434
16083
15435
16084
15393
15394
15395
15397
42579
15395
16087
42582
15401
16088
42583
15398
15400
15398
15401
15402
15404
15400
15401
15402
15406
16091
15402
16092
15408
16093
15405
15407
15405
15408
15409
15411
15407
15408
15409
15413
16098
15409
16099
15415
16100
15412
15414
15412
15415
15416
15418
15414
15415
15416
15420
16105
15416
16106
15422
16107
15419
15421
15419
15422
15423
15425
15421
15422
15423
15427
16112
15423
16113
15429
16114
15426
15428
15426
15429
15430
15432
15428
15429
15430
15434
16119
15430
16120
15436
16121
15433
15435
15433
15436
15437
15439
15435
15436
15437
15441
16126
15437
16127
15443
16128
15440
15442
15440
15443
15444
15446
15442
15443
15444
15448
16133
15444
16134
15450
16135
15447
15449
15447
15450
15451
15452
15449
15450
15451
16140
15451
16141
15454
16142
15453
15454
15455
42586
15455
16147
42589
16148
42590
15457
15458
15459
15461
42593
15459
16151
42596
15465
16152
42597
15462
15464
15462
15465
15466
42580
15464
15465
15466
16155
42582
15466
16156
16157
42584
15469
15471
15469
15472
42588
15473
15474
15471
15472
42590
15473
16162
15473
16163
42592
15476
16164
15475
15476
15477
42600
15477
16169
42603
16170
42604
15479
15481
15493
15484
15497
16173
15482
15483
15482
15484
15485
42594
42607
15485
16175
42596
15485
16176
42610
16177
42598
42611
15487
15489
42602
15490
15491
42614
15489
42604
15490
16181
42606
42617
15492
16182
42618
15492
15503
16186
15495
15497
15495
15498
15499
42608
42621
15497
15498
15499
16188
42610
15499
16189
42624
16190
42612
42625
15502
15504
15502
15505
42616
15506
42628
15504
15505
42618
15506
16195
15506
16196
42620
42631
16197
42632
15509
15510
15509
15511
15512
42622
42635
15512
16202
42624
15512
16203
42638
16204
42626
42639
15514
15516
42630
15517
42642
15516
42632
15517
16208
42634
42645
16209
42646
15519
15520
15521
15525
42636
15521
16213
42638
15529
16214
42640
15524
42644
15524
42646
15535
16217
42648
15527
15529
15527
15530
15531
42649
15529
15530
15531
16220
15531
16221
42652
16222
42653
15534
15536
15534
15537
15538
42670
15536
15537
15538
16227
15538
16228
42673
16229
42674
15540
15541
15542
15546
42650
15542
16234
42652
15550
16235
42654
15545
42672
15545
42674
15582
16252
42676
15548
15550
15548
15551
15552
15586
15550
15551
15552
16255
15552
15589
16256
15590
16257
15555
15557
42415
15555
15558
42416
42679
15559
15561
42417
15557
15558
42681
15559
15563
16269
15559
16270
42683
15565
15562
15564
42658
15562
15565
15567
15564
15565
42661
15569
16275
42662
15568
15570
42665
15568
15571
15573
15570
42668
15571
15575
16280
42669
15577
15574
15576
42422
15574
15577
42423
15578
15618
42424
42685
15576
15577
15578
16285
42687
15578
16286
42689
15581
15583
15581
15584
15585
15630
15583
15584
15585
16298
15585
15633
16299
15634
16300
15588
15590
15588
15591
15592
15641
15590
15591
15592
16305
15592
15644
16306
15645
16307
15595
15597
42429
42679
15595
15598
42430
42693
42431
15597
15598
42682
42695
42683
42697
15600
15602
15603
15605
42705
15603
15607
16323
15603
16324
42708
15609
16325
42709
15606
15608
15606
15609
15610
15612
15608
15609
15610
15614
42999
15610
43000
15616
43001
15613
15615
15613
15616
15617
15619
15615
15616
15617
15621
43006
15617
43007
15622
43008
15620
15622
15623
42712
15622
15623
16331
42715
16332
42716
15626
15628
42436
42686
15626
42437
15629
15660
42438
42699
15628
42689
15629
16337
42690
42701
42703
15632
15634
15632
15635
15636
15672
15634
15635
15636
16349
15636
15675
16350
15676
16351
15638
15639
15640
15642
15682
15640
15644
16356
15646
15684
16357
15643
15645
15643
15646
15647
15686
15645
15646
15647
16360
15647
15689
16361
15690
16362
15650
15652
42443
42693
15650
15653
42444
15654
15693
42445
15652
15653
42696
15654
16367
42697
15654
15696
16368
15697
15656
15657
15659
15699
42706
15659
16373
42708
15659
15702
16374
15703
16375
42710
15663
42714
15663
42716
15664
15709
16381
42718
15710
16382
15667
15669
42450
42700
15667
15670
42451
15671
15713
42452
15669
15670
42703
15671
16387
42704
15671
15716
15717
16388
15674
15676
15674
15677
15678
15679
15719
15676
15677
15678
15680
16393
15678
15722
16394
15681
15723
16395
15681
15681
15727
16400
15683
15684
15685
15687
15729
15685
15689
16403
15691
15731
16404
15688
15690
15688
15691
15692
15733
15690
15691
15692
16407
15692
15736
16408
15737
16409
15695
15697
15695
15698
42721
15740
15697
15698
42723
15743
16422
42725
15701
15703
15701
15704
15705
15746
15703
15704
15705
43027
15705
15749
43028
15750
43029
15708
15710
15708
15711
15712
15753
15710
15711
15712
43034
15712
15756
43035
15757
43036
15715
15717
15715
15718
15760
42727
15717
15718
16426
42729
15763
16428
42731
15721
15723
15721
15724
15725
15726
15766
15723
15724
15725
15727
16438
15725
15769
16439
15728
15770
16440
15728
15728
15774
16445
15730
15731
15732
15734
15776
15732
15736
16448
15738
15778
16449
15735
15737
15735
15738
15739
15780
15737
15738
15739
16452
15739
15783
16453
15784
16454
15742
15742
15744
42735
15745
15787
15744
42737
15745
15790
16467
42739
15791
15748
15750
15748
15751
15752
15794
15750
15751
15752
43041
15752
15797
43042
15798
43043
15755
15757
15755
15758
15759
15757
15758
15759
43048
15759
15802
43049
15803
43050
15762
15763
15762
15764
15765
15805
42741
15765
16471
42743
15765
15808
15809
16473
42745
15768
15770
15768
15771
15772
15773
15812
15770
15771
15772
15774
16483
15772
15815
16484
15775
15816
16485
15775
15775
15820
16490
15777
15778
15779
15781
15779
15783
16493
15785
16494
15782
15784
15782
15785
15786
15822
15784
15785
15786
16497
15786
15825
16498
15826
16499
15789
15791
42457
15789
15792
42458
15793
15795
42459
42761
15791
15792
15793
15793
16504
42764
16505
42765
15796
15798
15799
42748
15798
15799
16510
42750
16512
42752
15804
42756
15806
15859
15803
15804
42758
16517
16518
42760
15807
15809
42464
15807
15810
42465
15811
42466
42768
15809
15810
15811
16524
15811
16525
42771
16526
42772
15814
15816
15814
15817
15818
15819
15865
15816
15817
15818
15820
16531
15818
15868
16532
15821
15869
16533
15821
15821
16538
15824
15826
15824
15827
15828
15872
15826
15827
15828
16541
15828
15875
16542
15876
16543
15831
42471
15831
15833
42472
42763
15834
15836
42473
42775
15833
42765
15834
16556
42767
42778
42779
15838
42749
15838
42752
15839
15843
16560
42753
15845
16562
15842
15844
15842
15845
15846
15848
15844
15845
15846
15850
43069
15846
43070
15852
43071
15849
15851
15849
15852
15853
15851
15852
15853
15856
43076
15853
43077
15858
43078
15857
42756
15860
15898
15857
15858
42759
16567
42760
16568
15861
15862
42478
15861
15863
42479
15864
42480
42769
42782
15864
42771
15864
42785
16574
42773
42786
15867
15869
15867
15870
15871
15905
15869
15870
15871
16585
15871
15908
16586
15909
16587
15874
15876
15874
15877
15878
15912
15876
15877
15878
16592
15878
16593
15914
16594
15881
15883
42485
15881
15884
42486
42777
15885
15887
42487
15883
15884
42779
15885
15889
15885
16606
42781
15890
16607
15888
15888
15890
15891
15893
42796
15890
15891
16613
42799
15896
16614
42800
15894
15895
15894
15896
15897
15899
42803
15897
15901
15897
16618
42806
15903
16619
42807
15900
15902
42492
15900
15903
42493
15904
42494
42783
15902
15903
15904
16622
42785
15904
16623
16624
42787
15907
15909
15907
15910
15911
15909
15910
15911
16636
15911
15917
16637
16638
15913
15914
15915
42790
15915
16643
42792
16644
42794
15918
42812
15918
42814
16661
42816
15921
15923
42791
15921
15924
15925
15933
15923
15924
42794
15925
16664
42795
15925
16665
15935
16666
15928
15930
42812
15928
15931
15932
15930
15931
42815
15932
16671
42816
15932
15938
16672
16673
15934
15935
15936
42818
15936
16678
42820
16679
42822
15939
42826
15939
42828
16682
42830
15941
15943
42819
15944
42832
15943
42822
15944
16685
42823
42834
16686
42836
15948
42826
15949
42840
15948
15949
42829
42842
16690
42830
16691
42844
15952
15954
42833
15952
15955
15956
15964
42846
15954
15955
42836
15956
16695
42837
42848
15956
16696
15965
16697
42850
15959
15961
42840
15959
15962
42854
15963
15961
15962
42843
42856
15963
16702
42844
15963
15976
16703
42858
16704
15965
15968
16709
15967
15969
42847
15970
42860
15969
42850
15970
16711
42851
42862
16712
42864
15974
42854
15975
42868
15974
15975
42857
42870
15976
16716
42858
16717
42872
15979
42861
15979
42864
15983
16722
42865
15982
15984
15982
15985
15986
42874
15984
15985
15986
16725
42876
15986
16726
16727
42878
15989
15991
15989
15992
42882
15993
15991
15992
42884
15993
15995
16732
15993
16733
42886
16734
15996
42868
15996
42871
16739
42872
15999
42875
15999
42878
16003
16742
42879
16002
16004
16002
16005
16006
16008
16004
16005
16006
16010
16745
16006
16746
16012
16747
16009
16011
16009
16012
16013
16015
16011
16012
16013
16017
16752
16013
16753
16019
16754
16016
16018
16016
16019
16020
16022
16059
16018
16019
16020
16024
16759
16020
16060
16760
16026
16061
16761
16023
16025
16023
16026
16027
16029
16062
16025
16026
16027
16031
16766
16027
16063
16767
16033
16064
16768
16030
16032
16030
16033
16034
16036
16065
16032
16033
16034
16038
16773
16034
16066
16774
16040
16067
16775
16037
16039
16037
16040
16041
16043
16068
16039
16040
16041
16045
16780
16041
16069
16781
16047
16070
16782
16044
16046
16044
16047
16048
16050
16046
16047
16048
16052
16787
16048
16788
16054
16789
16051
16053
16051
16054
16055
16053
16054
16055
16057
16794
16055
16795
16796
16058
42882
16058
42885
16801
42886
16061
16061
16063
16804
16064
16064
16066
16807
16067
16067
16069
16810
16070
16070
16813
16072
16073
16074
16075
16105
16074
16108
16816
16077
16109
16817
16076
16077
16078
16079
16112
16078
16115
16820
16081
16116
16821
16080
16081
16082
16083
16119
16082
16122
16824
16085
16123
16825
16084
16085
16086
16126
16086
16129
16828
16130
16829
16088
16089
16090
16092
42887
16090
16832
42890
16096
16833
42891
16093
16095
16093
16096
16097
16099
16095
16096
16097
16101
16836
16097
16837
16103
16838
16100
16102
16100
16103
16104
16106
16102
16103
16104
16108
16843
16104
16844
16110
16845
16107
16109
16107
16110
16111
16113
16109
16110
16111
16115
16850
16111
16851
16117
16852
16114
16116
16114
16117
16118
16120
16116
16117
16118
16122
16857
16118
16858
16124
16859
16121
16123
16121
16124
16125
16127
16123
16124
16125
16129
16864
16125
16865
16131
16866
16128
16130
16128
16131
16132
16134
16130
16131
16132
16136
16871
16132
16872
16138
16873
16135
16137
16135
16138
16139
16141
16137
16138
16139
16143
16878
16139
16879
16145
16880
16142
16144
16142
16145
16146
16147
16144
16145
16146
16885
16146
16886
16149
16887
16148
16149
16150
42894
16150
16892
42897
16893
42898
16152
16153
16154
16156
42901
16154
16896
42904
16160
16897
42905
16157
16159
16157
16160
16161
42888
16159
16160
16161
16900
42890
16161
16901
16902
42892
16164
16166
16164
16167
42896
16168
16169
16166
16167
42898
16168
16907
16168
16908
42900
16171
16909
16170
16171
16172
42908
16172
16914
42911
16915
42912
16174
16176
16188
16179
16192
16918
16177
16178
16177
16179
16180
42902
42915
16180
16920
42904
16180
16921
42918
16922
42906
42919
16182
16184
42910
16185
16186
42922
16184
42912
16185
16926
42914
42925
16187
16927
42926
16187
16198
16931
16190
16192
16190
16193
16194
42916
42929
16192
16193
16194
16933
42918
16194
16934
42932
16935
42920
42933
16197
16199
16197
16200
42924
16201
42936
16199
16200
42926
16201
16940
16201
16941
42928
42939
16942
42940
16204
16205
16204
16206
16207
42930
42943
16207
16947
42932
16207
16948
42946
16949
42934
42947
16209
16211
42938
16212
42950
16211
42940
16212
16953
42942
42953
16954
42954
16214
16215
16216
16220
42944
16216
16958
42946
16224
16959
42948
16219
42952
16219
42954
16230
16962
42956
16222
16224
16222
16225
16226
42957
16224
16225
16226
16965
16226
16966
42960
16967
42961
16229
16231
16229
16232
16233
42978
16231
16232
16233
16972
16233
16973
42981
16974
42982
16235
16236
16237
16255
42958
16237
16979
42960
16259
16980
42962
16240
16242
42660
16240
16243
42661
42966
16244
16246
16275
42662
16242
16243
42968
16244
16248
16996
16244
16997
42970
16250
16998
16247
16249
42667
16247
16250
42668
16251
16280
42669
42972
16249
16250
16251
17002
42974
16251
17003
17004
42976
16254
42980
16254
42982
16301
17021
42984
16257
16259
16257
16260
16261
16305
16259
16260
16261
17024
16261
16308
17025
16309
17026
16264
16266
42681
16264
16267
42682
42987
16268
16270
42683
16266
16267
42989
16268
16271
17038
16268
17039
42991
16272
42966
16272
42969
42970
16274
16326
17045
16278
16327
17046
16277
16278
16279
16281
42999
16279
17052
43002
16283
17053
43003
16282
16283
16284
43006
16284
17059
43009
16289
17060
43010
16286
16288
42973
16292
16288
42976
16294
42977
16290
16333
17065
16334
17066
16293
16295
42688
16293
16296
42689
16297
16337
42690
42993
16295
16296
16297
17071
42995
16297
17073
42997
16300
16302
16300
16303
16304
16349
16302
16303
16304
17084
16304
16352
17085
16353
17086
16307
16309
16307
16310
16311
16360
16309
16310
16311
17091
16311
16363
17092
16364
17093
16314
16316
42695
42987
16314
16317
42696
16318
16367
42697
16316
16317
42990
16318
17105
42991
16318
16369
17106
16322
16324
16373
16322
16326
17111
16322
16376
17112
16328
16377
17113
16325
16327
16325
16328
16329
43000
16327
16328
16329
43002
43307
16329
43308
43004
43309
16332
16334
16332
16335
43008
16336
16338
16334
16335
43010
16336
16339
43314
16336
43012
43315
16340
43316
16340
16340
16341
16383
17119
16384
17120
16344
16346
42702
42994
16344
16347
42703
16348
16387
42704
16346
16347
42997
16348
17125
42998
16348
16390
17127
16351
16353
16351
16354
16355
16393
16353
16354
16355
17138
16355
16396
17139
16397
17140
16357
16358
16359
16361
16403
16359
16363
17145
16365
16405
17146
16362
16364
16362
16365
16366
16407
16364
16365
16366
17149
16366
16410
17150
16411
17151
16371
43015
16371
43017
16372
16376
17162
43019
16378
16424
17164
16375
16377
16375
16378
16379
43027
16377
16378
16379
43328
16379
43030
43329
43031
43330
16382
16384
16382
16385
16386
43034
16384
16385
16386
16389
43335
16386
43037
43336
16391
43038
43337
16388
16390
16392
16426
43021
16391
16392
43023
16429
17169
43025
16395
16397
16395
16398
16399
16400
16438
16397
16398
16399
16401
17181
16399
16441
17182
16402
16442
17183
16402
16402
16446
17188
16404
16405
16406
16408
16448
16406
16410
17191
16412
16450
17192
16409
16411
16409
16412
16413
16452
16411
16412
16413
17195
16413
16455
17196
16456
17197
16416
16418
42723
43015
16416
16419
42724
16420
16422
16459
42725
16418
16419
43018
16420
17202
43019
16420
16462
17203
16463
17204
16423
16424
16425
16466
43028
16425
17208
43030
16469
17210
43032
16428
16430
43036
16432
16471
16430
43038
16474
17216
43040
16433
16435
42730
43022
16433
16436
42731
16437
16476
42732
16435
16436
43025
16437
17222
43026
16437
16479
17223
16480
17224
16440
16442
16440
16443
16444
16445
16483
16442
16443
16444
16446
17228
16444
16486
17229
16447
16487
17230
16447
16447
16491
17235
16449
16450
16451
16453
16493
16451
16455
17238
16457
16495
17239
16454
16456
16454
16457
16458
16497
16456
16457
16458
17242
16458
16500
17243
16501
17244
16461
16463
42737
16461
16464
42738
16465
16467
42739
43055
16463
16464
16465
17249
16465
17250
43058
17251
43059
16468
16469
16470
43042
16470
17255
43044
16507
17257
43046
16473
16475
43050
16477
16524
16475
43052
16527
17263
43054
16478
16480
42744
16478
16481
42745
16482
42746
43062
16480
16481
16482
17269
16482
17270
43065
17271
43066
16485
16487
16485
16488
16489
16490
16531
16487
16488
16489
16491
17275
16489
16534
17276
16492
16535
17277
16492
16492
16539
17282
16494
16495
16496
16498
16496
16500
17285
16502
17286
16499
16501
16499
16502
16503
16541
16501
16502
16503
17289
16503
16544
17290
16545
17291
16505
16508
43057
16548
16508
43059
16509
16513
17302
16551
43061
16515
17303
16512
16514
43043
16512
16515
16516
16555
16514
16515
43046
16516
43047
43384
16516
16557
43385
16558
43386
16519
16521
43050
16519
16522
16523
16521
16522
43053
16523
16527
43054
43391
16523
16575
43392
16529
16576
43393
16526
16528
16526
16530
16578
43063
16529
16530
43065
17309
16582
43067
16533
16535
16533
16536
16537
16538
16585
16535
16536
16537
16539
17320
16537
16588
17321
16540
16589
17322
16540
16540
17327
16543
16545
16543
16546
16547
16592
16545
16546
16547
17330
16547
16595
17331
16596
17332
16550
16552
42765
16550
16553
42766
16554
16556
42767
43083
16552
16553
16554
16554
17345
43086
17346
43087
16558
16558
16559
16563
17350
16565
17352
16562
16564
16562
16565
16566
43070
16564
16565
16566
43072
43405
16566
16608
43406
16609
43074
43407
16569
16571
16569
16572
43078
16573
16571
16572
43080
16573
16575
43412
16573
16625
43082
43413
16577
16626
43414
16579
16629
16576
16577
17357
17358
16580
16582
42772
16580
16583
42773
16584
42774
43090
16582
16583
16584
17364
16584
17365
43093
17366
43094
16587
16589
16587
16590
16591
16636
16589
16590
16591
17377
16591
16639
17378
16640
17379
16594
16596
16594
16597
16598
16643
16596
16597
16598
17384
16598
17385
16645
17386
16601
16603
42779
16601
16604
42780
43085
16605
16606
42781
16603
16604
43087
16605
16605
17399
43089
16610
17400
16607
16610
16611
16613
43104
16609
16615
17404
16611
43107
43108
16616
43071
16614
16618
16647
16616
43074
16620
17410
43075
16621
43078
16619
16623
16654
16621
43081
16625
17417
43082
16624
16624
16627
16628
16630
43111
16626
17424
16628
43114
16634
43115
16631
16633
42786
16631
16634
42787
16635
42788
43091
16633
16634
16635
17430
43093
16635
17431
17432
43095
16638
16640
16638
16641
16642
16640
16641
16642
17443
16642
16662
17444
17445
16644
16645
16646
43098
16646
17450
43100
17451
43102
16649
16651
42800
16649
16652
42801
43106
16653
16655
42802
16651
16652
43108
16653
16657
17467
16653
17468
43110
16659
17469
16656
16658
42807
16656
16659
42808
16660
42809
43112
16658
16659
16660
17473
43114
16660
17474
17475
43116
16663
43120
16663
43122
17492
43124
16666
16668
43099
16666
16669
16670
16678
16668
16669
43102
16670
17495
43103
16670
17496
16680
17497
16673
16675
43120
16673
16676
16677
16675
16676
43123
16677
17502
43124
16677
16683
17503
17504
16679
16680
16681
43126
16681
17509
43128
17510
43130
16684
43134
16684
43136
17513
43138
16686
16688
43127
16689
43140
16688
43130
16689
17516
43131
43142
17517
43144
16693
43134
16694
43148
16693
16694
43137
43150
17521
43138
17522
43152
16697
16699
43141
16697
16700
16701
16709
43154
16699
16700
43144
16701
17526
43145
43156
16701
17527
16710
17528
43158
16704
16706
43148
16704
16707
43162
16708
16706
16707
43151
43164
16708
17533
43152
16708
16721
17534
43166
17535
16710
16713
17540
16712
16714
43155
16715
43168
16714
43158
16715
17542
43159
43170
17543
43172
16719
43162
16720
43176
16719
16720
43165
43178
16721
17547
43166
17548
43180
16724
43169
16724
43172
16728
17553
43173
16727
16729
16727
16730
16731
43182
16729
16730
16731
17556
43184
16731
17557
17558
43186
16734
16736
16734
16737
43190
16738
16736
16737
43192
16738
16740
17563
16738
17564
43194
17565
16741
43176
16741
43179
17570
43180
16744
43183
16744
43186
16748
17573
43187
16747
16749
16747
16750
16751
16753
16749
16750
16751
16755
17576
16751
17577
16757
17578
16754
16756
16754
16757
16758
16760
16756
16757
16758
16762
17583
16758
17584
16764
17585
16761
16763
16761
16764
16765
16767
16804
16763
16764
16765
16769
17590
16765
16805
17591
16771
16806
17592
16768
16770
16768
16771
16772
16774
16807
16770
16771
16772
16776
17597
16772
16808
17598
16778
16809
17599
16775
16777
16775
16778
16779
16781
16810
16777
16778
16779
16783
17604
16779
16811
17605
16785
16812
17606
16782
16784
16782
16785
16786
16788
16813
16784
16785
16786
16790
17611
16786
16814
17612
16792
16815
17613
16789
16791
16789
16792
16793
16795
16791
16792
16793
16797
17618
16793
17619
16799
17620
16796
16798
16796
16799
16800
16798
16799
16800
16802
17625
16800
17626
17627
16803
43190
16803
43193
17632
43194
16806
16806
16808
17635
16809
16809
16811
17638
16812
16812
16814
17641
16815
16815
17644
16817
16818
16819
16820
16850
16819
16853
17647
16822
16854
17648
16821
16822
16823
16824
16857
16823
16860
17651
16826
16861
17652
16825
16826
16827
16828
16864
16827
16867
17655
16830
16868
17656
16829
16830
16831
16871
16831
16874
17659
16875
17660
16833
16834
16835
16837
43195
16835
17663
43198
16841
17664
43199
16838
16840
16838
16841
16842
16844
16840
16841
16842
16846
17667
16842
17668
16848
17669
16845
16847
16845
16848
16849
16851
16847
16848
16849
16853
17674
16849
17675
16855
17676
16852
16854
16852
16855
16856
16858
16854
16855
16856
16860
17681
16856
17682
16862
17683
16859
16861
16859
16862
16863
16865
16861
16862
16863
16867
17688
16863
17689
16869
17690
16866
16868
16866
16869
16870
16872
16868
16869
16870
16874
17695
16870
17696
16876
17697
16873
16875
16873
16876
16877
16879
16875
16876
16877
16881
17702
16877
17703
16883
17704
16880
16882
16880
16883
16884
16886
16882
16883
16884
16888
17709
16884
17710
16890
17711
16887
16889
16887
16890
16891
16892
16889
16890
16891
17716
16891
17717
16894
17718
16893
16894
16895
43202
16895
17723
43205
17724
43206
16897
16898
16899
16901
43209
16899
17727
43212
16905
17728
43213
16902
16904
16902
16905
16906
43196
16904
16905
16906
17731
43198
16906
17732
17733
43200
16909
16911
16909
16912
43204
16913
16914
16911
16912
43206
16913
17738
16913
17739
43208
16916
17740
16915
16916
16917
43216
16917
17745
43219
17746
43220
16919
16921
16933
16924
16937
17749
16922
16923
16922
16924
16925
43210
43223
16925
17751
43212
16925
17752
43226
17753
43214
43227
16927
16929
43218
16930
16931
43230
16929
43220
16930
17757
43222
43233
16932
17758
43234
16932
16943
17762
16935
16937
16935
16938
16939
43224
43237
16937
16938
16939
17764
43226
16939
17765
43240
17766
43228
43241
16942
16944
16942
16945
43232
16946
43244
16944
16945
43234
16946
17771
16946
17772
43236
43247
17773
43248
16949
16950
16949
16951
16952
43238
43251
16952
17778
43240
16952
17779
43254
17780
43242
43255
16954
16956
43246
16957
43258
16956
43248
16957
17784
43250
43261
17785
43262
16959
16960
16961
16965
43252
16961
17789
43254
16969
17790
43256
16964
43260
16964
43262
16975
17793
43264
16967
16969
16967
16970
16971
43293
16969
16970
16971
17796
16971
17797
43296
17798
43297
16974
16976
16974
16977
16978
43300
16976
16977
16978
17831
16978
17832
43303
17833
43304
16980
16981
16982
17024
43294
16982
17838
43296
17028
17839
43298
16985
16987
16985
16988
16989
16991
17038
16987
16988
16989
16993
17842
16989
17041
17843
16995
17844
16992
16994
42968
43267
16992
16995
42969
16997
42970
16994
16995
43270
16999
17849
43271
16998
17000
43274
16998
17003
17000
43277
17005
17854
43278
17007
17055
17856
17004
17006
43281
17004
17009
17006
43284
17011
17861
43285
17061
17862
17010
17012
42975
43288
17010
42976
17013
17015
42977
17012
43291
17013
17017
17868
43292
17019
17016
17018
17016
17019
17020
17071
17018
17019
17020
17873
17020
17874
17074
17875
17023
43302
17023
43304
17087
17880
43306
17026
17028
17026
17029
17030
17091
17028
17029
17030
17883
17030
17094
17884
17095
17885
17033
17035
42989
17033
17036
42990
17037
17039
17105
42991
17035
17036
17037
17041
17890
17037
17108
17891
17043
17045
17111
17043
17114
17895
17049
17115
17896
17046
17048
17046
17049
17050
17052
43307
17048
17049
17050
17054
17901
17050
17902
43310
17056
17903
43311
17053
17055
17053
17056
17057
17059
17055
17056
17057
17061
43629
17057
43630
17063
43631
17060
17062
17060
17063
17064
17065
17062
17063
17064
17067
43636
17064
43637
17069
43638
17066
17069
17070
17072
43314
17068
17069
17070
17908
17070
17909
43317
17075
17910
43318
17073
17074
17075
17078
17080
17076
17121
17915
17122
17916
17079
17081
42996
17079
17082
42997
17083
17125
42998
17081
17082
17083
17921
17083
17129
17922
17086
17088
17086
17089
17090
17138
17088
17089
17090
17925
17090
17141
17926
17142
17927
17093
17095
17093
17096
17097
17149
17095
17096
17097
17932
17097
17152
17933
17153
17934
17100
17102
17100
17103
17104
17106
17156
17102
17103
17104
17108
17939
17104
17159
17940
17160
17941
17110
17112
17162
17110
17114
17946
17116
17166
17948
17113
17115
17113
17116
17117
43308
43328
17115
17116
17117
43310
43650
17117
43331
43651
43312
43332
43652
17120
17122
17120
17123
43316
17124
17126
43335
17122
17123
43318
17124
17128
43657
17124
43320
43338
43658
17130
43339
43659
17127
17129
17130
17132
17130
17134
17171
17953
17133
17135
17133
17136
17137
17175
17135
17136
17137
17959
17137
17178
17960
17179
17961
17140
17142
17140
17143
17144
17181
17142
17143
17144
17966
17144
17184
17967
17185
17968
17146
17147
17148
17150
17191
17148
17152
17973
17154
17193
17974
17151
17153
17151
17154
17155
17195
17153
17154
17155
17977
17155
17198
17978
17199
17979
17158
17160
43017
17158
17161
43018
43323
17202
43019
17160
17161
43325
17205
17991
43327
17164
17166
17164
17167
17168
17208
43329
17166
17167
17168
17996
43331
17168
17211
17997
17212
17998
43333
17170
17173
43337
17174
17215
17172
17173
43339
17174
18003
17174
17218
18004
43341
17219
18005
17177
17179
43024
17177
43025
17180
17222
43026
43343
17179
17180
18010
43345
17225
18012
43347
17183
17185
17183
17186
17187
17188
17228
17185
17186
17187
17189
18023
17187
17231
18024
17190
17232
18025
17190
17190
17236
18030
17192
17193
17194
17196
17238
17194
17198
18033
17200
17240
18034
17197
17199
17197
17200
17201
17242
17199
17200
17201
18037
17201
17245
18038
17246
18039
17204
17204
17206
43351
17249
17206
43353
17252
18052
43355
17213
17253
18053
17210
17212
17210
17213
17214
17255
17212
17213
17214
43671
17214
17258
43672
17259
43673
17217
17219
17217
17220
17221
17262
17219
17220
17221
43678
17221
17265
43679
17226
17266
43680
17224
17225
17224
17227
17269
43357
17227
18058
43359
17272
18059
17273
18060
43361
17230
17232
17230
17233
17234
17235
17275
17232
17233
17234
17236
18072
17234
17278
18073
17237
17279
18074
17237
17237
17283
18079
17239
17240
17241
17243
17285
17241
17245
18082
17247
17287
18083
17244
17246
17244
17247
17248
17289
17246
17247
17248
18086
17248
17292
18087
17293
18088
17251
17251
17254
43365
17296
17254
43367
17258
18100
17299
18101
43369
17257
17259
17257
17260
17261
17302
17259
17260
17261
43685
17261
17304
43686
17305
43687
17264
17266
17264
17267
17268
17308
17266
17267
17268
17272
43692
17268
17310
43693
17311
43694
17271
17273
17271
17274
17314
43371
17274
18107
43373
17317
18109
43375
17277
17279
17277
17280
17281
17282
17320
17279
17280
17281
17283
18121
17281
17323
18122
17284
17324
18123
17284
17284
17328
18128
17286
17287
17288
17290
17288
17292
18131
17294
18132
17291
17293
17291
17294
17295
17330
17293
17294
17295
18135
17295
17333
18136
17334
18137
17298
43059
17298
17300
43060
43379
17301
17337
43061
17300
43381
17301
17340
18150
43383
17341
17303
17305
17307
17344
43385
17305
17306
17307
18154
43387
17307
18155
17347
18156
43389
17311
17312
43393
17311
17312
43395
17313
18161
17313
17367
18162
43397
18163
17316
17317
43066
17316
17318
43067
17319
17370
43068
43399
17319
18168
43401
17319
17373
17374
18169
43403
17322
17324
17322
17325
17326
17327
17377
17324
17325
17326
17328
18180
17326
17380
18181
17329
17381
18182
17329
17329
18187
17332
17334
17332
17335
17336
17384
17334
17335
17336
18190
17336
17387
18191
17388
18192
17339
17341
17339
17342
17343
17345
17341
17342
17343
18197
17343
18198
17348
18199
17347
17346
17348
17391
17349
17353
18204
17394
17355
18205
17352
17354
43386
17352
17355
17356
17398
43406
17354
17355
43389
17356
43390
43408
43706
17356
17401
43707
17402
43410
43708
17359
17361
43393
17359
17362
43414
17363
17361
17362
43396
43416
17363
17367
43397
43713
17363
17433
43418
43714
17368
17434
43715
17366
17366
17369
17371
17436
17368
18211
17375
17440
17372
17374
17372
17375
17376
17374
17375
17376
18216
17376
18217
18218
17379
17381
17379
17382
17383
17443
17381
17382
17383
18223
17383
17446
18224
17447
18225
17386
17388
17386
17389
17390
17450
17388
17389
17390
18230
17390
18231
17452
18232
17393
17395
43087
17393
17396
43088
17397
17399
43089
17395
17396
17397
17397
18237
17403
18238
17402
17400
17403
17454
17402
17406
18241
17457
17405
17407
43407
17409
17411
17407
17408
43410
17409
17413
18247
43411
17409
18248
17415
18249
17412
17414
17412
17415
17416
17418
17414
17415
17416
17420
43727
17416
43728
17422
17470
43729
17419
17421
17419
17422
17423
17425
17421
17422
17423
17426
43734
17423
17476
43735
17428
43736
17427
43414
17428
17427
17428
43417
17429
17433
18254
43418
17429
18255
18256
17432
17432
17435
17437
17485
17434
18261
17441
17489
17438
17440
43094
17438
17441
43095
17442
43096
17440
17441
17442
18267
17442
18268
18269
17445
17447
17445
17448
17449
17447
17448
17449
18272
17449
17493
18273
18274
17451
17452
17453
43420
17453
18279
43422
18280
43424
17456
17458
17456
17459
17460
17462
17458
17459
17460
17464
18283
17460
18284
17465
18285
17463
43108
17463
17465
43109
17466
17468
43110
43433
17465
17466
18291
43436
17471
18292
43437
17469
17469
17471
17472
17474
43440
17476
18296
17472
18297
43443
17477
18298
43444
17475
17475
17477
17478
17480
43447
17478
18304
43450
17483
18305
43451
17481
17482
43115
17481
17483
43116
17484
17486
43117
43454
17484
17488
17484
18310
43457
17490
18311
43458
17487
17489
17487
17490
17491
17489
17490
17491
18315
17491
18316
18317
17494
43428
17494
43430
18322
43432
17497
17499
43421
17497
17500
17501
17509
17499
17500
43424
17501
18325
43425
17501
18326
17511
18327
17504
17506
43428
17504
17507
17508
17506
17507
43431
17508
18360
43432
17508
17514
18361
18362
17510
17511
17512
43462
17512
18367
43464
18368
43466
17515
43470
17515
43472
18371
43474
17517
17519
43463
17520
43476
17519
43466
17520
18374
43467
43478
18375
43480
17524
43470
17525
43484
17524
17525
43473
43486
18379
43474
18380
43488
17528
17530
43477
17528
17531
17532
17540
43490
17530
17531
43480
17532
18384
43481
43492
17532
18385
17541
18386
43494
17535
17537
43484
17535
17538
43498
17539
17537
17538
43487
43500
17539
18391
43488
17539
17552
18392
43502
18393
17541
17544
18398
17543
17545
43491
17546
43504
17545
43494
17546
18400
43495
43506
18401
43508
17550
43498
17551
43512
17550
17551
43501
43514
17552
18405
43502
18406
43516
17555
43505
17555
43508
17559
18411
43509
17558
17560
17558
17561
17562
43518
17560
17561
17562
18414
43520
17562
18415
18416
43522
17565
17567
17565
17568
43526
17569
17567
17568
43528
17569
17571
18421
17569
18422
43530
18423
17572
43512
17572
43515
18428
43516
17575
43519
17575
43522
17579
18431
43523
17578
17580
17578
17581
17582
17584
17580
17581
17582
17586
18434
17582
18435
17588
18436
17585
17587
17585
17588
17589
17591
17587
17588
17589
17593
18441
17589
18442
17595
18443
17592
17594
17592
17595
17596
17598
17635
17594
17595
17596
17600
18448
17596
17636
18449
17602
17637
18450
17599
17601
17599
17602
17603
17605
17638
17601
17602
17603
17607
18455
17603
17639
18456
17609
17640
18457
17606
17608
17606
17609
17610
17612
17641
17608
17609
17610
17614
18462
17610
17642
18463
17616
17643
18464
17613
17615
17613
17616
17617
17619
17644
17615
17616
17617
17621
18469
17617
17645
18470
17623
17646
18471
17620
17622
17620
17623
17624
17626
17622
17623
17624
17628
18476
17624
18477
17630
18478
17627
17629
17627
17630
17631
17629
17630
17631
17633
18483
17631
18484
18485
17634
43526
17634
43529
18490
43530
17637
17637
17639
18493
17640
17640
17642
18496
17643
17643
17645
18499
17646
17646
18502
17648
17649
17650
17651
17681
17650
17684
18505
17653
17685
18506
17652
17653
17654
17655
17688
17654
17691
18509
17657
17692
18510
17656
17657
17658
17659
17695
17658
17698
18513
17661
17699
18514
17660
17661
17662
17702
17662
17705
18517
17706
18518
17664
17665
17666
17668
43531
17666
18521
43534
17672
18522
43535
17669
17671
17669
17672
17673
17675
17671
17672
17673
17677
18525
17673
18526
17679
18527
17676
17678
17676
17679
17680
17682
17678
17679
17680
17684
18532
17680
18533
17686
18534
17683
17685
17683
17686
17687
17689
17685
17686
17687
17691
18539
17687
18540
17693
18541
17690
17692
17690
17693
17694
17696
17692
17693
17694
17698
18546
17694
18547
17700
18548
17697
17699
17697
17700
17701
17703
17699
17700
17701
17705
18553
17701
18554
17707
18555
17704
17706
17704
17707
17708
17710
17706
17707
17708
17712
18560
17708
18561
17714
18562
17711
17713
17711
17714
17715
17717
17713
17714
17715
17719
18567
17715
18568
17721
18569
17718
17720
17718
17721
17722
17723
17720
17721
17722
18574
17722
18575
17725
18576
17724
17725
17726
43538
17726
18581
43541
18582
43542
17728
17729
17730
17732
43545
17730
18585
43548
17736
18586
43549
17733
17735
17733
17736
17737
43532
17735
17736
17737
18589
43534
17737
18590
18591
43536
17740
17742
17740
17743
43540
17744
17745
17742
17743
43542
17744
18596
17744
18597
43544
17747
18598
17746
17747
17748
43552
17748
18603
43555
18604
43556
17750
17752
17764
17755
17768
18607
17753
17754
17753
17755
17756
43546
43559
17756
18609
43548
17756
18610
43562
18611
43550
43563
17758
17760
43554
17761
17762
43566
17760
43556
17761
18615
43558
43569
17763
18616
43570
17763
17774
18620
17766
17768
17766
17769
17770
43560
43573
17768
17769
17770
18622
43562
17770
18623
43576
18624
43564
43577
17773
17775
17773
17776
43568
17777
43580
17775
17776
43570
17777
18629
17777
18630
43572
43583
18631
43584
17780
17781
17780
17782
17783
43574
43587
17783
18636
43576
17783
18637
43590
18638
43578
43591
17785
17787
43582
17788
43594
17787
43584
17788
18642
43586
43597
18643
43598
17790
17791
17792
17796
43588
17792
18647
43590
17800
18648
43592
17795
43596
17795
43598
17834
18651
43600
17798
17800
17798
17801
17802
43615
17800
17801
17802
18654
17802
18655
43618
18656
43619
17805
17807
43269
17805
17808
43270
43603
17809
17811
17849
43271
17807
17808
43605
17809
17813
18668
17809
17851
18669
43607
17815
18670
17812
17814
43276
17812
17815
43277
17816
17818
17854
43278
17814
17815
17816
17820
18674
17816
17822
17819
17821
43283
17819
17822
43284
17823
17825
17861
43285
17821
17822
17823
17827
18679
17823
17829
17826
17828
43290
17826
17829
43291
17830
17868
43292
43609
17828
17829
17830
18684
43611
17830
18685
17870
18686
43613
17833
17835
17833
17836
17837
43622
17835
17836
17837
18697
17837
18698
43625
18699
43626
17839
17840
17841
17883
43616
17841
18704
43618
17887
18705
43620
17844
17846
43603
17844
17847
41057
17846
17847
41059
43606
17851
43607
41061
17852
17898
18716
17853
17855
17901
17853
17904
18721
17859
17905
18722
17856
17859
17860
17862
43629
17858
17859
17860
17864
18727
17860
18728
43632
17866
18729
43633
17863
17866
17867
17869
43636
17865
17866
17867
18734
17867
18735
43639
17871
18736
43640
17870
17871
17876
17872
17911
18742
17878
17912
18743
17875
17877
43610
17875
17879
41063
17877
43613
17879
18748
41065
43614
17917
18749
41067
17882
43624
17882
43626
17928
18761
43628
17885
17887
17885
17888
17889
17932
17887
17888
17889
18764
17889
17935
18765
17936
18766
41057
41071
41060
41073
17899
17950
18780
17896
17898
17896
17899
17900
17902
43650
17898
17899
17900
17904
43986
17900
43653
43987
17906
43654
43988
17903
17905
17903
17906
17907
43630
17905
17906
17907
43632
17907
43634
17910
17912
17910
17913
43638
17914
17915
17912
17913
43640
17914
17917
17914
43642
17919
17916
17919
17920
43657
17918
17919
17920
43993
17920
43660
43994
17924
43661
43995
17922
17923
41064
41077
41068
41079
17955
18785
17927
17929
17927
17930
17931
17966
17929
17930
17931
18798
17931
17969
18799
17970
18800
17934
17936
17934
17937
17938
17977
17936
17937
17938
18805
17938
17980
18806
17981
18807
17941
17943
41071
17941
17944
43645
17943
17944
41074
43647
41075
17993
43649
17951
17994
18820
17948
17950
17948
17951
17952
17996
43651
17950
17951
17952
43653
44007
17952
17999
44008
18000
43655
44009
17954
17957
43659
17958
18003
17956
17957
43661
17958
44014
17958
18006
43663
44015
17964
18007
44016
17961
17963
41078
17961
17965
18010
43665
17963
41081
17965
18824
41082
43667
18013
18825
18014
43669
17968
17970
17968
17971
17972
18023
17970
17971
17972
18836
17972
18026
18837
18027
18838
17974
17975
17976
17978
18033
17976
17980
18843
17982
18035
18844
17979
17981
17979
17982
17983
18037
17981
17982
17983
18847
17983
18040
18848
18041
18849
17986
17988
43325
43645
17986
17989
43326
17990
17991
18044
43327
17988
17989
43648
17990
17993
18854
43649
17990
18047
18855
18048
18856
17995
17997
18051
17995
17999
18860
18001
18055
18862
17998
18000
17998
18001
18002
43671
18000
18001
18002
18002
43674
43675
18005
18007
18005
18008
18009
18011
43678
18007
18008
18009
18013
18009
43681
18015
43682
18012
18014
18015
18017
18058
18015
18019
18061
18868
18018
18020
43346
43666
18018
18021
43347
18022
18065
43348
18020
18021
43669
18022
18874
43670
18022
18068
18875
18069
18876
18025
18027
18025
18028
18029
18030
18072
18027
18028
18029
18031
18880
18029
18075
18881
18032
18076
18882
18032
18032
18080
18887
18034
18035
18036
18038
18082
18036
18040
18890
18042
18084
18891
18039
18041
18039
18042
18043
18086
18041
18042
18043
18894
18043
18089
18895
18090
18896
18046
18048
43353
18046
18049
43354
18050
18052
18093
43355
18048
18049
18050
18050
18096
18901
18097
18053
18055
18057
18100
43672
18055
18056
18057
18906
43674
18057
18103
18907
18104
18908
43676
18060
18063
43680
18066
18107
18062
18063
43682
18064
18913
18064
18110
18914
43684
18111
18915
18067
18069
43360
18067
18070
43361
18071
18114
43362
18069
18070
18071
18920
18071
18117
18118
18921
18074
18076
18074
18077
18078
18079
18121
18076
18077
18078
18080
18926
18078
18124
18927
18081
18125
18928
18081
18081
18129
18933
18083
18084
18085
18087
18131
18085
18089
18936
18091
18133
18937
18088
18090
18088
18091
18092
18135
18090
18091
18092
18940
18092
18138
18941
18139
18942
18095
18097
43367
18095
18098
43368
18099
18101
18142
43369
18097
18098
18099
18099
18145
18947
18146
18102
18104
18106
18149
43686
18104
18105
18106
18952
43688
18106
18953
18151
18954
43690
18109
18112
43694
18115
18168
18111
18112
43696
18113
18959
18113
18170
18960
43698
18961
18116
18118
43374
18116
18119
43375
18120
18173
43376
18118
18119
18120
18966
18120
18176
18177
18967
18123
18125
18123
18126
18127
18128
18180
18125
18126
18127
18129
18972
18127
18183
18973
18130
18184
18974
18130
18130
18188
18979
18132
18133
18134
18136
18134
18138
18982
18140
18983
18137
18139
18137
18140
18141
18190
18139
18140
18141
18986
18141
18193
18987
18194
18988
18144
18146
43381
18144
18147
43382
18148
18150
43383
43699
18146
18147
18148
18993
18148
18994
43702
18152
18995
43703
18151
18152
18153
18157
18999
18200
18159
18201
19001
18156
18158
43687
18156
18159
18160
18204
18158
18159
43690
18160
43691
18160
18206
18207
18163
18165
43694
18163
18166
18167
18210
18165
18166
43697
18167
18170
43698
18167
18212
18171
18213
18169
18172
18174
18216
18171
18219
19007
18178
18220
18175
18177
43402
18175
18178
43403
18179
43404
43720
18177
18178
18179
19013
18179
19014
43723
19015
43724
18182
18184
18182
18185
18186
18187
18223
18184
18185
18186
18188
19019
18186
18226
19020
18189
18227
19021
18189
18189
19026
18192
18194
18192
18195
18196
18230
18194
18195
18196
19029
18196
18233
19030
18234
19031
18199
18199
18202
43701
18203
41083
18202
43703
18206
19043
18203
19044
41086
43705
41087
18205
18207
18209
43707
18207
18208
18209
43709
44077
18209
44078
18239
43711
44079
18213
18214
43715
18213
18214
43717
18215
18219
44084
18215
18270
43719
44085
44086
18218
18220
18218
18221
18222
41090
43721
18222
43723
18222
41093
19050
41094
43725
18225
18227
18225
18228
18229
18272
18227
18228
18229
19061
18229
18275
19062
18276
19063
18232
18234
18232
18235
18236
18279
18234
18235
18236
19068
18236
19069
18281
19070
18238
18240
41085
41097
18243
19082
41089
41100
18242
18244
43708
18246
18248
18244
18245
43711
18246
18250
43712
44098
18246
44099
18252
18287
44100
18249
18251
18249
18252
18253
18290
43728
18251
18252
18253
43730
18253
18293
18294
43732
18256
18258
18256
18259
43736
18260
18262
18258
18259
43738
18260
18263
18260
18312
43740
18265
18313
18264
43715
18265
18264
18265
43718
18266
18270
43719
44105
18266
18318
44106
44107
18269
18269
18271
41091
41104
41095
41108
18274
18276
18274
18277
18278
18276
18277
18278
19101
18278
18323
19102
19103
18280
18281
18282
43742
18282
19108
43744
19109
43746
18285
18285
18288
41099
18289
18291
43755
18288
41101
18293
19119
18289
19120
41103
43758
18295
43759
18294
18292
18295
18297
18332
18294
18299
19124
18335
18300
43729
18298
18304
18339
18300
18301
43732
18302
18306
19131
43733
18302
19132
18308
19133
18307
43736
18305
18310
18346
18307
18308
43739
18309
18312
19138
43740
18309
19139
19140
18311
18314
18316
18353
18313
18318
19145
18320
18357
18317
18319
18317
18320
18321
41105
43762
18321
41107
18321
43765
19153
41109
43766
18324
43750
18324
43752
19164
43754
18327
18329
43743
18327
18330
18331
18367
18329
18330
43746
18331
19167
43747
18331
19168
18369
19169
18334
18336
43437
18334
18337
43438
43757
18338
18340
43439
18336
18337
43759
18338
18342
19181
18338
19182
43761
18344
19183
18341
18343
43444
18341
18344
43445
18345
18347
43446
18343
18344
18345
18349
18345
19187
18351
19188
18348
18350
43451
18348
18351
43452
18352
18354
43453
18350
18351
18352
18356
18352
19193
18358
19194
18355
18357
43458
18355
18358
43459
18359
43460
43763
18357
18358
18359
19199
43765
18359
19200
19201
43767
18362
18364
43750
18362
18365
18366
18364
18365
43753
18366
19212
43754
18366
18372
19213
19214
18368
18369
18370
43770
18370
19219
43772
19220
43774
18373
43778
18373
43780
19223
43782
18375
18377
43771
18378
43784
18377
43774
18378
19226
43775
43786
19227
43788
18382
43778
18383
43792
18382
18383
43781
43794
19231
43782
19232
43796
18386
18388
43785
18386
18389
18390
18398
43798
18388
18389
43788
18390
19236
43789
43800
18390
19237
18399
19238
43802
18393
18395
43792
18393
18396
43806
18397
18395
18396
43795
43808
18397
19243
43796
18397
18410
19244
43810
19245
18399
18402
19250
18401
18403
43799
18404
43812
18403
43802
18404
19252
43803
43814
19253
43816
18408
43806
18409
43820
18408
18409
43809
43822
18410
19257
43810
19258
43824
18413
43813
18413
43816
18417
19263
43817
18416
18418
18416
18419
18420
43826
18418
18419
18420
19266
43828
18420
19267
19268
43830
18423
18425
18423
18426
43834
18427
18425
18426
43836
18427
18429
19273
18427
19274
43838
19275
18430
43820
18430
43823
19280
43824
18433
43827
18433
43830
18437
19283
43831
18436
18438
18436
18439
18440
18442
18438
18439
18440
18444
19286
18440
19287
18446
19288
18443
18445
18443
18446
18447
18449
18445
18446
18447
18451
19293
18447
19294
18453
19295
18450
18452
18450
18453
18454
18456
18493
18452
18453
18454
18458
19300
18454
18494
19301
18460
18495
19302
18457
18459
18457
18460
18461
18463
18496
18459
18460
18461
18465
19307
18461
18497
19308
18467
18498
19309
18464
18466
18464
18467
18468
18470
18499
18466
18467
18468
18472
19314
18468
18500
19315
18474
18501
19316
18471
18473
18471
18474
18475
18477
18502
18473
18474
18475
18479
19321
18475
18503
19322
18481
18504
19323
18478
18480
18478
18481
18482
18484
18480
18481
18482
18486
19328
18482
19329
18488
19330
18485
18487
18485
18488
18489
18487
18488
18489
18491
19335
18489
19336
19337
18492
43834
18492
43837
19342
43838
18495
18495
18497
19345
18498
18498
18500
19348
18501
18501
18503
19351
18504
18504
19354
18506
18507
18508
18509
18539
18508
18542
19357
18511
18543
19358
18510
18511
18512
18513
18546
18512
18549
19361
18515
18550
19362
18514
18515
18516
18517
18553
18516
18556
19365
18519
18557
19366
18518
18519
18520
18560
18520
18563
19369
18564
19370
18522
18523
18524
18526
43839
18524
19373
43842
18530
19374
43843
18527
18529
18527
18530
18531
18533
18529
18530
18531
18535
19377
18531
19378
18537
19379
18534
18536
18534
18537
18538
18540
18536
18537
18538
18542
19384
18538
19385
18544
19386
18541
18543
18541
18544
18545
18547
18543
18544
18545
18549
19391
18545
19392
18551
19393
18548
18550
18548
18551
18552
18554
18550
18551
18552
18556
19398
18552
19399
18558
19400
18555
18557
18555
18558
18559
18561
18557
18558
18559
18563
19405
18559
19406
18565
19407
18562
18564
18562
18565
18566
18568
18564
18565
18566
18570
19412
18566
19413
18572
19414
18569
18571
18569
18572
18573
18575
18571
18572
18573
18577
19419
18573
19420
18579
19421
18576
18578
18576
18579
18580
18581
18578
18579
18580
19426
18580
19427
18583
19428
18582
18583
18584
43846
18584
19433
43849
19434
43850
18586
18587
18588
18590
43853
18588
19437
43856
18594
19438
43857
18591
18593
18591
18594
18595
43840
18593
18594
18595
19441
43842
18595
19442
19443
43844
18598
18600
18598
18601
43848
18602
18603
18600
18601
43850
18602
19448
18602
19449
43852
18605
19450
18604
18605
18606
43860
18606
19455
43863
19456
43864
18608
18610
18622
18613
18626
19459
18611
18612
18611
18613
18614
43854
43867
18614
19461
43856
18614
19462
43870
19463
43858
43871
18616
18618
43862
18619
18620
43874
18618
43864
18619
19467
43866
43877
18621
19468
43878
18621
18632
19472
18624
18626
18624
18627
18628
43868
43881
18626
18627
18628
19474
43870
18628
19475
43884
19476
43872
43885
18631
18633
18631
18634
43876
18635
43888
18633
18634
43878
18635
19481
18635
19482
43880
43891
19483
43892
18638
18639
18638
18640
18641
43882
43895
18641
19488
43884
18641
19489
43898
19490
43886
43899
18643
18645
43890
18646
43930
18645
43892
18646
19494
43894
43933
19495
43934
18648
18649
18650
18654
43896
18650
19499
43898
18658
19500
43900
18653
43932
18653
43934
18700
19531
43936
18656
18658
18656
18659
18660
43951
18658
18659
18660
19534
18660
19535
43954
19536
43955
18663
18665
43605
18663
18666
43606
43939
18667
18669
43607
18665
18666
43941
18667
18671
19548
18667
19549
43943
18670
18672
43904
18670
18672
43907
18675
19554
43908
18677
18724
19556
18676
43911
18676
43914
18680
43915
18678
18730
19560
18682
18731
19561
18681
43918
18681
43921
18687
43922
18683
18737
19566
18689
18738
19567
18686
18688
43925
18686
18691
18688
43928
18693
19572
43929
18744
19573
18692
18694
43612
18692
18695
43613
18696
18748
43614
43945
18694
18695
18696
19578
43947
18696
19579
43949
18699
18701
18699
18702
18703
43972
18701
18702
18703
19591
18703
19592
43975
19593
43976
18705
18706
18707
18764
43952
18707
19598
43954
18768
19599
43956
18710
18712
41059
43939
18710
18713
41060
43960
41061
18712
18713
43942
43962
43943
43964
18718
18782
19609
18716
18718
18719
18721
43986
18719
18723
19613
18719
19614
43989
18725
19615
43990
18722
18724
18722
18725
18726
18728
18724
18725
18726
18730
44371
18726
44372
18732
44373
18729
18731
18729
18732
18733
18735
18731
18732
18733
18737
44378
18733
44379
18739
44380
18736
18738
18736
18739
18740
18742
18738
18739
18740
18744
44385
18740
44386
18746
44387
18743
18745
18743
18746
18747
18749
18745
18746
18747
18751
44392
18747
44393
18752
44394
18750
18752
18753
43993
18752
18753
19621
43996
18759
19622
43997
18756
18758
41066
43946
18756
41067
18760
41068
43966
18758
43949
18760
19627
43950
43968
18787
19628
43970
18763
43974
18763
43976
18801
19639
43978
18766
18768
18766
18769
18770
18805
18768
18769
18770
19642
18770
18808
19643
18809
19644
18773
18775
41073
43960
18773
18776
41074
43981
41075
18775
18776
43963
43983
43964
43985
18783
18821
19657
18780
18782
18780
18783
18784
43987
44007
18782
18783
18784
43989
44413
18784
44010
44414
43991
44011
44415
18786
18789
43995
18790
44014
18788
18789
43997
18790
44420
18790
43999
44017
44421
18796
44018
44422
18793
18795
41080
43967
18793
41081
18797
18824
41082
44001
18795
43970
18797
19661
43971
44003
18826
19662
44005
18800
18802
18800
18803
18804
18836
18802
18803
18804
19673
18804
18839
19674
18840
19675
18807
18809
18807
18810
18811
18847
18809
18810
18811
19680
18811
18850
19681
18851
19682
18814
18816
43647
43981
18814
18817
43648
18818
18854
43649
18816
18817
43984
18818
19687
43985
18818
18857
19688
18820
18821
18823
18860
44008
18823
19693
44010
18823
18863
19694
18864
19695
44012
18827
44016
18827
44018
18828
18870
19701
44020
18871
19702
18831
18833
43668
44002
18831
18834
43669
18835
18874
43670
18833
18834
44005
18835
19707
44006
18835
18877
19708
18838
18840
18838
18841
18842
18880
18840
18841
18842
19713
18842
18883
19714
18884
19715
18844
18845
18846
18848
18890
18846
18850
19720
18852
18892
19721
18849
18851
18849
18852
18853
18894
18851
18852
18853
19724
18853
18897
19725
18898
19726
18856
18856
18858
44023
18858
44025
18902
19739
44027
18865
18903
19740
18862
18864
18862
18865
18866
18906
18864
18865
18866
44441
18866
18909
44442
18910
44443
18869
18871
18869
18872
18873
18913
18871
18872
18873
44448
18873
18916
44449
18878
18917
44450
18876
18877
18876
18879
18920
44029
18879
19744
44031
18922
19745
18923
19746
44033
18882
18884
18882
18885
18886
18887
18926
18884
18885
18886
18888
19757
18886
18929
19758
18889
18930
19759
18889
18889
18934
19764
18891
18892
18893
18895
18936
18893
18897
19767
18899
18938
19768
18896
18898
18896
18899
18900
18940
18898
18899
18900
19771
18900
18943
19772
18944
19773
18904
44037
18904
44039
18905
18909
19785
18948
44041
18911
18949
19786
18908
18910
18908
18911
18912
18952
18910
18911
18912
44455
18912
18955
44456
18956
44457
18915
18917
18915
18918
18919
18959
18917
18918
18919
18922
44462
18919
18962
44463
18924
18963
44464
18921
18923
18925
18966
44043
18924
18925
44045
18968
19791
18969
44047
18928
18930
18928
18931
18932
18933
18972
18930
18931
18932
18934
19803
18932
18975
19804
18935
18976
19805
18935
18935
18980
19810
18937
18938
18939
18941
18982
18939
18943
19813
18945
18984
19814
18942
18944
18942
18945
18946
18986
18944
18945
18946
19817
18946
18989
19818
18990
19819
18950
44051
18950
44053
18951
18955
19831
18996
44055
18957
18997
19832
18954
18956
18954
18957
18958
18999
18956
18957
18958
44469
18958
19002
44470
19003
44471
18961
18963
18961
18964
18965
19006
18963
18964
18965
18968
44476
18965
19009
44477
18970
19010
44478
18967
18969
18971
19013
44057
18970
18971
44059
19016
19837
19017
44061
18974
18976
18974
18977
18978
18979
19019
18976
18977
18978
18980
19849
18978
19022
19850
18981
19023
19851
18981
18981
19027
19856
18983
18984
18985
18987
18985
18989
19859
18991
19860
18988
18990
18988
18991
18992
19029
18990
18991
18992
19863
18992
19032
19864
19033
19865
18995
18995
18998
44065
19036
18998
44067
19002
19877
19039
19878
44069
19001
19003
19001
19004
19005
19043
19003
19004
19005
44483
19005
19046
44484
19047
44485
19008
19010
19008
19011
19012
19010
19011
19012
19016
44490
19012
19051
44491
19052
44492
19015
19017
19015
19018
19054
44071
19018
19883
44073
19058
19885
44075
19021
19023
19021
19024
19025
19026
19061
19023
19024
19025
19027
19896
19025
19064
19897
19028
19065
19898
19028
19028
19903
19031
19033
19031
19034
19035
19068
19033
19034
19035
19906
19035
19071
19907
19072
19908
19038
19040
43703
19038
19041
43704
19042
19044
43705
44091
19040
19041
19042
19042
19913
44094
19914
44095
19045
19047
19048
44078
19047
19048
19919
44080
19079
19921
44082
19053
44086
19055
19094
19052
19053
44088
19926
19097
19927
44090
19056
19058
43724
19056
19059
43725
19060
43726
44112
19058
19059
19060
19933
19060
19934
44115
19935
44116
19063
19065
19063
19066
19067
19101
19065
19066
19067
19940
19067
19104
19941
19105
19942
19070
19072
19070
19073
19074
19108
19072
19073
19074
19947
19074
19948
19110
19949
19077
41087
19077
19080
41088
44093
19081
41089
44126
19080
44095
19084
19961
19081
19962
44097
44129
44130
19083
19085
44079
19087
44099
19085
19086
44082
19087
44083
44101
44511
19087
44512
19116
44103
44513
19091
44086
19092
44107
19091
19092
44089
44109
19093
19097
44090
44518
19093
19160
44111
44519
44520
19096
19098
41094
19096
19099
41095
19100
41096
44113
44133
19100
44115
19100
44136
19968
44117
44137
19103
19105
19103
19106
19107
19105
19106
19107
19979
19107
19165
19980
19981
19109
19110
19111
44120
19111
19986
44122
19987
44124
19114
41101
19114
19117
41102
44128
19118
19120
41103
44147
19117
44130
19121
19996
19118
19997
44132
44150
44151
19122
44100
19122
44103
19123
19127
20001
44104
19129
20003
19126
19128
19126
19129
19130
19132
19128
19129
19130
19134
44539
19130
44540
19136
19184
44541
19133
19135
19133
19136
19137
19139
19135
19136
19137
19141
44546
19137
19189
44547
19143
19190
44548
19140
19142
19140
19143
19144
19146
19142
19143
19144
19148
44553
19144
19195
44554
19150
19196
44555
19147
19149
19147
19150
19151
19149
19150
19151
19154
44560
19151
19202
44561
19156
44562
19155
44107
19158
19205
19155
19156
44110
19160
20008
44111
20009
19159
19161
41108
19159
19162
41109
19163
41110
44134
44154
19163
44136
19163
44157
20016
44138
44158
19166
44142
19166
44144
20026
44146
19169
19171
44121
19169
19172
19173
19219
19171
19172
44124
19173
20029
44125
19173
20030
19221
20031
19176
19178
43759
19176
19179
43760
44149
19180
19182
43761
19178
19179
44151
19180
19180
20043
44153
19185
20044
19183
19183
19185
19186
19187
44168
19189
20049
19186
20050
44171
19191
20051
44172
19188
19191
19192
19193
44175
19190
19195
20055
19192
44178
19197
44179
19194
19197
19198
19200
44182
19196
19202
20060
19198
44185
19203
44186
19201
19201
19203
19204
19206
44189
19204
20066
44192
19210
20067
44193
19207
19209
43766
19207
19210
43767
19211
43768
44155
19209
19210
19211
20071
44157
19211
20072
20073
44159
19214
19216
44142
19214
19217
19218
19216
19217
44145
19218
20085
44146
19218
19224
20086
20087
19220
19221
19222
44162
19222
20092
44164
20093
44166
19225
44198
19225
44200
20124
44202
19227
19229
44163
19230
44204
19229
44166
19230
20127
44167
44206
20128
44208
19234
44198
19235
44212
19234
19235
44201
44214
20132
44202
20133
44216
19238
19240
44205
19238
19241
19242
19250
44218
19240
19241
44208
19242
20137
44209
44220
19242
20138
19251
20139
44222
19245
19247
44212
19245
19248
44226
19249
19247
19248
44215
44228
19249
20144
44216
19249
19262
20145
44230
20146
19251
19254
20151
19253
19255
44219
19256
44232
19255
44222
19256
20153
44223
44234
20154
44236
19260
44226
19261
44240
19260
19261
44229
44242
19262
20158
44230
20159
44244
19265
44233
19265
44236
19269
20164
44237
19268
19270
19268
19271
19272
44246
19270
19271
19272
20167
44248
19272
20168
20169
44250
19275
19277
19275
19278
44254
19279
19277
19278
44256
19279
19281
20174
19279
20175
44258
20176
19282
44240
19282
44243
20181
44244
19285
44247
19285
44250
19289
20184
44251
19288
19290
19288
19291
19292
19294
19290
19291
19292
19296
20187
19292
20188
19298
20189
19295
19297
19295
19298
19299
19301
19297
19298
19299
19303
20194
19299
20195
19305
20196
19302
19304
19302
19305
19306
19308
19345
19304
19305
19306
19310
20201
19306
19346
20202
19312
19347
20203
19309
19311
19309
19312
19313
19315
19348
19311
19312
19313
19317
20208
19313
19349
20209
19319
19350
20210
19316
19318
19316
19319
19320
19322
19351
19318
19319
19320
19324
20215
19320
19352
20216
19326
19353
20217
19323
19325
19323
19326
19327
19329
19354
19325
19326
19327
19331
20222
19327
19355
20223
19333
19356
20224
19330
19332
19330
19333
19334
19336
19332
19333
19334
19338
20229
19334
20230
19340
20231
19337
19339
19337
19340
19341
19339
19340
19341
19343
20236
19341
20237
20238
19344
44254
19344
44257
20243
44258
19347
19347
19349
20246
19350
19350
19352
20249
19353
19353
19355
20252
19356
19356
20255
19358
19359
19360
19361
19391
19360
19394
20258
19363
19395
20259
19362
19363
19364
19365
19398
19364
19401
20262
19367
19402
20263
19366
19367
19368
19369
19405
19368
19408
20266
19371
19409
20267
19370
19371
19372
19412
19372
19415
20270
19416
20271
19374
19375
19376
19378
44259
19376
20274
44262
19382
20275
44263
19379
19381
19379
19382
19383
19385
19381
19382
19383
19387
20278
19383
20279
19389
20280
19386
19388
19386
19389
19390
19392
19388
19389
19390
19394
20285
19390
20286
19396
20287
19393
19395
19393
19396
19397
19399
19395
19396
19397
19401
20292
19397
20293
19403
20294
19400
19402
19400
19403
19404
19406
19402
19403
19404
19408
20299
19404
20300
19410
20301
19407
19409
19407
19410
19411
19413
19409
19410
19411
19415
20306
19411
20307
19417
20308
19414
19416
19414
19417
19418
19420
19416
19417
19418
19422
20313
19418
20314
19424
20315
19421
19423
19421
19424
19425
19427
19423
19424
19425
19429
20320
19425
20321
19431
20322
19428
19430
19428
19431
19432
19433
19430
19431
19432
20327
19432
20328
19435
20329
19434
19435
19436
44266
19436
20334
44269
20335
44270
19438
19439
19440
19442
44273
19440
20338
44276
19446
20339
44277
19443
19445
19443
19446
19447
44260
19445
19446
19447
20342
44262
19447
20343
20344
44264
19450
19452
19450
19453
44268
19454
19455
19452
19453
44270
19454
20349
19454
20350
44272
19457
20351
19456
19457
19458
44280
19458
20356
44283
20357
44284
19460
19462
19474
19465
19478
20360
19463
19464
19463
19465
19466
44274
44287
19466
20362
44276
19466
20363
44290
20364
44278
44291
19468
19470
44282
19471
19472
44294
19470
44284
19471
20368
44286
44297
19473
20369
44298
19473
19484
20373
19476
19478
19476
19479
19480
44288
44301
19478
19479
19480
20375
44290
19480
20376
44304
20377
44292
44305
19483
19485
19483
19486
44296
19487
44308
19485
19486
44298
19487
20382
19487
20383
44300
44311
20384
44312
19490
19491
19490
19492
19493
44302
44315
19493
20389
44304
19493
20390
44318
20391
44306
44319
19495
19497
44310
19498
44336
19497
44312
19498
20409
44314
44339
20410
44340
19500
19501
19502
19534
44316
19502
20414
44318
19538
20415
44320
19505
19507
43906
19505
19508
43907
44324
19509
19511
19554
43908
19507
19508
44326
19509
19513
20431
19509
20432
44328
19515
19512
19514
43913
19512
19515
43914
19516
19518
43915
19514
19515
19516
19520
20437
19516
19522
19519
19521
43920
19519
19522
43921
19523
19525
43922
19521
19522
19523
19527
20443
19523
19529
19526
19528
43927
19526
19529
43928
19530
19572
43929
44330
19528
19529
19530
20449
44332
19530
20450
44334
19533
44338
19533
44340
19594
20468
44342
19536
19538
19536
19539
19540
44357
19538
19539
19540
20471
19540
20472
44360
20473
44361
19543
19545
43941
19543
19546
43942
44345
19547
19549
43943
19545
19546
44347
19547
19550
20485
19547
20486
44349
19551
44324
19551
44327
44328
19553
19616
20492
19558
19617
20493
19556
19558
19559
19560
44371
19559
19562
20498
19559
20499
44374
19564
20500
44375
19561
19564
19565
19566
44378
19563
19564
19565
19568
20505
19565
20506
44381
19570
20507
44382
19567
19570
19571
19573
44385
19569
19570
19571
19575
20512
19571
20513
44388
19576
20514
44389
19574
19576
19577
44392
19576
19577
20520
44395
19582
20521
44396
19579
19581
44331
19585
19581
44334
19587
44335
19583
19623
20526
19624
20527
19586
19588
43948
19586
19589
43949
19590
19627
43950
44351
19588
19589
19590
20532
44353
19590
20534
44355
19593
19595
19593
19596
19597
44406
19595
19596
19597
20545
19597
20546
44409
20547
44410
19599
19600
19601
19642
44358
19601
20552
44360
19646
20553
44362
19604
19606
43962
44345
19604
19607
43963
44366
43964
19606
19607
44348
44368
44349
44370
19609
19611
19612
19614
44413
19612
19616
20567
19612
20568
44416
19618
20569
44417
19615
19617
19615
19618
19619
44372
19617
19618
19619
44374
44798
19619
44799
44376
44800
19622
19624
19622
19625
44394
19626
19628
19624
19625
44396
19626
19630
44805
19626
44398
44806
19631
44807
19629
19631
19632
44420
19631
19632
20575
44423
20576
44424
19635
19637
43969
44352
19635
43970
19638
19661
43971
44400
19637
44355
19638
20581
44356
44402
44404
19641
44408
19641
44410
19676
20593
44412
19644
19646
19644
19647
19648
19680
19646
19647
19648
20596
19648
19683
20597
19684
20598
19651
19653
43983
44366
19651
19654
43984
19655
19687
43985
19653
19654
44369
19655
20610
44370
19655
19689
20611
19657
19658
19660
19693
44414
19660
20616
44416
19660
19696
20617
19697
20618
44418
19664
44422
19664
44424
19665
19703
20624
44426
19704
20625
19668
19670
44004
44401
19668
19671
44005
19672
19707
44006
19670
19671
44404
19672
20630
44405
19672
19710
20632
19675
19677
19675
19678
19679
19713
19677
19678
19679
20643
19679
19716
20644
19717
20645
19682
19684
19682
19685
19686
19724
19684
19685
19686
20650
19686
19727
20651
19728
20652
19691
44429
19691
44431
19692
19696
20663
44433
19698
19741
20665
19695
19697
19695
19698
19699
44441
19697
19698
19699
44826
19699
44444
44827
44445
44828
19702
19704
19702
19705
19706
44448
19704
19705
19706
19709
44833
19706
44451
44834
19711
44452
44835
19708
19710
19712
19744
44435
19711
19712
44437
19747
20670
44439
19715
19717
19715
19718
19719
19757
19717
19718
19719
20682
19719
19760
20683
19761
20684
19721
19722
19723
19725
19767
19723
19727
20689
19729
19769
20690
19726
19728
19726
19729
19730
19771
19728
19729
19730
20693
19730
19774
20694
19775
20695
19733
19735
44025
44429
19733
19736
44026
19737
19739
19778
44027
19735
19736
44432
19737
20700
44433
19737
19781
20701
19782
19740
19741
19743
19785
44442
19743
20706
44444
19743
19787
20707
19788
20708
44446
19746
19748
44450
19751
19748
44452
19749
19792
20714
44454
19793
20715
19752
19754
44032
44436
19752
19755
44033
19756
19796
44034
19754
19755
44439
19756
20720
44440
19756
19799
19800
20721
19759
19761
19759
19762
19763
19764
19803
19761
19762
19763
19765
20726
19763
19806
20727
19766
19807
20728
19766
19766
19811
20733
19768
19769
19770
19772
19813
19770
19774
20736
19776
19815
20737
19773
19775
19773
19776
19777
19817
19775
19776
19777
20740
19777
19820
20741
19821
20742
19780
19782
44039
19780
19783
44040
19784
19824
44041
19782
19783
19784
19784
19827
20754
19828
19786
19788
19790
19831
44456
19788
19789
19790
20760
44458
19790
19833
20761
19834
20762
44460
19794
44464
19793
19794
44466
19795
20767
19795
19838
20768
44468
19839
20769
19798
19800
44046
19798
19801
44047
19802
19842
44048
19800
19801
19802
20774
19802
19845
19846
20776
19805
19807
19805
19808
19809
19810
19849
19807
19808
19809
19811
20788
19809
19852
20789
19812
19853
20790
19812
19812
19857
20795
19814
19815
19816
19818
19859
19816
19820
20798
19822
19861
20799
19819
19821
19819
19822
19823
19863
19821
19822
19823
20802
19823
19866
20803
19867
20804
19826
19828
44053
19826
19829
44054
19830
19870
44055
19828
19829
19830
19830
19873
20817
19874
19832
19834
19836
19877
44470
19834
19835
19836
20822
44472
19836
19880
20823
19881
20824
44474
19840
44478
19839
19840
44480
19841
20829
19841
19886
20830
44482
19887
20831
19844
19846
44060
19844
19847
44061
19848
19889
44062
19846
19847
19848
20836
19848
19892
19893
20837
19851
19853
19851
19854
19855
19856
19896
19853
19854
19855
19857
20849
19855
19899
20850
19858
19900
20851
19858
19858
19904
20856
19860
19861
19862
19864
19862
19866
20859
19868
20860
19865
19867
19865
19868
19869
19906
19867
19868
19869
20863
19869
19909
20864
19910
20865
19872
19874
44067
19872
19875
44068
19876
19878
44069
44497
19874
19875
19876
19876
20870
44500
20871
44501
19879
19881
19882
44484
19881
19882
20876
44486
19916
20878
44488
19885
19888
44492
19890
19933
19887
19888
44494
20883
19936
20884
44496
19891
19893
44074
19891
19894
44075
19895
44076
44504
19893
19894
19895
20890
19895
20891
44507
20892
44508
19898
19900
19898
19901
19902
19903
19940
19900
19901
19902
19904
20897
19902
19943
20898
19905
19944
20899
19905
19905
20904
19908
19910
19908
19911
19912
19947
19910
19911
19912
20907
19912
19950
20908
19951
20909
19914
19917
44499
19954
19917
44501
19918
19922
20920
19957
44503
19924
20921
19921
19923
44485
19921
19924
19925
19961
19923
19924
44488
19925
44489
44882
19925
19964
44883
19965
44884
19928
19930
44492
19928
19931
19932
19930
19931
44495
19932
19936
44496
44889
19932
19969
44890
19938
19970
44891
19935
19937
19935
19939
19972
44505
19938
19939
44507
20927
19976
44509
19942
19944
19942
19945
19946
19979
19944
19945
19946
20938
19946
19982
20939
19983
20940
19949
19951
19949
19952
19953
19986
19951
19952
19953
20945
19953
20946
19988
20947
19956
19958
44095
19956
19959
44096
19960
19962
44097
44532
19958
19959
19960
19960
20960
44535
20961
44536
19963
19965
19966
44512
19965
19966
20965
44514
20967
44516
19971
44520
19973
20020
19970
19971
44522
20972
20973
44524
19974
19976
44116
19974
19977
44117
19978
44118
44567
19976
19977
19978
20979
19978
20980
44570
20981
44571
19981
19983
19981
19984
19985
19983
19984
19985
20992
19985
20027
20993
20994
19987
19988
19989
44526
19989
20999
44528
21000
44530
19992
44130
19992
19994
44131
44534
19995
19997
44132
44581
19994
44536
19995
21011
44538
44584
44585
19999
44513
19999
44516
20000
20004
21015
44517
20006
21017
20003
20005
20003
20006
20007
44540
20005
20006
20007
44542
44910
20007
20045
44911
20046
44544
44912
20010
20012
20010
20013
44562
20014
20012
20013
44564
20014
20017
44917
20014
20074
44566
44918
20019
20075
44919
20018
44520
20021
20078
20018
20019
44523
21022
44524
21023
20022
20023
44137
20022
20024
44138
20025
44139
44568
44588
20025
44570
20025
44591
21029
44572
44592
20028
44576
20028
44578
21040
44580
20031
20033
44527
20031
20034
20035
20092
20033
20034
44530
20035
21043
44531
20035
21044
20094
21045
20038
20040
44151
20038
20041
44152
44583
20042
20043
44153
20040
20041
44585
20042
20042
21058
44587
20047
21059
20044
20047
20048
20050
44602
20046
20052
21063
20048
44605
44606
20053
44541
20051
20096
20053
44544
20054
20056
21069
44545
20058
21071
20057
44548
20057
20058
44551
20059
20061
21076
44552
20059
21077
20063
21078
20062
44555
20062
20063
44558
20064
20068
21083
44559
20064
21084
20070
21085
20069
44562
20067
20072
20117
20069
20070
44565
20074
21090
44566
21091
20073
20073
20076
20077
20079
44609
20075
21097
20077
44612
20083
44613
20080
20082
44158
20080
20083
44159
20084
44160
44589
20082
20083
20084
21103
44591
20084
21104
21105
44593
20087
20089
44576
20087
20090
20091
20089
20090
44579
20091
21116
44580
20091
20125
21117
21118
20093
20094
20095
44596
20095
21123
44598
21124
44600
20098
20100
44172
20098
20101
44173
44604
20102
20104
44174
20100
20101
44606
20102
20106
20102
21140
44608
20108
21141
20105
20107
44179
20105
20108
44180
20109
20111
44181
20107
20108
20109
20113
20109
21147
20115
21148
20112
20114
44186
20112
20115
44187
20116
20118
44188
20114
20115
20116
20120
20116
21153
20122
21154
20119
20121
44193
20119
20122
44194
20123
44195
44610
20121
20122
20123
21159
44612
20123
21160
21161
44614
20126
44618
20126
44620
21179
44622
20128
20130
44597
20131
44624
20130
44600
20131
21182
44601
44626
21183
44628
20135
44618
20136
44632
20135
20136
44621
44634
21201
44622
21202
44636
20139
20141
44625
20139
20142
20143
20151
44638
20141
20142
44628
20143
21206
44629
44640
20143
21207
20152
21208
44642
20146
20148
44632
20146
20149
44646
20150
20148
20149
44635
44648
20150
21213
44636
20150
20163
21214
44650
21215
20152
20155
21220
20154
20156
44639
20157
44652
20156
44642
20157
21222
44643
44654
21223
44656
20161
44646
20162
44660
20161
20162
44649
44662
20163
21227
44650
21228
44664
20166
44653
20166
44656
20170
21233
44657
20169
20171
20169
20172
20173
44666
20171
20172
20173
21236
44668
20173
21237
21238
44670
20176
20178
20176
20179
44674
20180
20178
20179
44676
20180
20182
21243
20180
21244
44678
21245
20183
44660
20183
44663
21250
44664
20186
44667
20186
44670
20190
21253
44671
20189
20191
20189
20192
20193
20195
20191
20192
20193
20197
21256
20193
21257
20199
21258
20196
20198
20196
20199
20200
20202
20198
20199
20200
20204
21263
20200
21264
20206
21265
20203
20205
20203
20206
20207
20209
20246
20205
20206
20207
20211
21270
20207
20247
21271
20213
20248
21272
20210
20212
20210
20213
20214
20216
20249
20212
20213
20214
20218
21277
20214
20250
21278
20220
20251
21279
20217
20219
20217
20220
20221
20223
20252
20219
20220
20221
20225
21284
20221
20253
21285
20227
20254
21286
20224
20226
20224
20227
20228
20230
20255
20226
20227
20228
20232
21291
20228
20256
21292
20234
20257
21293
20231
20233
20231
20234
20235
20237
20233
20234
20235
20239
21298
20235
21299
20241
21300
20238
20240
20238
20241
20242
20240
20241
20242
20244
21305
20242
21306
21307
20245
44674
20245
44677
21312
44678
20248
20248
20250
21315
20251
20251
20253
21318
20254
20254
20256
21321
20257
20257
21324
20259
20260
20261
20262
20292
20261
20295
21327
20264
20296
21328
20263
20264
20265
20266
20299
20265
20302
21331
20268
20303
21332
20267
20268
20269
20270
20306
20269
20309
21335
20272
20310
21336
20271
20272
20273
20313
20273
20316
21339
20317
21340
20275
20276
20277
20279
44679
20277
21343
44682
20283
21344
44683
20280
20282
20280
20283
20284
20286
20282
20283
20284
20288
21347
20284
21348
20290
21349
20287
20289
20287
20290
20291
20293
20289
20290
20291
20295
21354
20291
21355
20297
21356
20294
20296
20294
20297
20298
20300
20296
20297
20298
20302
21361
20298
21362
20304
21363
20301
20303
20301
20304
20305
20307
20303
20304
20305
20309
21368
20305
21369
20311
21370
20308
20310
20308
20311
20312
20314
20310
20311
20312
20316
21375
20312
21376
20318
21377
20315
20317
20315
20318
20319
20321
20317
20318
20319
20323
21382
20319
21383
20325
21384
20322
20324
20322
20325
20326
20328
20324
20325
20326
20330
21389
20326
21390
20332
21391
20329
20331
20329
20332
20333
20334
20331
20332
20333
21396
20333
21397
20336
21398
20335
20336
20337
44686
20337
21403
44689
21404
44690
20339
20340
20341
20343
44693
20341
21407
44696
20347
21408
44697
20344
20346
20344
20347
20348
44680
20346
20347
20348
21411
44682
20348
21412
21413
44684
20351
20353
20351
20354
44688
20355
20356
20353
20354
44690
20355
21418
20355
21419
44692
20358
21420
20357
20358
20359
44700
20359
21425
44703
21426
44704
20361
20363
20375
20366
20379
21429
20364
20365
20364
20366
20367
44694
44707
20367
21431
44696
20367
21432
44710
21433
44698
44711
20369
20371
44702
20372
20373
44714
20371
44704
20372
21437
44706
44717
20374
21438
44718
20374
20385
21442
20377
20379
20377
20380
20381
44708
44721
20379
20380
20381
21444
44710
20381
21445
44724
21446
44712
44725
20384
20386
20384
20387
44716
20388
44756
20386
20387
44718
20388
21451
20388
21452
44720
44759
21453
44760
20391
20392
20391
20393
20394
44722
44763
20394
21458
44724
20394
21459
44766
21460
44726
44767
20397
20399
20397
20400
44737
20401
20403
20437
20399
20400
44739
20401
20405
21478
20401
20439
21479
44741
20407
20440
21480
20404
20406
20404
20407
20408
20443
44743
20406
20407
20408
21483
44745
20408
20445
21484
20446
21485
44747
20410
20412
44758
20413
44770
20412
44760
20413
21502
44762
44773
21503
44774
20415
20416
20417
20471
44764
20417
21507
44766
20475
21508
44768
20420
20422
20420
20423
20424
20426
20485
20422
20423
20424
20428
21518
20424
20488
21519
20430
21520
20427
20429
44326
44730
20427
20430
44327
20432
44328
20429
20430
44733
20433
21524
44734
20434
44737
20434
44740
20439
44741
20436
20501
21529
20441
20502
21530
20440
20442
20444
20505
20440
20445
20442
20508
21536
20447
20509
21537
20446
20447
20446
20451
20448
20515
21543
20453
20516
21544
20450
20452
44744
20456
20452
44747
20458
44748
20454
20522
21549
20523
21550
20457
20459
44333
44751
20457
44334
20460
20462
44335
20459
44754
20460
20464
21555
44755
20466
20463
20465
20463
20466
20467
20532
20465
20466
20467
21560
20467
21561
20535
21562
20470
44772
20470
44774
20548
21573
44776
20473
20475
20473
20476
20477
44791
20475
20476
20477
21576
20477
21577
44794
21578
44795
20480
20482
44347
20480
20483
44348
44779
20484
20486
44349
20482
20483
44781
20484
20488
21590
20484
21591
44783
20490
20492
20567
20490
20570
21597
20496
20571
21598
20493
20495
20493
20496
20497
20499
44798
20495
20496
20497
20501
45141
20497
44801
45142
20503
44802
45143
20500
20502
20500
20503
20504
20506
20502
20503
20504
20508
45148
20504
45149
20510
45150
20507
20509
20507
20510
20511
20513
20509
20510
20511
20515
20511
20517
20514
20516
20514
20517
20518
20520
20516
20517
20518
20522
20518
20524
20521
20523
20521
20524
20525
20526
20523
20524
20525
20528
45155
20525
45156
20530
45157
20527
20530
20531
20533
44805
20529
20530
20531
45162
20531
44808
45163
20536
44809
45164
20534
20535
20536
20539
20541
20537
20577
21603
20578
21604
20540
20542
44354
20540
20543
44355
20544
20581
44356
44785
20542
20543
20544
21609
44787
20544
21611
44789
20547
20549
20547
20550
20551
44812
20549
20550
20551
21622
20551
21623
44815
21624
44816
20553
20554
20555
20596
44792
20555
21629
44794
20600
21630
44796
20558
20560
44368
44779
20558
20561
44369
20562
20610
44370
20560
20561
44782
20562
21640
44783
20562
20613
21641
20566
20568
20616
20566
20570
21646
20566
20619
21647
20572
20620
21648
20569
20571
20569
20572
20573
44799
20571
20572
20573
44801
45176
20573
45177
44803
45178
20576
20578
20576
20579
44807
20580
20582
20578
20579
44809
20580
20583
45183
20580
44811
45184
20584
45185
20584
20584
20585
20626
21654
20627
21655
20588
20590
44403
44786
20588
20591
44404
20592
20630
44405
20590
20591
44789
20592
21660
44790
20592
20634
21662
20595
44814
20595
44816
20646
21673
44818
20598
20600
20598
20601
20602
20650
20600
20601
20602
21676
20602
20653
21677
20654
21678
20605
20607
20605
20608
20609
20611
20657
20607
20608
20609
20613
21683
20609
20660
21684
20661
21685
20615
20617
20663
20615
20619
21689
20621
20667
21691
20618
20620
20618
20621
20622
44826
20620
20621
20622
45204
20622
44829
45205
44830
45206
20625
20627
20625
20628
20629
20631
44833
20627
20628
20629
20633
45211
20629
44836
45212
20635
44837
45213
20632
20634
20635
20637
20635
20639
20672
21696
20638
20640
20638
20641
20642
20676
20640
20641
20642
21702
20642
20679
21703
20680
21704
20645
20647
20645
20648
20649
20682
20647
20648
20649
21708
20649
20685
21709
20686
21710
20652
20654
20652
20655
20656
20693
20654
20655
20656
21715
20656
20696
21716
20697
21717
20659
20661
44431
20659
20662
44432
44821
20700
44433
20661
20662
44823
20702
21729
44825
20665
20667
20665
20668
20669
20706
44827
20667
20668
20669
41111
44829
20669
20709
41112
20710
41113
44831
20671
20674
44835
20675
20713
20673
20674
44837
20675
41118
20675
20716
41119
44839
20717
41120
20678
20680
44438
20678
44439
20681
20720
44440
44841
20680
20681
21733
44843
20723
21735
44845
20684
20686
20684
20687
20688
20726
20686
20687
20688
21745
20688
20729
21746
20730
21747
20690
20691
20692
20694
20736
20692
20696
21752
20698
20738
21753
20695
20697
20695
20698
20699
20740
20697
20698
20699
21756
20699
20743
21757
20744
21758
20704
44849
20704
44851
20705
20709
21770
20756
44853
20711
20757
21771
20708
20710
20708
20711
20712
20760
20710
20711
20712
45225
20712
20763
45226
20764
45227
20715
20717
20715
20718
20719
20767
20717
20718
20719
20722
45232
20719
20770
45233
20724
20771
45234
20721
20723
20725
20774
44855
20724
20725
44857
20777
21776
20778
44859
20728
20730
20728
20731
20732
20733
20788
20730
20731
20732
20734
21788
20732
20791
21789
20735
20792
21790
20735
20735
20796
21795
20737
20738
20739
20741
20798
20739
20743
21798
20745
20800
21799
20742
20744
20742
20745
20746
20802
20744
20745
20746
21802
20746
20805
21803
20806
21804
20749
20751
44849
20749
20752
20753
20754
20809
20751
20752
44852
20753
20756
21809
44853
20753
20812
21810
20758
20813
21811
20758
20759
20761
20816
20758
20759
20763
21814
20818
20765
20819
21816
20762
20764
20762
20765
20766
20822
20764
20765
20766
20766
20825
20826
20769
20771
20769
20772
20773
20775
20829
20771
20772
20773
20777
20773
20832
20779
20833
20776
20778
20779
20780
20782
20836
20779
20780
20784
20838
21822
20786
20839
20783
20785
44856
20783
20786
20787
20842
20785
20786
44859
20787
21828
44860
20787
20845
21829
20846
21830
20790
20792
20790
20793
20794
20795
20849
20792
20793
20794
20796
21833
20794
20852
21834
20797
20853
21835
20797
20797
20857
21840
20799
20800
20801
20803
20859
20801
20805
21843
20807
20861
21844
20804
20806
20804
20807
20808
20863
20806
20807
20808
21847
20808
20866
21848
20867
21849
20811
20813
20811
20814
20815
20817
44861
20813
20814
20815
20818
21854
20815
21855
44864
20820
21856
44865
20819
20820
20820
20821
20825
21859
20872
20827
20873
21861
20824
20826
20824
20827
20828
20876
20826
20827
20828
20828
20879
20880
20831
20833
20831
20834
20835
20883
20833
20834
20835
20838
20835
20886
20840
20887
20837
20839
20841
20843
20890
20840
20841
20845
20893
21867
20847
20894
20844
20846
20844
20847
20848
44868
20846
20847
20848
21873
20848
21874
44871
21875
44872
20851
20853
20851
20854
20855
20856
20897
20853
20854
20855
20857
21878
20855
20900
21879
20858
20901
21880
20858
20858
20905
21885
20860
20861
20862
20864
20862
20866
21888
20868
21889
20865
20867
20865
20868
20869
20907
20867
20868
20869
21892
20869
20910
21893
20911
21894
20871
20874
44863
20914
20874
44865
20875
20879
21906
20917
44867
20881
21907
20878
20880
20878
20881
20882
20920
20880
20881
20882
45267
20882
20922
45268
20923
45269
20885
20887
20885
20888
20889
20926
20887
20888
20889
20893
45274
20889
20928
45275
20895
20929
45276
20892
20894
20892
20896
20932
44869
20895
20896
44871
21912
20935
44873
20899
20901
20899
20902
20903
20904
20938
20901
20902
20903
20905
21924
20903
20941
21925
20906
20942
21926
20906
20906
21931
20909
20911
20909
20912
20913
20945
20911
20912
20913
21934
20913
20948
21935
20949
21936
20916
44501
20916
20918
44502
44877
20919
20952
44503
20918
44879
20919
20955
21949
44881
20956
20921
20923
20925
20959
44883
20923
20924
20925
41125
44885
20925
41126
20962
41127
44887
20929
20930
44891
20929
20930
44893
20931
41132
20931
20982
41133
44895
41134
20934
20935
44508
20934
20936
44509
20937
20985
44510
44897
20937
21952
44899
20937
20988
20989
21953
44901
20940
20942
20940
20943
20944
20992
20942
20943
20944
21963
20944
20995
21964
20996
21965
20947
20949
20947
20950
20951
20999
20949
20950
20951
21970
20951
21971
21001
21972
20954
20956
20954
20957
20958
20960
20956
20957
20958
21977
20958
21978
20963
21979
20962
20961
20963
21003
20964
20968
21983
21006
20970
21984
20967
20969
44884
20967
20970
20971
21010
20969
20970
44887
20971
44888
45288
20971
21012
45289
21013
45290
20974
20976
44891
20974
20977
20978
20976
20977
44894
20978
20982
44895
45295
20978
21030
45296
20983
21031
45297
20981
20981
20984
20986
21033
20983
21990
20990
21037
20987
20989
20987
20990
20991
20989
20990
20991
21995
20991
21996
21997
20994
20996
20994
20997
20998
20996
20997
20998
22001
20998
21041
22002
22003
21000
21001
21002
44904
21002
22008
44906
22009
44908
21005
21007
44536
21005
21008
44537
21009
21011
44538
44931
21007
21008
21009
21009
22020
44934
22021
44935
21013
21013
21014
21018
22025
21020
22027
21017
21019
21017
21020
21021
21057
44911
21019
21020
21021
44913
45316
21021
21060
45317
21061
44915
45318
21024
21026
21024
21027
44919
21028
21026
21027
44921
21028
21030
45323
21028
21106
44923
45324
21032
21107
45325
21034
21109
21031
21032
22032
22033
21035
21037
44571
21035
21038
44572
21039
44573
44938
21037
21038
21039
22039
21039
22040
44941
22041
44942
21042
44926
21042
44928
22052
44930
21045
21047
44905
21045
21048
21049
21123
21047
21048
44908
21049
22055
44909
21049
22056
21125
22057
21052
21054
44585
21052
21055
44586
44933
21056
21058
44587
21054
21055
44935
21056
21056
22070
44937
21062
22071
21061
21059
21062
21127
21061
21065
22075
21130
21064
21066
44912
21068
21070
21066
21067
44915
21068
21072
44916
45337
21068
45338
21074
45339
21071
21073
21071
21074
21075
21077
21073
21074
21075
21079
45344
21075
21142
45345
21081
21143
45346
21078
21080
21078
21081
21082
21084
21146
21080
21081
21082
21086
21082
21149
21088
21150
21085
21087
21085
21088
21089
21091
21087
21088
21089
21093
21089
21155
21095
21156
21092
21094
21092
21095
21096
21098
21094
21095
21096
21099
45351
21096
21162
45352
21101
21163
45353
21100
44919
21101
21100
21101
44922
21102
21106
44923
45358
21102
45359
45360
21105
21105
21108
21110
21172
21107
22081
21114
21176
21111
21113
44592
21111
21114
44593
21115
44594
44939
21113
21114
21115
22087
44941
21115
22088
22089
44943
21118
21120
44926
21118
21121
21122
21120
21121
44929
21122
22100
44930
21122
21180
22101
22102
21124
21125
21126
44946
21126
22107
44948
22108
44950
21129
21131
21129
21132
21133
21135
21131
21132
21133
21137
22118
21133
22119
21138
22120
21136
44606
21136
21138
44607
21139
21140
44608
44966
21138
21139
22125
44969
21144
22126
44970
21141
21144
21145
21147
44973
21143
21149
22129
21145
44976
21151
44977
21150
21148
21151
21152
21153
21187
21150
21155
22134
21152
21190
21157
21191
21154
21157
21158
21160
21194
21156
21162
22141
21158
21197
21164
21198
21161
21161
21164
21165
21167
44980
21163
22148
21165
44983
21170
44984
21168
21169
44613
21168
21170
44614
21171
21173
44615
44987
21171
21175
21171
22154
44990
21177
22155
44991
21174
21176
21174
21177
21178
21176
21177
21178
22158
21178
22159
22160
21181
44954
21181
44956
22171
44958
21183
21185
44947
21186
44960
21185
44950
21186
22174
44951
44962
22175
44964
21189
21191
21189
21192
44975
21193
21195
21191
21192
44977
21193
21197
22193
21193
22194
44979
21199
22195
21196
21198
21196
21199
21200
44981
21198
21199
21200
22198
44983
21200
22199
22200
44985
21204
44954
21205
44996
21204
21205
44957
44998
22217
44958
22218
45000
21208
21210
44961
21208
21211
21212
21220
45002
21210
21211
44964
21212
22222
44965
45004
21212
22223
21221
22224
45006
21215
21217
44996
21215
21218
45010
21219
21217
21218
44999
45012
21219
22229
45000
21219
21232
22230
45014
22231
21221
21224
22236
21223
21225
45003
21226
45016
21225
45006
21226
22238
45007
45018
22239
45020
21230
45010
21231
45024
21230
21231
45013
45026
21232
22243
45014
22244
45028
21235
45017
21235
45020
21239
22249
45021
21238
21240
21238
21241
21242
45030
21240
21241
21242
22252
45032
21242
22253
22254
45034
21245
21247
21245
21248
45038
21249
21247
21248
45040
21249
21251
22259
21249
22260
45042
22261
21252
45024
21252
45027
22266
45028
21255
45031
21255
45034
21259
22269
45035
21258
21260
21258
21261
21262
21264
21260
21261
21262
21266
22272
21262
22273
21268
22274
21265
21267
21265
21268
21269
21271
21267
21268
21269
21273
22279
21269
22280
21275
22281
21272
21274
21272
21275
21276
21278
21315
21274
21275
21276
21280
22286
21276
21316
22287
21282
21317
22288
21279
21281
21279
21282
21283
21285
21318
21281
21282
21283
21287
22293
21283
21319
22294
21289
21320
22295
21286
21288
21286
21289
21290
21292
21321
21288
21289
21290
21294
22300
21290
21322
22301
21296
21323
22302
21293
21295
21293
21296
21297
21299
21324
21295
21296
21297
21301
22307
21297
21325
22308
21303
21326
22309
21300
21302
21300
21303
21304
21306
21302
21303
21304
21308
22314
21304
22315
21310
22316
21307
21309
21307
21310
21311
21309
21310
21311
21313
22321
21311
22322
22323
21314
45038
21314
45041
22328
45042
21317
21317
21319
22331
21320
21320
21322
22334
21323
21323
21325
22337
21326
21326
22340
21328
21329
21330
21331
21361
21330
21364
22343
21333
21365
22344
21332
21333
21334
21335
21368
21334
21371
22347
21337
21372
22348
21336
21337
21338
21339
21375
21338
21378
22351
21341
21379
22352
21340
21341
21342
21382
21342
21385
22355
21386
22356
21344
21345
21346
21348
45043
21346
22359
45046
21352
22360
45047
21349
21351
21349
21352
21353
21355
21351
21352
21353
21357
22363
21353
22364
21359
22365
21356
21358
21356
21359
21360
21362
21358
21359
21360
21364
22370
21360
22371
21366
22372
21363
21365
21363
21366
21367
21369
21365
21366
21367
21371
22377
21367
22378
21373
22379
21370
21372
21370
21373
21374
21376
21372
21373
21374
21378
22384
21374
22385
21380
22386
21377
21379
21377
21380
21381
21383
21379
21380
21381
21385
22391
21381
22392
21387
22393
21384
21386
21384
21387
21388
21390
21386
21387
21388
21392
22398
21388
22399
21394
22400
21391
21393
21391
21394
21395
21397
21393
21394
21395
21399
22405
21395
22406
21401
22407
21398
21400
21398
21401
21402
21403
21400
21401
21402
22412
21402
22413
21405
22414
21404
21405
21406
45050
21406
22419
45053
22420
45054
21408
21409
21410
21412
45057
21410
22423
45060
21416
22424
45061
21413
21415
21413
21416
21417
45044
21415
21416
21417
22427
45046
21417
22428
22429
45048
21420
21422
21420
21423
45052
21424
21425
21422
21423
45054
21424
22434
21424
22435
45056
21427
22436
21426
21427
21428
45064
21428
22441
45067
22442
45068
21430
21432
21444
21435
21448
22445
21433
21434
21433
21435
21436
45058
45071
21436
22447
45060
21436
22448
45074
22449
45062
45075
21438
21440
45066
21441
21442
45092
21440
45068
21441
22453
45070
45095
21443
22454
45096
21443
21454
22458
21446
21448
21446
21449
21450
45072
45099
21448
21449
21450
22460
45074
21450
22461
45102
22462
45076
45103
21453
21455
21453
21456
45094
21457
45120
21455
21456
45096
21457
22495
21457
22496
45098
45123
22497
45124
21460
21461
21460
21462
21463
45100
45127
21463
22502
45102
21463
22503
45130
22504
45104
45131
21466
21468
44732
21466
21469
44733
45108
21470
21472
21524
44734
21468
21469
45110
21470
21474
22515
21470
22516
45112
21476
22517
21473
21475
44739
21473
21476
44740
21477
21479
44741
21475
21476
21477
21481
22521
21477
21480
21482
45080
21480
21484
21482
45083
21486
22527
45084
21485
21487
45087
21485
21489
21487
45090
21491
22533
45091
21490
21492
44746
21490
21493
44747
21494
21496
44748
21492
21493
21494
21498
22539
21494
21500
21497
21499
44753
21497
21500
44754
21501
21555
44755
45114
21499
21500
21501
22545
45116
21501
22546
22547
45118
21503
21505
45122
21506
45134
21505
45124
21506
22558
45126
45137
22559
45138
21508
21509
21510
21576
45128
21510
22563
45130
21580
22564
45132
21513
21515
21513
21516
21517
21519
21590
21515
21516
21517
21521
22567
21517
21593
22568
21520
21522
45108
21520
21522
45111
45112
21527
21600
22574
21526
21527
21528
21529
45141
21528
22579
45144
21533
22580
45145
21530
21533
21534
21536
45148
21532
21533
21534
21538
22585
21534
22586
45151
21540
22587
45152
21537
21539
21537
21540
21541
21543
21539
21540
21541
21545
45561
21541
45562
21547
45563
21544
21546
21544
21547
21548
21549
21546
21547
21548
21551
45568
21548
45569
21553
45570
21550
21553
21554
21556
45155
21552
21553
21554
22592
21554
22593
45158
21558
22594
45159
21557
21558
21559
45162
21559
22600
45165
21565
22601
45166
21562
21564
45115
21562
21567
21564
45118
21569
22606
45119
21605
22607
21568
21570
21568
21571
21572
21609
21570
21571
21572
22612
21572
21612
22613
21575
45136
21575
45138
21625
22618
45140
21578
21580
21578
21581
21582
45169
21580
21581
21582
22621
21582
22622
45172
22623
45173
21585
21587
44781
21585
21588
44782
21589
21591
21640
44783
21587
21588
21589
21593
22628
21589
21643
22629
21595
21597
21646
21595
21649
22635
21601
21650
22636
21598
21600
21598
21601
21602
45142
45176
21600
21601
21602
45144
45596
21602
45179
45597
45146
45180
45598
21604
21607
45164
21608
21610
45183
21606
21607
45166
21608
45603
21608
45168
45186
45604
21613
45187
45605
21611
21612
21613
21616
21618
21614
21656
22641
21657
22642
21617
21619
44788
21617
21620
44789
21621
21660
44790
21619
21620
21621
22647
21621
21664
22648
21624
21626
21624
21627
21628
45190
21626
21627
21628
22653
21628
22654
45193
22655
45194
21630
21631
21632
21676
45170
21632
22660
45172
21680
22661
45174
21635
21637
21635
21638
21639
21641
21683
21637
21638
21639
21643
22664
21639
21686
22665
21645
21647
21689
21645
21649
22670
21651
21693
22672
21648
21650
21648
21651
21652
45177
45204
21650
21651
21652
45179
45631
21652
45207
45632
45181
45208
45633
21655
21657
21655
21658
45185
21659
21661
45211
21657
21658
45187
21659
21663
45638
21659
45189
45214
45639
21665
45215
45640
21662
21664
21665
21667
21665
21669
21698
22677
21668
21670
21668
21671
21672
21702
21670
21671
21672
22683
21672
21705
22684
21675
45192
21675
45194
21711
22689
45196
21678
21680
21678
21681
21682
21715
21680
21681
21682
22692
21682
21718
22693
21719
22694
21685
21685
21687
45199
21687
45201
45203
21694
21731
22707
21691
21693
21691
21694
21695
41111
45205
21693
21694
21695
45207
45659
21695
41114
45660
41115
45209
45661
21697
21700
45213
21701
41118
21699
21700
45215
21701
45666
21701
41121
45217
45667
21706
41122
45668
21704
21705
21704
21707
21733
45219
21707
22711
45221
21736
22712
45223
21710
21712
21710
21713
21714
21745
21712
21713
21714
22723
21714
21748
22724
21749
22725
21717
21719
21717
21720
21721
21756
21719
21720
21721
22730
21721
21759
22731
21760
22732
21724
21726
44823
45199
21724
21727
44824
21728
21729
21763
44825
21726
21727
45202
21728
22737
45203
21728
21766
22738
21767
22739
21732
21770
41112
21732
22743
41114
21773
22745
41116
21735
21737
41120
21739
21737
41122
21777
22751
41124
21740
21742
44844
45220
21740
21743
44845
21744
21781
44846
21742
21743
45223
21744
22757
45224
21744
21784
22758
21785
22759
21747
21749
21747
21750
21751
21788
21749
21750
21751
22763
21751
21791
22764
21792
22765
21753
21754
21755
21757
21798
21755
21759
22770
21761
21800
22771
21758
21760
21758
21761
21762
21802
21760
21761
21762
22774
21762
21805
22775
21806
22776
21765
21767
44851
21765
21768
44852
21769
21809
44853
21767
21768
21769
21769
21812
22788
21771
21773
21775
21814
45226
21773
21774
21775
22794
45228
21775
21817
22795
21818
22796
45230
21779
45234
21778
21779
45236
21780
22801
21780
21824
22802
45238
21825
22803
21783
21785
44858
21783
21786
44859
21787
21828
44860
21785
21786
21787
22808
21787
21831
22810
21790
21792
21790
21793
21794
21795
21833
21792
21793
21794
21796
22822
21794
21836
22823
21797
21837
22824
21797
21797
21841
22829
21799
21800
21801
21803
21843
21801
21805
22832
21807
21845
22833
21804
21806
21804
21807
21808
21847
21806
21807
21808
22836
21808
21850
22837
21851
22838
21811
21811
21813
45241
21854
21813
45243
21857
22851
45245
21816
21818
21816
21819
21820
21859
21818
21819
21820
45687
21820
21862
45688
21863
45689
21823
21825
21823
21826
21827
21866
21825
21826
21827
45694
21827
21869
45695
21870
45696
21830
21831
21830
21832
21873
45247
21832
22856
45249
21876
22858
45251
21835
21837
21835
21838
21839
21840
21878
21837
21838
21839
21841
22869
21839
21881
22870
21842
21882
22871
21842
21842
21886
22876
21844
21845
21846
21848
21888
21846
21850
22879
21852
21890
22880
21849
21851
21849
21852
21853
21892
21851
21852
21853
22883
21853
21895
22884
21896
22885
21856
21856
21858
45255
21899
21858
45257
21902
22898
45259
21861
21863
21861
21864
21865
21906
21863
21864
21865
45701
21865
21908
45702
21909
45703
21868
21870
21868
21871
21872
21870
21871
21872
45708
21872
21913
45709
21914
45710
21875
21876
21875
21877
21917
45261
21877
22903
45263
21921
22905
45265
21880
21882
21880
21883
21884
21885
21924
21882
21883
21884
21886
22916
21884
21927
22917
21887
21928
22918
21887
21887
21932
22923
21889
21890
21891
21893
21891
21895
22926
21897
22927
21894
21896
21894
21897
21898
21934
21896
21897
21898
22930
21898
21937
22931
21938
22932
21901
21903
44865
21901
21904
44866
21905
21941
44867
21903
21904
21905
21905
21944
22945
21945
21907
21909
21911
21948
45268
21909
21910
21911
22950
45270
21911
22951
21950
22952
45272
21915
45276
21914
21915
45278
21916
22957
21916
21954
22958
45280
22959
21919
21921
44872
21919
21922
44873
21923
21956
44874
21921
21922
21923
22964
21923
21959
21960
22965
21926
21928
21926
21929
21930
21931
21963
21928
21929
21930
21932
22977
21930
21966
22978
21933
21967
22979
21933
21933
22984
21936
21938
21936
21939
21940
21970
21938
21939
21940
22987
21940
21973
22988
21974
22989
21943
21945
44879
21943
21946
44880
21947
21949
44881
45281
21945
21946
21947
22994
21947
22995
45284
22996
45285
21950
21951
23000
41128
21981
23002
41130
21953
21957
21995
21955
41136
21998
23008
41138
21958
21960
44900
21958
21961
44901
21962
44902
45302
21960
21961
21962
23014
21962
23015
45305
23016
45306
21965
21967
21965
21968
21969
22001
21967
21968
21969
23020
21969
22004
23021
22005
23022
21972
21974
21972
21975
21976
22008
21974
21975
21976
23027
21976
23028
22010
23029
21979
21979
21982
45283
22012
21982
45285
21985
23041
22015
23042
45287
21984
21986
41127
21988
22019
45289
21986
21987
41130
21988
41131
45291
45729
21988
45730
22022
45293
45731
21992
41134
21993
45297
21992
21993
41137
45299
21994
21998
41138
45736
21994
22042
45301
45737
45738
21997
21999
21997
22000
22045
45303
22000
45305
22049
23048
45307
22003
22005
22003
22006
22007
22005
22006
22007
23059
22007
22053
23060
23061
22009
22010
22011
45310
22011
23066
45312
23067
45314
22014
22016
22014
22017
22018
22020
22016
22017
22018
22018
23070
22023
23071
22022
22021
22023
22062
22024
22028
23076
22065
22030
23077
22027
22029
45290
22027
22030
22031
22069
45317
22029
22030
45293
22031
45294
45319
45757
22031
22072
45758
22073
45321
45759
22034
22036
45297
22034
22037
45325
22038
22036
22037
45300
45327
22038
22042
45301
45764
22038
22090
45329
45765
22043
22091
45766
22041
22041
22044
22046
22093
22043
23083
22050
22097
22047
22049
22047
22050
22051
22049
22050
22051
23088
22051
23089
23090
22054
45332
22054
45334
23095
45336
22057
22059
45311
22057
22060
22061
22107
22059
22060
45314
22061
23098
45315
22061
23099
22109
23100
22064
22066
44935
22064
22067
44936
22068
22070
44937
22066
22067
22068
22068
23105
22074
23106
22073
22071
22074
22111
22073
22077
23111
22114
22076
22078
45318
22080
45338
22078
22079
45321
22080
45322
45340
45792
22080
45793
22121
45342
45794
22084
45325
22085
45360
22084
22085
45328
45362
22086
22090
45329
45799
22086
22161
45364
45800
45801
22089
22089
22092
22094
22164
22091
23117
22098
22168
22095
22097
44942
22095
22098
44943
22099
44944
22097
22098
22099
23123
22099
23124
23125
22102
22104
45332
22102
22105
22106
22104
22105
45335
22106
23130
45336
22106
22172
23131
23132
22108
22109
22110
45366
22110
23137
45368
23138
45370
22113
22115
22113
22116
22117
22119
22115
22116
22117
22117
23141
22122
23142
22120
22120
22122
22123
22125
45386
22127
23147
22123
23148
45389
45390
22128
45339
22126
22179
22128
45342
22130
23152
45343
22131
45346
22131
22132
45349
22133
22137
23159
45350
22133
23160
22139
23161
22136
22138
22136
22139
22140
22142
22138
22139
22140
22144
45827
22140
45828
22146
45829
22143
22145
22143
22146
22147
22145
22146
22147
22149
45834
22147
45835
22151
45836
22150
45353
22150
22151
45356
22152
22156
23166
45357
22152
23167
23168
22157
45360
22155
22159
22210
22157
45363
22161
23173
45364
22160
22160
22162
22163
22165
45393
22163
45396
22169
23181
45397
22166
22168
22166
22169
22170
22168
22169
22170
23185
22170
23186
23187
22173
45374
22173
45376
23192
45378
22175
22177
45367
22178
45380
22177
45370
22178
23195
45371
45382
23196
45384
22181
22183
44970
22181
22184
44971
45388
22185
22187
44972
22183
22184
45390
22185
22189
23207
22185
23208
45392
22191
23209
22188
22190
44977
22188
22191
44978
22192
22194
44979
22190
22191
22192
22192
23214
22196
23215
22195
22195
22196
22197
22199
45414
22197
23221
45417
22201
23222
45418
22200
22200
22201
22202
22204
45421
22202
23227
45424
22208
23228
45425
22205
22207
44984
22205
22208
44985
22209
22211
44986
22207
22208
22209
22213
22209
23232
22215
23233
22212
22214
44991
22212
22215
44992
22216
44993
45394
22214
22215
22216
23238
45396
22216
23239
23240
45398
22220
45374
22221
45402
22220
22221
45377
45404
23251
45378
23252
45406
22224
22226
45381
22224
22227
22228
22236
45408
22226
22227
45384
22228
23256
45385
45410
22228
23257
22237
23258
45412
22231
22233
45402
22231
22234
45430
22235
22233
22234
45405
45432
22235
23291
45406
22235
22248
23292
45434
23293
22237
22240
23298
22239
22241
45409
22242
45436
22241
45412
22242
23300
45413
45438
23301
45440
22246
45430
22247
45444
22246
22247
45433
45446
22248
23305
45434
23306
45448
22251
45437
22251
45440
22255
23311
45441
22254
22256
22254
22257
22258
45450
22256
22257
22258
23314
45452
22258
23315
23316
45454
22261
22263
22261
22264
45458
22265
22263
22264
45460
22265
22267
23321
22265
23322
45462
23323
22268
45444
22268
45447
23328
45448
22271
45451
22271
45454
22275
23331
45455
22274
22276
22274
22277
22278
22280
22276
22277
22278
22282
23334
22278
23335
22284
23336
22281
22283
22281
22284
22285
22287
22283
22284
22285
22289
23341
22285
23342
22291
23343
22288
22290
22288
22291
22292
22294
22331
22290
22291
22292
22296
23348
22292
22332
23349
22298
22333
23350
22295
22297
22295
22298
22299
22301
22334
22297
22298
22299
22303
23355
22299
22335
23356
22305
22336
23357
22302
22304
22302
22305
22306
22308
22337
22304
22305
22306
22310
23362
22306
22338
23363
22312
22339
23364
22309
22311
22309
22312
22313
22315
22340
22311
22312
22313
22317
23369
22313
22341
23370
22319
22342
23371
22316
22318
22316
22319
22320
22322
22318
22319
22320
22324
23376
22320
23377
22326
23378
22323
22325
22323
22326
22327
22325
22326
22327
22329
23383
22327
23384
23385
22330
45458
22330
45461
23390
45462
22333
22333
22335
23393
22336
22336
22338
23396
22339
22339
22341
23399
22342
22342
23402
22344
22345
22346
22347
22377
22346
22380
23405
22349
22381
23406
22348
22349
22350
22351
22384
22350
22387
23409
22353
22388
23410
22352
22353
22354
22355
22391
22354
22394
23413
22357
22395
23414
22356
22357
22358
22398
22358
22401
23417
22402
23418
22360
22361
22362
22364
45463
22362
23421
45466
22368
23422
45467
22365
22367
22365
22368
22369
22371
22367
22368
22369
22373
23425
22369
23426
22375
23427
22372
22374
22372
22375
22376
22378
22374
22375
22376
22380
23432
22376
23433
22382
23434
22379
22381
22379
22382
22383
22385
22381
22382
22383
22387
23439
22383
23440
22389
23441
22386
22388
22386
22389
22390
22392
22388
22389
22390
22394
23446
22390
23447
22396
23448
22393
22395
22393
22396
22397
22399
22395
22396
22397
22401
23453
22397
23454
22403
23455
22400
22402
22400
22403
22404
22406
22402
22403
22404
22408
23460
22404
23461
22410
23462
22407
22409
22407
22410
22411
22413
22409
22410
22411
22415
23467
22411
23468
22417
23469
22414
22416
22414
22417
22418
22419
22416
22417
22418
23474
22418
23475
22421
23476
22420
22421
22422
45470
22422
23481
45473
23482
45474
22424
22425
22426
22428
45477
22426
23485
45480
22432
23486
45481
22429
22431
22429
22432
22433
45464
22431
22432
22433
23489
45466
22433
23490
23491
45468
22436
22438
22436
22439
45472
22440
22441
22438
22439
45474
22440
23496
22440
23497
45476
22443
23498
22442
22443
22444
45484
22444
23503
45487
23504
45488
22446
22448
22460
22451
22464
23507
22449
22450
22449
22451
22452
45478
45491
22452
23509
45480
22452
23510
45494
23511
45482
45495
22454
22456
45486
22457
22458
45512
22456
45488
22457
23515
45490
45515
22459
23516
45516
22459
22498
23520
22462
22464
22462
22465
22466
45492
45519
22464
22465
22466
23522
45494
22466
23523
45522
23524
45496
45523
22469
22471
22469
22472
45500
22473
22475
22521
22471
22472
45502
22473
22477
23529
22473
22523
23530
45504
22479
22524
23531
22476
22478
45082
22476
22479
45083
22480
22482
22527
45084
22478
22479
22480
22484
23536
22480
22530
23537
22486
23538
22483
22485
45089
22483
22486
45090
22487
22489
22533
45091
22485
22486
22487
22491
23543
22487
23544
22493
22536
23545
22490
22492
22490
22493
22494
22539
45506
22492
22493
22494
23550
45508
22494
22541
23551
22542
23552
45510
22497
22499
22497
22500
45514
22501
45540
22499
22500
45516
22501
23557
22501
23558
45518
45543
23559
45544
22504
22505
22504
22506
22507
45520
45547
22507
23564
45522
22507
23565
45550
23566
45524
45551
22510
22512
45110
22510
22513
45111
45528
22514
22516
45112
22512
22513
45530
22514
22518
23570
22514
23571
45532
23572
22517
22519
45500
22517
22519
45503
22523
23577
45504
22525
22582
23578
22524
22526
22528
22585
22524
22530
23582
22526
22588
23583
22531
22589
23584
22529
22531
22532
22534
45561
22532
23589
45564
22537
23590
45565
22536
22535
22537
22538
22540
45568
22541
23594
22538
23595
45571
22543
23596
45572
22542
22543
22542
22548
23600
22544
22595
23601
22550
22596
23602
22547
22549
45507
22547
22552
22549
45510
22554
23607
45511
22602
23608
22553
22555
45117
22553
22556
45118
22557
22606
45119
45534
22555
22556
22557
23612
45536
22557
23613
23614
45538
22559
22561
45542
22562
45582
22561
45544
22562
23619
45546
45585
23620
45586
22564
22565
22566
22621
45548
22566
23624
45550
22625
23625
45552
22570
45528
22571
45556
22570
22571
45531
45558
23628
45532
23629
45560
22576
22638
23630
22574
22576
22577
22579
45596
22577
22581
23635
22577
23636
45599
22583
23637
45600
22580
22582
22580
22583
22584
22586
22582
22583
22584
22588
23641
22584
23642
22590
23643
22587
22589
22587
22590
22591
45562
22589
22590
22591
23648
45564
22591
23649
23650
45566
22594
22596
22594
22597
45570
22598
22600
22596
22597
45572
22598
22602
23655
22598
23656
45574
22604
23657
22601
22603
22601
22604
22605
22607
22603
22604
22605
22609
23662
22605
23663
22610
23664
22608
22610
22611
45603
22610
22611
23669
45606
22616
23670
45607
22613
22615
45535
22617
45576
22615
45538
22617
23674
45539
45578
22643
23675
23676
45580
22620
45584
22620
45586
22656
23681
45588
22623
22625
22623
22626
22627
45617
22625
22626
22627
23684
22627
23685
45620
23686
45621
22631
45556
22632
45591
22631
22632
45559
45593
23691
45560
23692
45595
22639
22674
23693
22636
22638
22636
22639
22640
45597
45631
22638
22639
22640
23698
45599
22640
23699
45634
23700
45601
45635
22642
22645
45605
22646
45638
22644
22645
45607
22646
23705
22646
23706
45609
45641
22651
23707
45642
22648
22650
45577
22652
45611
22650
45580
22652
23712
45581
45613
22679
23713
23714
45615
22655
22657
22655
22658
22659
45652
22657
22658
22659
23719
22659
23720
45655
23721
45656
22661
22662
22663
22692
45618
22663
23726
45620
22696
23727
45622
22667
45591
22668
45626
22667
22668
45594
45628
23730
45595
23731
45630
22675
22708
23732
22672
22674
22672
22675
22676
45632
45659
22674
22675
22676
23737
45634
22676
23738
45662
23739
45636
45663
22678
22681
45640
22682
45666
22680
22681
45642
22682
23744
22682
23745
45644
45669
22687
23746
45670
22684
22686
45612
22688
22711
45646
22686
45615
22688
23751
45616
45648
22713
23752
23753
45650
22691
45654
22691
45656
22726
23758
45658
22694
22696
22694
22697
22698
22730
22696
22697
22698
23761
22698
22733
23762
22734
23763
22701
22703
45201
45626
22701
22704
45202
22705
22737
45203
22703
22704
45629
22705
23768
45630
22705
22740
23769
23770
22707
22708
22710
22743
45660
22710
23775
45662
22710
22746
23776
22747
23777
45664
22714
45668
22714
45670
22715
22753
23781
45672
22754
23782
22718
22720
45222
45647
22718
22721
45223
22722
22757
45224
22720
22721
45650
22722
23786
45651
22722
23787
22760
23788
22725
22727
22725
22728
22729
22763
22727
22728
22729
23793
22729
22766
23794
22767
23795
22732
22734
22732
22735
22736
22774
22734
22735
22736
23800
22736
22777
23801
22778
23802
22739
22739
22741
45675
22741
45677
22790
23807
45679
22748
22791
23808
22745
22747
22745
22748
22749
22794
22747
22748
22749
23812
22749
22797
23813
22798
23814
22752
22754
22752
22755
22756
22801
22754
22755
22756
23819
22756
22804
23820
22761
22805
23821
22759
22760
22759
22762
22808
45681
22762
23826
45683
22811
23827
22812
23828
45685
22765
22767
22765
22768
22769
22822
22767
22768
22769
23832
22769
22825
23833
22826
23834
22771
22772
22773
22775
22832
22773
22777
23839
22779
22834
23840
22776
22778
22776
22779
22780
22836
22778
22779
22780
23843
22780
22839
23844
22840
23845
22783
22785
45675
22783
22786
22787
22788
22843
22785
22786
45678
22787
22790
23850
45679
22787
22846
23851
22792
22847
23852
22792
22793
22795
22850
22792
22793
22797
23857
22853
23858
22799
22854
23859
22796
22798
22796
22799
22800
45687
22798
22799
22800
23864
22800
23865
45690
23866
45691
22803
22805
22803
22806
22807
22809
45694
22805
22806
22807
22811
23871
22807
23872
45697
22813
23873
45698
22810
22812
22813
22814
22816
22856
22813
22814
22818
23878
22859
23879
22820
22860
23880
22817
22819
45682
22817
22820
22821
22862
22819
22820
45685
22821
23885
45686
22821
22865
23886
22866
23887
22824
22826
22824
22827
22828
22829
22869
22826
22827
22828
22830
23892
22828
22872
23893
22831
22873
23894
22831
22831
22877
23899
22833
22834
22835
22837
22879
22835
22839
23902
22841
22881
23903
22838
22840
22838
22841
22842
22883
22840
22841
22842
23906
22842
22886
23907
22887
23908
22845
22847
45243
22845
22848
45244
22849
22851
22890
45245
22847
22848
22849
22853
23913
22849
22893
23914
22894
23915
22852
22854
22855
22897
45688
22855
23920
45690
22900
23921
45692
22858
22860
22861
45696
22863
22903
22861
45698
22865
23925
22906
23926
45700
22864
22866
45250
22864
22867
45251
22868
22909
45252
22866
22867
22868
23930
22868
22912
23931
22913
23932
22871
22873
22871
22874
22875
22876
22916
22873
22874
22875
22877
23937
22875
22919
23938
22878
22920
23939
22878
22878
22924
23944
22880
22881
22882
22884
22926
22882
22886
23947
22888
22928
23948
22885
22887
22885
22888
22889
22930
22887
22888
22889
23951
22889
22933
23952
22934
23953
22892
22894
45257
22892
22895
45258
22896
22898
22937
45259
22894
22895
22896
23958
22896
22940
23959
22901
22941
23960
22899
22900
22901
22902
22944
45702
22902
23965
45704
22946
23966
22947
23967
45706
22905
22907
45710
22908
22910
22964
22907
45712
22966
23971
45714
22914
22967
23972
22911
22913
45264
22911
22914
45265
22915
22970
45266
22913
22914
22915
23976
22915
22973
23977
22974
23978
22918
22920
22918
22921
22922
22923
22977
22920
22921
22922
22924
23983
22922
22980
23984
22925
22981
23985
22925
22925
22985
23990
22927
22928
22929
22931
22929
22933
23993
22935
23994
22932
22934
22932
22935
22936
22987
22934
22935
22936
23997
22936
22990
23998
22991
23999
22939
22941
22939
22942
22943
22945
45715
22941
22942
22943
22946
24004
22943
24005
45718
22948
24006
45719
22947
22948
22948
22949
22953
24011
22997
24012
22955
22998
24013
22952
22954
45703
22952
22955
22956
23000
22954
22955
45706
22956
24018
45707
22956
23003
24019
23004
24020
22959
22961
45710
22959
22962
22963
23007
22961
22962
45713
22963
22966
24025
45714
22963
23010
24026
22968
23011
24027
22965
22967
22969
22971
23014
22968
22969
22973
24032
23017
24033
22975
23018
24034
22972
22974
22972
22975
22976
45722
22974
22975
22976
24039
22976
24040
45725
24041
45726
22979
22981
22979
22982
22983
22984
23020
22981
22982
22983
22985
24046
22983
23023
24047
22986
23024
24048
22986
22986
24053
22989
22991
22989
22992
22993
23027
22991
22992
22993
24056
22993
23030
24057
23031
24058
22996
22996
22999
45717
23034
22999
45719
23003
24063
23037
24064
45721
23002
23004
23002
23005
23006
23041
23004
23005
23006
24068
23006
23044
24069
23045
24070
23009
23011
23009
23012
23013
23011
23012
23013
23017
24075
23013
23049
24076
23050
24077
23016
23018
23016
23019
23052
45723
23019
24082
45725
23056
24083
45727
23022
23024
23022
23025
23026
23059
23024
23025
23026
24087
23026
23062
24088
23063
24089
23029
23031
23029
23032
23033
23066
23031
23032
23033
24094
23033
24095
23068
24096
23036
23038
45285
23036
23039
45286
23040
23042
45287
45750
23038
23039
23040
24101
23040
24102
45753
24103
45754
23043
23045
23046
45730
23045
23046
24108
45732
23073
24109
45734
23051
45738
23053
23088
23050
23051
45740
24113
23091
24114
45742
23054
23056
45306
23054
23057
45307
23058
45308
45771
23056
23057
23058
24118
23058
24119
45774
24120
45775
23061
23063
23061
23064
23065
23063
23064
23065
24125
23065
23096
24126
24127
23067
23068
23069
45744
23069
24132
45746
24133
45748
23071
23074
45752
23075
45785
23074
45754
23078
24136
23075
24137
45756
45788
24138
45789
23077
23079
45731
23081
45758
23079
23080
45734
23081
24143
45735
45760
23081
24144
23108
24145
45762
23085
45738
23086
45766
23085
23086
45741
45768
23087
23091
24150
45742
23087
23126
24151
45770
24152
23090
23092
23090
23093
23094
45772
45806
23094
24157
45774
23094
24158
45809
24159
45776
45810
23097
45780
23097
45782
24164
45784
23100
23102
45745
23100
23103
23104
23137
23102
23103
45748
23104
24167
45749
23104
24168
23139
24169
23106
23109
45787
23110
45820
23109
45789
23113
24174
23110
24175
45791
45823
24176
45824
23112
23114
45759
23116
45793
23114
23115
45762
23116
24181
45763
45795
23116
24182
23144
24183
45797
23120
45766
23121
45801
23120
23121
45769
45803
23122
23126
24188
45770
23122
23188
24189
45805
24190
23125
23127
23125
23128
23129
45807
45841
23129
24195
45809
23129
24196
45844
24197
45811
45845
23132
23134
45780
23132
23135
23136
23134
23135
45783
23136
24202
45784
23136
23193
24203
24204
23138
23139
23140
45814
23140
24209
45816
24210
45818
23142
23145
45822
23146
23148
45862
23145
45824
23149
24213
23146
24214
45826
45865
24215
45866
23150
45794
23150
45797
23151
23155
24220
45798
23157
24221
23154
23156
23154
23157
23158
23160
23156
23157
23158
23162
24225
23158
24226
23164
23210
24227
23161
23163
23161
23164
23165
23213
45828
23163
23164
23165
24232
45830
23165
23216
24233
23217
24234
45832
23168
23170
23168
23171
45836
23172
23174
23170
23171
45838
23172
23176
24239
23172
23234
24240
45840
23178
23235
24241
23175
23177
23175
23178
23179
23177
23178
23179
23182
24246
23179
23241
24247
23184
24248
23183
45801
23186
23244
23183
23184
45804
23188
24253
45805
24254
23187
23189
23187
23190
23191
45842
45869
23191
24258
45844
23191
24259
45872
24260
45846
45873
23194
45850
23194
45852
24265
45854
23196
23198
45815
23199
45856
23198
45818
23199
24268
45819
45858
24269
45860
23202
23204
45390
23202
23205
45391
45864
23206
23208
45392
23204
23205
45866
23206
24273
23206
24274
45868
23211
24275
23209
23209
23211
23212
23214
45890
23216
24280
23212
24281
45893
23218
24282
45894
23217
23215
23218
23219
23221
23263
23217
23223
24286
23219
23266
24287
23225
23267
24288
23224
45829
23222
23225
23227
23270
23224
45832
23229
24293
45833
23273
24294
23230
45836
23228
23231
23232
23277
23230
45839
23234
24298
45840
23236
23281
24299
23233
23236
23237
23239
23284
23235
23241
24303
23237
23287
24304
23242
23288
24305
23240
23240
23242
23243
23245
45897
23243
24310
45900
23249
24311
45901
23246
23248
45397
23246
23249
45398
23250
45399
45870
23248
23249
23250
24315
45872
23250
24316
24317
45874
23254
45850
23255
45878
23254
23255
45853
45880
24322
45854
24323
45882
23258
23260
45857
23258
23261
23262
23298
45884
23260
23261
45860
23262
24327
45861
45886
23262
24328
23299
24329
45888
23265
23267
23265
23268
45892
23269
23271
23267
23268
45894
23269
23273
24334
23269
24335
45896
23275
24336
23272
23274
45418
23272
23275
45419
23276
23278
45420
23274
23275
23276
23280
24341
23276
24342
23282
24343
23279
23281
45425
23279
23282
45426
23283
23285
45427
23281
23282
23283
23287
24348
23283
24349
23289
24350
23286
23288
23286
23289
23290
45898
23288
23289
23290
24355
45900
23290
24356
24357
45902
23293
23295
45878
23293
23296
45906
23297
23295
23296
45881
45908
23297
24362
45882
23297
23310
24363
45910
24364
23299
23302
24369
23301
23303
45885
23304
45912
23303
45888
23304
24371
45889
45914
24372
45916
23308
45906
23309
45920
23308
23309
45909
45922
23310
24376
45910
24377
45924
23313
45913
23313
45916
23317
24382
45917
23316
23318
23316
23319
23320
45926
23318
23319
23320
24385
45928
23320
24386
24387
45930
23323
23325
23323
23326
45934
23327
23325
23326
45936
23327
23329
24392
23327
24393
45938
24394
23330
45920
23330
45923
24399
45924
23333
45927
23333
45930
23337
24402
45931
23336
23338
23336
23339
23340
23342
23338
23339
23340
23344
24405
23340
24406
23346
24407
23343
23345
23343
23346
23347
23349
23345
23346
23347
23351
24412
23347
24413
23353
24414
23350
23352
23350
23353
23354
23356
23393
23352
23353
23354
23358
24419
23354
23394
24420
23360
23395
24421
23357
23359
23357
23360
23361
23363
23396
23359
23360
23361
23365
24426
23361
23397
24427
23367
23398
24428
23364
23366
23364
23367
23368
23370
23399
23366
23367
23368
23372
24433
23368
23400
24434
23374
23401
24435
23371
23373
23371
23374
23375
23377
23402
23373
23374
23375
23379
24440
23375
23403
24441
23381
23404
24442
23378
23380
23378
23381
23382
23384
23380
23381
23382
23386
24447
23382
24448
23388
24449
23385
23387
23385
23388
23389
23387
23388
23389
23391
24454
23389
24455
24456
23392
45934
23392
45937
24461
45938
23395
23395
23397
24464
23398
23398
23400
24467
23401
23401
23403
24470
23404
23404
24473
23406
23407
23408
23409
23439
23408
23442
24476
23411
23443
24477
23410
23411
23412
23413
23446
23412
23449
24480
23415
23450
24481
23414
23415
23416
23417
23453
23416
23456
24484
23419
23457
24485
23418
23419
23420
23460
23420
23463
24488
23464
24489
23422
23423
23424
23426
45939
23424
24492
45942
23430
24493
45943
23427
23429
23427
23430
23431
23433
23429
23430
23431
23435
24496
23431
24497
23437
24498
23434
23436
23434
23437
23438
23440
23436
23437
23438
23442
24503
23438
24504
23444
24505
23441
23443
23441
23444
23445
23447
23443
23444
23445
23449
24510
23445
24511
23451
24512
23448
23450
23448
23451
23452
23454
23450
23451
23452
23456
24517
23452
24518
23458
24519
23455
23457
23455
23458
23459
23461
23457
23458
23459
23463
24524
23459
24525
23465
24526
23462
23464
23462
23465
23466
23468
23464
23465
23466
23470
24531
23466
24532
23472
24533
23469
23471
23469
23472
23473
23475
23471
23472
23473
23477
24538
23473
24539
23479
24540
23476
23478
23476
23479
23480
23481
23478
23479
23480
24545
23480
24546
23483
24547
23482
23483
23484
45946
23484
24552
45949
24553
45950
23486
23487
23488
23490
45953
23488
24556
45956
23494
24557
45957
23491
23493
23491
23494
23495
45940
23493
23494
23495
24560
45942
23495
24561
24562
45944
23498
23500
23498
23501
45948
23502
23503
23500
23501
45950
23502
24567
23502
24568
45952
23505
24569
23504
23505
23506
45960
23506
24574
45963
24575
45964
23508
23510
23522
23513
23526
24578
23511
23512
23511
23513
23514
45954
45967
23514
24580
45956
23514
24581
45970
24582
45958
45971
23516
23518
45962
23519
23520
45988
23518
45964
23519
24586
45966
45991
23521
24587
45992
23521
23560
24591
23524
23526
23524
23527
23528
45968
45995
23526
23527
23528
24593
45970
23528
24594
45998
24595
45972
45999
23531
23533
23531
23534
45976
23535
23537
23582
23533
23534
45978
23535
23539
24600
23535
23585
24601
45980
23541
23586
24602
23538
23540
23538
23541
23542
23544
23540
23541
23542
23546
24607
23542
23591
24608
23548
24609
23545
23547
23545
23548
23549
23551
23594
23547
23548
23549
23553
24614
23549
24615
23555
23597
24616
23552
23554
23552
23555
23556
23600
45982
23554
23555
23556
24621
45984
23556
23603
24622
23604
24623
45986
23559
23561
23559
23562
45990
23563
46016
23561
23562
45992
23563
24628
23563
24629
45994
46019
24630
46020
23566
23567
23566
23568
23569
45996
46023
23569
24635
45998
23569
24636
46026
24637
46000
46027
23572
23574
23572
23575
46004
23576
23574
23575
46006
23576
23579
24641
23576
24642
46008
24643
23580
45976
23581
23583
23641
23580
45979
23585
24648
45980
23587
23645
24649
23586
23584
23587
23588
23589
23648
23586
23591
24653
23588
23651
24654
23592
23652
24655
23590
23592
23593
23595
46037
23593
24660
46040
23598
24661
46041
23597
23596
23598
23599
23601
46044
23603
24665
23599
24666
46047
23605
24667
46048
23604
23602
23605
23606
23608
23655
23604
23609
24671
23606
23658
24672
23611
23659
24673
23610
45983
23611
23610
45986
23615
24678
45987
23665
24679
23614
23616
23614
23617
23618
46010
23616
23617
23618
24683
46012
23618
24684
24685
46014
23620
23622
46018
23623
46058
23622
46020
23623
24690
46022
46061
24691
46062
23625
23626
23627
23684
46024
23627
24695
46026
23688
24696
46028
23632
46004
23633
46032
23634
23636
23698
23632
23633
46007
46034
24699
46008
24700
46036
23639
23702
24701
23637
23638
23637
23639
23640
23642
46072
23640
23644
24706
23640
24707
46075
23646
24708
46076
23643
23645
23643
23646
23647
23649
23645
23646
23647
23651
24712
23647
24713
23653
24714
23650
23652
23650
23653
23654
46038
23652
23653
23654
24719
46040
23654
24720
24721
46042
23657
23659
23657
23660
46046
23661
23663
23659
23660
46048
23661
23665
24726
23661
24727
46050
23667
24728
23664
23666
23664
23667
23668
23669
23666
23667
23668
23671
24733
23668
24734
23672
24735
23670
23672
23673
23675
46079
23672
23673
24740
46082
23679
24741
46083
23676
23678
46011
23679
23680
46052
23678
46014
23680
24745
46015
46054
23708
24746
24747
46056
23683
46060
23683
46062
23722
24752
46064
23686
23688
23686
23689
23690
46093
23688
23689
23690
24755
23690
24756
46096
24757
46097
23695
46032
23696
46067
23697
23699
23737
23695
23696
46035
46069
24762
46036
24763
46071
23703
23741
24764
23700
23702
23700
23703
23704
46073
23702
23703
23704
24769
46075
23704
24770
24771
46077
23707
23709
23707
23710
46081
23711
23713
23709
23710
46083
23711
24776
23711
24777
46085
23717
24778
23714
23716
46053
23717
23718
46087
23716
46056
23718
24783
46057
46089
23747
24784
24785
46091
23721
23723
23721
23724
23725
46114
23723
23724
23725
24790
23725
24791
46117
24792
46118
23727
23728
23729
23761
46094
23729
24797
46096
23765
24798
46098
23734
46067
23735
46102
23736
23738
23775
23734
23735
46070
46104
24801
46071
24802
46106
23742
23778
24803
23739
23741
23739
23742
23743
46121
23741
23742
23743
24808
23743
24809
46124
24810
46125
23746
23748
23746
23749
23750
23752
46128
23748
23749
23750
24815
23750
24816
46131
23756
24817
46132
23753
23755
46088
23756
23757
46108
23755
46091
23757
24822
46092
46110
23783
24823
24824
46112
23760
46116
23760
46118
23796
24829
46120
23763
23765
23763
23766
23767
23800
23765
23766
23767
24832
23767
23803
24833
23804
24834
23770
23772
46102
23770
23773
23774
23772
23773
46105
23774
24839
46106
23774
23809
24840
24841
23777
23778
23777
23779
23780
23812
46122
23780
24846
46124
23780
23815
24847
23816
24848
46126
23782
23784
46130
23785
23819
23784
46132
23785
23822
24852
46134
23823
24853
23788
23790
46109
23788
23791
23792
23826
23790
23791
46112
23792
24857
46113
23792
24858
23829
24859
23795
23797
23795
23798
23799
23832
23797
23798
23799
24864
23799
23835
24865
23836
24866
23802
23804
23802
23805
23806
23843
23804
23805
23806
24871
23806
23846
24872
23847
24873
23810
46137
23811
23813
23857
23810
46139
23860
24878
46141
23817
23861
24879
23814
23816
23814
23817
23818
23864
23816
23817
23818
24883
23818
23867
24884
23868
24885
23821
23823
23821
23824
23825
23827
23871
23823
23824
23825
24890
23825
23874
24891
23830
23875
24892
23828
23829
23830
23831
23878
46143
23831
24897
46145
23881
24898
23882
24899
46147
23834
23836
23834
23837
23838
23892
23836
23837
23838
24903
23838
23895
24904
23896
24905
23840
23841
23842
23844
23902
23842
23846
24910
23848
23904
24911
23845
23847
23845
23848
23849
23906
23847
23848
23849
24914
23849
23909
24915
23910
24916
23852
23854
46137
23852
23855
23856
23858
23913
23854
23855
46140
23856
23860
24921
46141
23856
23916
24922
23862
23917
24923
23859
23861
23862
23863
23865
23920
23862
23863
23867
24928
23922
24929
23869
23923
24930
23866
23868
23866
23869
23870
46149
23868
23869
23870
24935
23870
24936
46152
24937
46153
23873
23875
23873
23876
23877
23879
46156
23875
23876
23877
23881
24942
23877
24943
46159
23883
24944
46160
23880
23882
23883
23884
23886
23925
23883
23884
23888
24949
23927
24950
23890
23928
24951
23887
23889
46144
23887
23890
23891
23930
23889
23890
46147
23891
24956
46148
23891
23933
24957
23934
24958
23894
23896
23894
23897
23898
23899
23937
23896
23897
23898
23900
24963
23898
23940
24964
23901
23941
24965
23901
23901
23945
24970
23903
23904
23905
23907
23947
23905
23909
24973
23911
23949
24974
23908
23910
23908
23911
23912
23951
23910
23911
23912
24977
23912
23954
24978
23955
24979
23915
23917
23915
23918
23919
23958
23917
23918
23919
23922
24984
23919
23961
24985
23962
24986
23921
23923
23924
23965
46150
23924
24991
46152
23968
24992
46154
23928
23929
46158
23929
46160
23933
24996
23973
24997
46162
23932
23934
23932
23935
23936
23976
23934
23935
23936
25001
23936
23979
25002
23980
25003
23939
23941
23939
23942
23943
23944
23983
23941
23942
23943
23945
25008
23943
23986
25009
23946
23987
25010
23946
23946
23991
25015
23948
23949
23950
23952
23993
23950
23954
25018
23956
23995
25019
23953
23955
23953
23956
23957
23997
23955
23956
23957
25022
23957
24000
25023
24001
25024
23960
23962
23960
23963
23964
23966
24004
23962
23963
23964
25029
23964
24007
25030
23969
24008
25031
23967
23968
23969
23970
24011
46164
23970
25036
46166
24014
25037
24015
25038
46168
23974
46172
23975
23977
24032
23974
46174
24035
25042
46176
23981
24036
25043
23978
23980
23978
23981
23982
24039
23980
23981
23982
25047
23982
24042
25048
24043
25049
23985
23987
23985
23988
23989
23990
24046
23987
23988
23989
23991
25054
23989
24049
25055
23992
24050
25056
23992
23992
24054
25061
23994
23995
23996
23998
23996
24000
25064
24002
25065
23999
24001
23999
24002
24003
24056
24001
24002
24003
25068
24003
24059
25069
24060
25070
24006
24008
24006
24009
24010
24012
46177
24008
24009
24010
24014
25075
24010
25076
46180
24016
25077
46181
24013
24015
24016
24017
24019
24063
24016
24017
24021
25082
24065
25083
24023
24066
25084
24020
24022
46165
24020
24023
24024
24068
24022
24023
46168
24024
25089
46169
24024
24071
25090
24072
25091
24027
24029
46172
24027
24030
24031
24033
24075
24029
24030
46175
24031
24035
25096
46176
24031
24078
25097
24037
24079
25098
24034
24036
24037
24038
24040
24082
24037
24038
24042
25103
24084
25104
24044
24085
25105
24041
24043
24041
24044
24045
46184
24043
24044
24045
25110
24045
25111
46187
25112
46188
24048
24050
24048
24051
24052
24053
24087
24050
24051
24052
24054
25117
24052
24090
25118
24055
24091
25119
24055
24055
25124
24058
24060
24058
24061
24062
24094
24060
24061
24062
25127
24062
24097
25128
24098
25129
24066
24067
46179
24067
46181
24071
25134
24104
25135
46183
24070
24072
24070
24073
24074
24108
24072
24073
24074
25139
24074
24110
25140
24111
25141
24077
24079
24077
24080
24081
24113
24079
24080
24081
24084
25146
24081
24115
25147
24116
25148
24083
24085
24086
24118
46185
24086
25153
46187
24122
25154
46189
24089
24091
24089
24092
24093
24125
24091
24092
24093
25158
24093
24128
25159
24129
25160
24096
24098
24096
24099
24100
24132
24098
24099
24100
25165
24100
25166
24134
25167
24103
24105
24103
24106
24107
46212
24105
24106
24107
25172
24107
25173
46215
25174
46216
24109
24111
24112
24136
46192
24111
24112
25179
46194
24140
25180
46196
24116
24117
46200
24116
24117
46202
25184
24160
25185
46204
24120
24122
24120
24123
24124
46219
24122
24123
24124
25189
24124
25190
46222
25191
46223
24127
24129
24127
24130
24131
24129
24130
24131
25196
24131
24165
25197
25198
24133
24134
24135
46206
24135
25203
46208
25204
46210
24140
24138
24141
46214
24142
46233
24141
46216
24146
25207
24142
25208
46218
46236
25209
46237
24145
24147
46193
24145
24148
24149
24174
24147
24148
46196
24149
25214
46197
24149
25215
24178
25216
24152
24154
46200
24152
24155
24156
24154
24155
46203
24156
24160
25221
46204
24156
24198
25222
25223
24159
24161
24159
24162
24163
46220
46254
24163
25228
46222
24163
25229
46257
25230
46224
46258
24166
46228
24166
46230
25235
46232
24169
24171
46207
24169
24172
24173
24209
24171
24172
46210
24173
25238
46211
24173
25239
24211
25240
24178
24176
24179
46235
24180
46268
24179
46237
24184
25245
24180
25246
46239
46271
25247
46272
24183
24185
24183
24186
24187
24213
46241
24185
24186
24187
25252
46243
24187
25253
24217
25254
46245
24190
24192
24190
24193
46249
24194
24192
24193
46251
24194
24198
25259
24194
24261
25260
46253
25261
24197
24199
24197
24200
24201
46255
46289
24201
25266
46257
24201
25267
46292
25268
46259
46293
24204
24206
46228
24204
24207
24208
24206
24207
46231
24208
25273
46232
24208
24266
25274
25275
24210
24211
24212
46262
24212
25280
46264
25281
46266
24217
24215
24218
46270
24219
46310
24218
46272
24222
25284
24219
25285
46274
46313
25286
46314
24221
24223
46242
24224
24226
24223
46245
24224
24228
25291
46246
24230
25292
24227
24229
24227
24230
24231
24233
24280
24229
24230
24231
24235
25296
24231
25297
24237
24283
25298
24234
24236
24234
24237
24238
24286
46276
24236
24237
24238
25303
46278
24238
24289
25304
24290
25305
46280
24241
24243
24241
24244
46284
24245
24247
24303
24243
24244
46286
24245
24249
25310
24245
24306
25311
46288
24251
24307
25312
24248
24250
24248
24251
24252
24254
24250
24251
24252
24255
25317
24252
24312
25318
24257
25319
24256
46249
24257
24256
24257
46252
24261
25324
46253
25325
24260
24262
24260
24263
24264
46290
46317
24264
25329
46292
24264
25330
46320
25331
46294
46321
24267
46298
24267
46300
25336
46302
24269
24271
46263
24272
46304
24271
46266
24272
25339
46267
46306
25340
46308
24275
24277
24275
24278
46312
24279
24281
24277
24278
46314
24279
25344
24279
25345
46316
24284
25346
24283
24282
24284
24285
24287
46338
24289
25351
24285
25352
46341
24291
25353
46342
24290
24288
24291
24292
24294
24334
24290
24295
25357
24292
24337
25358
24297
24338
25359
24296
46277
24297
24296
46280
24300
25364
46281
24344
25365
24301
46284
24302
24304
24348
24301
46287
24306
25369
46288
24308
24352
25370
24307
24305
24308
24309
24310
24355
24307
24312
25374
24309
24358
25375
24313
24359
25376
24311
24313
24314
24316
46345
24314
25381
46348
24320
25382
46349
24317
24319
24317
24320
24321
46318
24319
24320
24321
25386
46320
24321
25387
25388
46322
24325
46298
24326
46326
24325
24326
46301
46328
25393
46302
25394
46330
24329
24331
46305
24329
24332
24333
24369
46332
24331
24332
46308
24333
25398
46309
46334
24333
25399
24370
25400
46336
24336
24338
24336
24339
46340
24340
24342
24338
24339
46342
24340
24344
25405
24340
25406
46344
24346
25407
24343
24345
24343
24346
24347
24349
24345
24346
24347
24351
25412
24347
25413
24353
25414
24350
24352
24350
24353
24354
24356
24352
24353
24354
24358
25419
24354
25420
24360
25421
24357
24359
24357
24360
24361
46346
24359
24360
24361
25426
46348
24361
25427
25428
46350
24364
24366
46326
24364
24367
46354
24368
24366
24367
46329
46356
24368
25433
46330
24368
24381
25434
46358
25435
24370
24373
25440
24372
24374
46333
24375
46360
24374
46336
24375
25442
46337
46362
25443
46364
24379
46354
24380
46368
24379
24380
46357
46370
24381
25447
46358
25448
46372
24384
46361
24384
46364
24388
25453
46365
24387
24389
24387
24390
24391
46374
24389
24390
24391
25456
46376
24391
25457
25458
46378
24394
24396
24394
24397
46382
24398
24396
24397
46384
24398
24400
25463
24398
25464
46386
25465
24401
46368
24401
46371
25470
46372
24404
46375
24404
46378
24408
25473
46379
24407
24409
24407
24410
24411
24413
24409
24410
24411
24415
25476
24411
25477
24417
25478
24414
24416
24414
24417
24418
24420
24416
24417
24418
24422
25483
24418
25484
24424
25485
24421
24423
24421
24424
24425
24427
24464
24423
24424
24425
24429
25490
24425
24465
25491
24431
24466
25492
24428
24430
24428
24431
24432
24434
24467
24430
24431
24432
24436
25497
24432
24468
25498
24438
24469
25499
24435
24437
24435
24438
24439
24441
24470
24437
24438
24439
24443
25504
24439
24471
25505
24445
24472
25506
24442
24444
24442
24445
24446
24448
24473
24444
24445
24446
24450
25511
24446
24474
25512
24452
24475
25513
24449
24451
24449
24452
24453
24455
24451
24452
24453
24457
25518
24453
25519
24459
25520
24456
24458
24456
24459
24460
24458
24459
24460
24462
25525
24460
25526
25527
24463
46382
24463
46385
25532
46386
24466
24466
24468
25535
24469
24469
24471
25538
24472
24472
24474
25541
24475
24475
25544
24477
24478
24479
24480
24510
24479
24513
25547
24482
24514
25548
24481
24482
24483
24484
24517
24483
24520
25551
24486
24521
25552
24485
24486
24487
24488
24524
24487
24527
25555
24490
24528
25556
24489
24490
24491
24531
24491
24534
25559
24535
25560
24493
24494
24495
24497
46387
24495
25563
46390
24501
25564
46391
24498
24500
24498
24501
24502
24504
24500
24501
24502
24506
25567
24502
25568
24508
25569
24505
24507
24505
24508
24509
24511
24507
24508
24509
24513
25574
24509
25575
24515
25576
24512
24514
24512
24515
24516
24518
24514
24515
24516
24520
25581
24516
25582
24522
25583
24519
24521
24519
24522
24523
24525
24521
24522
24523
24527
25588
24523
25589
24529
25590
24526
24528
24526
24529
24530
24532
24528
24529
24530
24534
25595
24530
25596
24536
25597
24533
24535
24533
24536
24537
24539
24535
24536
24537
24541
25602
24537
25603
24543
25604
24540
24542
24540
24543
24544
24546
24542
24543
24544
24548
25609
24544
25610
24550
25611
24547
24549
24547
24550
24551
24552
24549
24550
24551
25616
24551
25617
24554
25618
24553
24554
24555
46394
24555
25623
46397
25624
46398
24557
24558
24559
24561
46401
24559
25627
46404
24565
25628
46405
24562
24564
24562
24565
24566
46388
24564
24565
24566
25631
46390
24566
25632
25633
46392
24569
24571
24569
24572
46396
24573
24574
24571
24572
46398
24573
25638
24573
25639
46400
24576
25640
24575
24576
24577
46408
24577
25645
46411
25646
46412
24579
24581
24593
24584
24597
25649
24582
24583
24582
24584
24585
46402
46415
24585
25651
46404
24585
25652
46418
25653
46406
46419
24587
24589
46410
24590
24591
46436
24589
46412
24590
25657
46414
46439
24592
25658
46440
24592
24631
25662
24595
24597
24595
24598
24599
46416
46443
24597
24598
24599
25664
46418
24599
25665
46446
25666
46420
46447
24602
24604
24602
24605
46424
24606
24608
24653
24604
24605
46426
24606
24610
25671
24606
24656
25672
46428
24612
24657
25673
24609
24611
24609
24612
24613
24615
24611
24612
24613
24617
25678
24613
24662
25679
24619
25680
24616
24618
24616
24619
24620
24622
24665
24618
24619
24620
24624
25685
24620
25686
24626
24668
25687
24623
24625
24623
24626
24627
24671
46430
24625
24626
24627
25692
46432
24627
24674
25693
24675
25694
46434
24630
24632
24630
24633
46438
24634
46464
24632
24633
46440
24634
25699
24634
25700
46442
46467
25701
46468
24637
24638
24637
24639
24640
46444
46471
24640
25706
46446
24640
25707
46474
25708
46448
46475
24643
24645
24643
24646
46452
24647
24645
24646
46454
24647
24650
25712
24647
25713
46456
25714
24651
46424
24652
24654
24712
24651
46427
24656
25719
46428
24658
24716
25720
24657
24655
24658
24659
24660
24719
24657
24662
25724
24659
24722
25725
24663
24723
25726
24661
24663
24664
24666
46485
24664
25731
46488
24669
25732
46489
24668
24667
24669
24670
24672
46492
24674
25736
24670
25737
46495
24676
25738
46496
24675
24673
24676
24677
24679
24726
24675
24680
25742
24677
24729
25743
24682
24730
25744
24681
46431
24682
24681
46434
24686
25749
46435
24736
25750
24685
24687
24685
24688
24689
46458
24687
24688
24689
25754
46460
24689
25755
25756
46462
24691
24693
46466
24694
46506
24693
46468
24694
25761
46470
46509
25762
46510
24696
24697
24698
24755
46472
24698
25766
46474
24759
25767
46476
24703
46452
24704
46480
24705
24707
24769
24703
24704
46455
46482
25770
46456
25771
46484
24710
24773
25772
24708
24709
24708
24710
24711
24713
46520
24711
24715
25777
24711
25778
46523
24717
25779
46524
24714
24716
24714
24717
24718
24720
24716
24717
24718
24722
25783
24718
25784
24724
25785
24721
24723
24721
24724
24725
46486
24723
24724
24725
25790
46488
24725
25791
25792
46490
24728
24730
24728
24731
46494
24732
24734
24730
24731
46496
24732
24736
25797
24732
25798
46498
24738
25799
24735
24737
24735
24738
24739
24740
24737
24738
24739
24742
25804
24739
25805
24743
25806
24741
24743
24744
24746
46527
24743
24744
25811
46530
24750
25812
46531
24747
24749
46459
24750
24751
46500
24749
46462
24751
25816
46463
46502
24779
25817
25818
46504
24754
46508
24754
46510
24793
25823
46512
24757
24759
24757
24760
24761
46541
24759
24760
24761
25826
24761
25827
46544
25828
46545
24766
46480
24767
46515
24768
24770
24808
24766
24767
46483
46517
25833
46484
25834
46519
24774
24812
25835
24771
24773
24771
24774
24775
46521
24773
24774
24775
25840
46523
24775
25841
25842
46525
24778
24780
24778
24781
46529
24782
24784
24780
24781
46531
24782
25847
24782
25848
46533
24788
25849
24785
24787
46501
24788
24789
46535
24787
46504
24789
25854
46505
46537
24818
25855
25856
46539
24792
24794
24792
24795
24796
46562
24794
24795
24796
25861
24796
25862
46565
25863
46566
24798
24799
24800
24832
46542
24800
25868
46544
24836
25869
46546
24805
46515
24806
46550
24807
24809
24846
24805
24806
46518
46552
25872
46519
25873
46554
24813
24849
25874
24810
24812
24810
24813
24814
46569
24812
24813
24814
25879
24814
25880
46572
25881
46573
24817
24819
24817
24820
24821
24823
46576
24819
24820
24821
25886
24821
25887
46579
24827
25888
46580
24824
24826
46536
24827
24828
46556
24826
46539
24828
25893
46540
46558
24854
25894
25895
46560
24831
46564
24831
46566
24867
25900
46568
24834
24836
24834
24837
24838
24871
24836
24837
24838
25903
24838
24874
25904
24875
25905
24841
24843
46550
24841
24844
24845
24843
24844
46553
24845
25910
46554
24845
24880
25911
25912
24848
24849
24848
24850
24851
24883
46570
24851
25917
46572
24851
24886
25918
24887
25919
46574
24853
24855
46578
24856
24890
24855
46580
24856
24893
25923
46582
24894
25924
24859
24861
46557
24859
24862
24863
24897
24861
24862
46560
24863
25928
46561
24863
25929
24900
25930
24866
24868
24866
24869
24870
24903
24868
24869
24870
25935
24870
24906
25936
24907
25937
24873
24875
24873
24876
24877
24914
24875
24876
24877
25942
24877
24917
25943
24918
25944
24881
46585
24882
24884
24928
24881
46587
24931
25949
46589
24888
24932
25950
24885
24887
24885
24888
24889
24935
24887
24888
24889
25954
24889
24938
25955
24939
25956
24892
24894
24892
24895
24896
24898
24942
24894
24895
24896
25961
24896
24945
25962
24901
24946
25963
24899
24900
24901
24902
24949
46591
24902
25968
46593
24952
25969
24953
25970
46595
24905
24907
24905
24908
24909
24963
24907
24908
24909
25974
24909
24966
25975
24967
25976
24911
24912
24913
24915
24973
24913
24917
25981
24919
24975
25982
24916
24918
24916
24919
24920
24977
24918
24919
24920
25985
24920
24980
25986
24981
25987
24923
24925
46585
24923
24926
24927
24929
24984
24925
24926
46588
24927
24931
25992
46589
24927
24987
25993
24933
24988
25994
24930
24932
24933
24934
24936
24991
24933
24934
24938
25999
24993
26000
24940
24994
26001
24937
24939
24937
24940
24941
46597
24939
24940
24941
26006
24941
26007
46600
26008
46601
24944
24946
24944
24947
24948
24950
46604
24946
24947
24948
24952
26013
24948
26014
46607
24954
26015
46608
24951
24953
24954
24955
24957
24996
24954
24955
24959
26020
24998
26021
24961
24999
26022
24958
24960
46592
24958
24961
24962
25001
24960
24961
46595
24962
26027
46596
24962
25004
26028
25005
26029
24965
24967
24965
24968
24969
24970
25008
24967
24968
24969
24971
26034
24969
25011
26035
24972
25012
26036
24972
24972
25016
26041
24974
24975
24976
24978
25018
24976
24980
26044
24982
25020
26045
24979
24981
24979
24982
24983
25022
24981
24982
24983
26048
24983
25025
26049
25026
26050
24986
24988
24986
24989
24990
25029
24988
24989
24990
24993
26055
24990
25032
26056
25033
26057
24992
24994
24995
25036
46598
24995
26062
46600
25039
26063
46602
24999
25000
46606
25000
46608
25004
26067
25044
26068
46610
25003
25005
25003
25006
25007
25047
25005
25006
25007
26072
25007
25050
26073
25051
26074
25010
25012
25010
25013
25014
25015
25054
25012
25013
25014
25016
26079
25014
25057
26080
25017
25058
26081
25017
25017
25062
26086
25019
25020
25021
25023
25064
25021
25025
26089
25027
25066
26090
25024
25026
25024
25027
25028
25068
25026
25027
25028
26093
25028
25071
26094
25072
26095
25031
25033
25031
25034
25035
25037
25075
25033
25034
25035
26100
25035
25078
26101
25040
25079
26102
25038
25039
25040
25041
25082
46612
25041
26107
46614
25085
26108
25086
26109
46616
25045
46620
25046
25048
25103
25045
46622
25106
26113
46624
25052
25107
26114
25049
25051
25049
25052
25053
25110
25051
25052
25053
26118
25053
25113
26119
25114
26120
25056
25058
25056
25059
25060
25061
25117
25058
25059
25060
25062
26125
25060
25120
26126
25063
25121
26127
25063
25063
25125
26132
25065
25066
25067
25069
25067
25071
26135
25073
26136
25070
25072
25070
25073
25074
25127
25072
25073
25074
26139
25074
25130
26140
25131
26141
25077
25079
25077
25080
25081
25083
46625
25079
25080
25081
25085
26146
25081
26147
46628
25087
26148
46629
25084
25086
25087
25088
25090
25134
25087
25088
25092
26153
25136
26154
25094
25137
26155
25091
25093
46613
25091
25094
25095
25139
25093
25094
46616
25095
26160
46617
25095
25142
26161
25143
26162
25098
25100
46620
25098
25101
25102
25104
25146
25100
25101
46623
25102
25106
26167
46624
25102
25149
26168
25108
25150
26169
25105
25107
25108
25109
25111
25153
25108
25109
25113
26174
25155
26175
25115
25156
26176
25112
25114
25112
25115
25116
46632
25114
25115
25116
26181
25116
26182
46635
26183
46636
25119
25121
25119
25122
25123
25124
25158
25121
25122
25123
25125
26188
25123
25161
26189
25126
25162
26190
25126
25126
26195
25129
25131
25129
25132
25133
25165
25131
25132
25133
26198
25133
25168
26199
25169
26200
25137
25138
46627
25138
46629
25142
26205
25175
26206
46631
25141
25143
25141
25144
25145
25179
25143
25144
25145
26210
25145
25181
26211
25182
26212
25148
25150
25148
25151
25152
25184
25150
25151
25152
25155
26217
25152
25186
26218
25187
26219
25154
25156
25157
25189
46633
25157
26224
46635
25193
26225
46637
25160
25162
25160
25163
25164
25196
25162
25163
25164
26229
25164
25199
26230
25200
26231
25167
25169
25167
25170
25171
25203
25169
25170
25171
26236
25171
26237
25205
26238
25174
25176
25174
25177
25178
46660
25176
25177
25178
26243
25178
26244
46663
26245
46664
25180
25182
25183
25207
46640
25182
25183
26250
46642
25211
26251
46644
25187
25188
46648
25187
25188
46650
26255
25231
26256
46652
25191
25193
25191
25194
25195
46667
25193
25194
25195
26260
25195
26261
46670
26262
46671
25198
25200
25198
25201
25202
25200
25201
25202
26267
25202
25236
26268
26269
25204
25205
25206
46654
25206
26274
46656
26275
46658
25211
25209
25212
46662
25213
46681
25212
46664
25217
26278
25213
26279
46666
46684
26280
46685
25216
25218
46641
25216
25219
25220
25245
25218
25219
46644
25220
26285
46645
25220
26286
25249
26287
25223
25225
46648
25223
25226
25227
25225
25226
46651
25227
25231
26292
46652
25227
25269
26293
26294
25230
25232
25230
25233
25234
46668
46702
25234
26299
46670
25234
26300
46705
26301
46672
46706
25237
46676
25237
46678
26306
46680
25240
25242
46655
25240
25243
25244
25280
25242
25243
46658
25244
26309
46659
25244
26310
25282
26311
25249
25247
25250
46683
25251
46716
25250
46685
25255
26316
25251
26317
46687
46719
26318
46720
25254
25256
25254
25257
25258
25284
46689
25256
25257
25258
26323
46691
25258
26324
25288
26325
46693
25261
25263
25261
25264
46697
25265
25263
25264
46699
25265
25269
26330
25265
25332
26331
46701
26332
25268
25270
25268
25271
25272
46703
46737
25272
26337
46705
25272
26338
46740
26339
46707
46741
25275
25277
46676
25275
25278
25279
25277
25278
46679
25279
26344
46680
25279
25337
26345
26346
25281
25282
25283
46710
25283
26351
46712
26352
46714
25288
25286
25289
46718
25290
46758
25289
46720
25293
26355
25290
26356
46722
46761
26357
46762
25292
25294
46690
25295
25297
25294
46693
25295
25299
26362
46694
25301
26363
25298
25300
25298
25301
25302
25304
25351
25300
25301
25302
25306
26367
25302
26368
25308
25354
26369
25305
25307
25305
25308
25309
25357
46724
25307
25308
25309
26374
46726
25309
25360
26375
25361
26376
46728
25312
25314
25312
25315
46732
25316
25318
25374
25314
25315
46734
25316
25320
26381
25316
25377
26382
46736
25322
25378
26383
25319
25321
25319
25322
25323
25325
25321
25322
25323
25326
26388
25323
25383
26389
25328
26390
25327
46697
25328
25327
25328
46700
25332
26395
46701
26396
25331
25333
25331
25334
25335
46738
46765
25335
26400
46740
25335
26401
46768
26402
46742
46769
25338
46746
25338
46748
26407
46750
25340
25342
46711
25343
46752
25342
46714
25343
26410
46715
46754
26411
46756
25346
25348
25346
25349
46760
25350
25352
25348
25349
46762
25350
26415
25350
26416
46764
25355
26417
25354
25353
25355
25356
25358
46786
25360
26422
25356
26423
46789
25362
26424
46790
25361
25359
25362
25363
25365
25405
25361
25366
26428
25363
25408
26429
25368
25409
26430
25367
46725
25368
25367
46728
25371
26435
46729
25415
26436
25372
46732
25373
25375
25419
25372
46735
25377
26440
46736
25379
25423
26441
25378
25376
25379
25380
25381
25426
25378
25383
26445
25380
25429
26446
25384
25430
26447
25382
25384
25385
25387
46793
25385
26452
46796
25391
26453
46797
25388
25390
25388
25391
25392
46766
25390
25391
25392
26457
46768
25392
26458
26459
46770
25396
46746
25397
46774
25396
25397
46749
46776
26464
46750
26465
46778
25400
25402
46753
25400
25403
25404
25440
46780
25402
25403
46756
25404
26469
46757
46782
25404
26470
25441
26471
46784
25407
25409
25407
25410
46788
25411
25413
25409
25410
46790
25411
25415
26476
25411
26477
46792
25417
26478
25414
25416
25414
25417
25418
25420
25416
25417
25418
25422
26483
25418
26484
25424
26485
25421
25423
25421
25424
25425
25427
25423
25424
25425
25429
26490
25425
26491
25431
26492
25428
25430
25428
25431
25432
46794
25430
25431
25432
26497
46796
25432
26498
26499
46798
25435
25437
46774
25435
25438
46802
25439
25437
25438
46777
46804
25439
26504
46778
25439
25452
26505
46806
26506
25441
25444
26511
25443
25445
46781
25446
46808
25445
46784
25446
26513
46785
46810
26514
46812
25450
46802
25451
46816
25450
25451
46805
46818
25452
26518
46806
26519
46820
25455
46809
25455
46812
25459
26524
46813
25458
25460
25458
25461
25462
46822
25460
25461
25462
26527
46824
25462
26528
26529
46826
25465
25467
25465
25468
46830
25469
25467
25468
46832
25469
25471
26534
25469
26535
46834
26536
25472
46816
25472
46819
26541
46820
25475
46823
25475
46826
25479
26544
46827
25478
25480
25478
25481
25482
25484
25480
25481
25482
25486
26547
25482
26548
25488
26549
25485
25487
25485
25488
25489
25491
25487
25488
25489
25493
26554
25489
26555
25495
26556
25492
25494
25492
25495
25496
25498
25535
25494
25495
25496
25500
26561
25496
25536
26562
25502
25537
26563
25499
25501
25499
25502
25503
25505
25538
25501
25502
25503
25507
26568
25503
25539
26569
25509
25540
26570
25506
25508
25506
25509
25510
25512
25541
25508
25509
25510
25514
26575
25510
25542
26576
25516
25543
26577
25513
25515
25513
25516
25517
25519
25544
25515
25516
25517
25521
26582
25517
25545
26583
25523
25546
26584
25520
25522
25520
25523
25524
25526
25522
25523
25524
25528
26589
25524
26590
25530
26591
25527
25529
25527
25530
25531
25529
25530
25531
25533
26596
25531
26597
26598
25534
46830
25534
46833
26603
46834
25537
25537
25539
26606
25540
25540
25542
26609
25543
25543
25545
26612
25546
25546
26615
25548
25549
25550
25551
25581
25550
25584
26618
25553
25585
26619
25552
25553
25554
25555
25588
25554
25591
26622
25557
25592
26623
25556
25557
25558
25559
25595
25558
25598
26626
25561
25599
26627
25560
25561
25562
25602
25562
25605
26630
25606
26631
25564
25565
25566
25568
46835
25566
26634
46838
25572
26635
46839
25569
25571
25569
25572
25573
25575
25571
25572
25573
25577
26638
25573
26639
25579
26640
25576
25578
25576
25579
25580
25582
25578
25579
25580
25584
26645
25580
26646
25586
26647
25583
25585
25583
25586
25587
25589
25585
25586
25587
25591
26652
25587
26653
25593
26654
25590
25592
25590
25593
25594
25596
25592
25593
25594
25598
26659
25594
26660
25600
26661
25597
25599
25597
25600
25601
25603
25599
25600
25601
25605
26666
25601
26667
25607
26668
25604
25606
25604
25607
25608
25610
25606
25607
25608
25612
26673
25608
26674
25614
26675
25611
25613
25611
25614
25615
25617
25613
25614
25615
25619
26680
25615
26681
25621
26682
25618
25620
25618
25621
25622
25623
25620
25621
25622
26687
25622
26688
25625
26689
25624
25625
25626
46842
25626
26694
46845
26695
46846
25628
25629
25630
25632
46849
25630
26698
46852
25636
26699
46853
25633
25635
25633
25636
25637
46836
25635
25636
25637
26702
46838
25637
26703
26704
46840
25640
25642
25640
25643
46844
25644
25645
25642
25643
46846
25644
26709
25644
26710
46848
25647
26711
25646
25647
25648
46856
25648
26716
46859
26717
46860
25650
25652
25664
25655
25668
26720
25653
25654
25653
25655
25656
46850
46863
25656
26722
46852
25656
26723
46866
26724
46854
46867
25658
25660
46858
25661
25662
46884
25660
46860
25661
26728
46862
46887
25663
26729
46888
25663
25702
26733
25666
25668
25666
25669
25670
46864
46891
25668
25669
25670
26735
46866
25670
26736
46894
26737
46868
46895
25673
25675
25673
25676
46872
25677
25679
25724
25675
25676
46874
25677
25681
26742
25677
25727
26743
46876
25683
25728
26744
25680
25682
25680
25683
25684
25686
25682
25683
25684
25688
26749
25684
25733
26750
25690
26751
25687
25689
25687
25690
25691
25693
25736
25689
25690
25691
25695
26756
25691
26757
25697
25739
26758
25694
25696
25694
25697
25698
25742
46878
25696
25697
25698
26763
46880
25698
25745
26764
25746
26765
46882
25701
25703
25701
25704
46886
25705
46912
25703
25704
46888
25705
26770
25705
26771
46890
46915
26772
46916
25708
25709
25708
25710
25711
46892
46919
25711
26777
46894
25711
26778
46922
26779
46896
46923
25714
25716
25714
25717
46900
25718
25716
25717
46902
25718
25721
26783
25718
26784
46904
26785
25722
46872
25723
25725
25783
25722
46875
25727
26790
46876
25729
25787
26791
25728
25726
25729
25730
25731
25790
25728
25733
26795
25730
25793
26796
25734
25794
26797
25732
25734
25735
25737
46933
25735
26802
46936
25740
26803
46937
25739
25738
25740
25741
25743
46940
25745
26807
25741
26808
46943
25747
26809
46944
25746
25744
25747
25748
25750
25797
25746
25751
26813
25748
25800
26814
25753
25801
26815
25752
46879
25753
25752
46882
25757
26820
46883
25807
26821
25756
25758
25756
25759
25760
46906
25758
25759
25760
26825
46908
25760
26826
26827
46910
25762
25764
46914
25765
46954
25764
46916
25765
26832
46918
46957
26833
46958
25767
25768
25769
25826
46920
25769
26837
46922
25830
26838
46924
25774
46900
25775
46928
25776
25778
25840
25774
25775
46903
46930
26841
46904
26842
46932
25781
25844
26843
25779
25780
25779
25781
25782
25784
46968
25782
25786
26848
25782
26849
46971
25788
26850
46972
25785
25787
25785
25788
25789
25791
25787
25788
25789
25793
26854
25789
26855
25795
26856
25792
25794
25792
25795
25796
46934
25794
25795
25796
26861
46936
25796
26862
26863
46938
25799
25801
25799
25802
46942
25803
25805
25801
25802
46944
25803
25807
26868
25803
26869
46946
25809
26870
25806
25808
25806
25809
25810
25811
25808
25809
25810
25813
26875
25810
26876
25814
26877
25812
25814
25815
25817
46975
25814
25815
26882
46978
25821
26883
46979
25818
25820
46907
25821
25822
46948
25820
46910
25822
26887
46911
46950
25850
26888
26889
46952
25825
46956
25825
46958
25864
26894
46960
25828
25830
25828
25831
25832
46989
25830
25831
25832
26897
25832
26898
46992
26899
46993
25837
46928
25838
46963
25839
25841
25879
25837
25838
46931
46965
26904
46932
26905
46967
25845
25883
26906
25842
25844
25842
25845
25846
46969
25844
25845
25846
26911
46971
25846
26912
26913
46973
25849
25851
25849
25852
46977
25853
25855
25851
25852
46979
25853
26918
25853
26919
46981
25859
26920
25856
25858
46949
25859
25860
46983
25858
46952
25860
26925
46953
46985
25889
26926
26927
46987
25863
25865
25863
25866
25867
47010
25865
25866
25867
26932
25867
26933
47013
26934
47014
25869
25870
25871
25903
46990
25871
26939
46992
25907
26940
46994
25876
46963
25877
46998
25878
25880
25917
25876
25877
46966
47000
26943
46967
26944
47002
25884
25920
26945
25881
25883
25881
25884
25885
47017
25883
25884
25885
26950
25885
26951
47020
26952
47021
25888
25890
25888
25891
25892
25894
47024
25890
25891
25892
26957
25892
26958
47027
25898
26959
47028
25895
25897
46984
25898
25899
47004
25897
46987
25899
26964
46988
47006
25925
26965
26966
47008
25902
47012
25902
47014
25938
26971
47016
25905
25907
25905
25908
25909
25942
25907
25908
25909
26974
25909
25945
26975
25946
26976
25912
25914
46998
25912
25915
25916
25914
25915
47001
25916
26981
47002
25916
25951
26982
26983
25919
25920
25919
25921
25922
25954
47018
25922
26988
47020
25922
25957
26989
25958
26990
47022
25924
25926
47026
25927
25961
25926
47028
25927
25964
26994
47030
25965
26995
25930
25932
47005
25930
25933
25934
25968
25932
25933
47008
25934
26999
47009
25934
27000
25971
27001
25937
25939
25937
25940
25941
25974
25939
25940
25941
27006
25941
25977
27007
25978
27008
25944
25946
25944
25947
25948
25985
25946
25947
25948
27013
25948
25988
27014
25989
27015
25952
47033
25953
25955
25999
25952
47035
26002
27020
47037
25959
26003
27021
25956
25958
25956
25959
25960
26006
25958
25959
25960
27025
25960
26009
27026
26010
27027
25963
25965
25963
25966
25967
25969
26013
25965
25966
25967
27032
25967
26016
27033
25972
26017
27034
25970
25971
25972
25973
26020
47039
25973
27039
47041
26023
27040
26024
27041
47043
25976
25978
25976
25979
25980
26034
25978
25979
25980
27045
25980
26037
27046
26038
27047
25982
25983
25984
25986
26044
25984
25988
27052
25990
26046
27053
25987
25989
25987
25990
25991
26048
25989
25990
25991
27056
25991
26051
27057
26052
27058
25994
25996
47033
25994
25997
25998
26000
26055
25996
25997
47036
25998
26002
27063
47037
25998
26058
27064
26004
26059
27065
26001
26003
26004
26005
26007
26062
26004
26005
26009
27070
26064
27071
26011
26065
27072
26008
26010
26008
26011
26012
47045
26010
26011
26012
27077
26012
27078
47048
27079
47049
26015
26017
26015
26018
26019
26021
47052
26017
26018
26019
26023
27084
26019
27085
47055
26025
27086
47056
26022
26024
26025
26026
26028
26067
26025
26026
26030
27091
26069
27092
26032
26070
27093
26029
26031
47040
26029
26032
26033
26072
26031
26032
47043
26033
27098
47044
26033
26075
27099
26076
27100
26036
26038
26036
26039
26040
26041
26079
26038
26039
26040
26042
27105
26040
26082
27106
26043
26083
27107
26043
26043
26087
27112
26045
26046
26047
26049
26089
26047
26051
27115
26053
26091
27116
26050
26052
26050
26053
26054
26093
26052
26053
26054
27119
26054
26096
27120
26097
27121
26057
26059
26057
26060
26061
26100
26059
26060
26061
26064
27126
26061
26103
27127
26104
27128
26063
26065
26066
26107
47046
26066
27133
47048
26110
27134
47050
26070
26071
47054
26071
47056
26075
27138
26115
27139
47058
26074
26076
26074
26077
26078
26118
26076
26077
26078
27143
26078
26121
27144
26122
27145
26081
26083
26081
26084
26085
26086
26125
26083
26084
26085
26087
27150
26085
26128
27151
26088
26129
27152
26088
26088
26133
27157
26090
26091
26092
26094
26135
26092
26096
27160
26098
26137
27161
26095
26097
26095
26098
26099
26139
26097
26098
26099
27164
26099
26142
27165
26143
27166
26102
26104
26102
26105
26106
26108
26146
26104
26105
26106
27171
26106
26149
27172
26111
26150
27173
26109
26110
26111
26112
26153
47060
26112
27178
47062
26156
27179
26157
27180
47064
26116
47068
26117
26119
26174
26116
47070
26177
27184
47072
26123
26178
27185
26120
26122
26120
26123
26124
26181
26122
26123
26124
27189
26124
26184
27190
26185
27191
26127
26129
26127
26130
26131
26132
26188
26129
26130
26131
26133
27196
26131
26191
27197
26134
26192
27198
26134
26134
26196
27203
26136
26137
26138
26140
26138
26142
27206
26144
27207
26141
26143
26141
26144
26145
26198
26143
26144
26145
27210
26145
26201
27211
26202
27212
26148
26150
26148
26151
26152
26154
47073
26150
26151
26152
26156
27217
26152
27218
47076
26158
27219
47077
26155
26157
26158
26159
26161
26205
26158
26159
26163
27224
26207
27225
26165
26208
27226
26162
26164
47061
26162
26165
26166
26210
26164
26165
47064
26166
27231
47065
26166
26213
27232
26214
27233
26169
26171
47068
26169
26172
26173
26175
26217
26171
26172
47071
26173
26177
27238
47072
26173
26220
27239
26179
26221
27240
26176
26178
26179
26180
26182
26224
26179
26180
26184
27245
26226
27246
26186
26227
27247
26183
26185
26183
26186
26187
47080
26185
26186
26187
27252
26187
27253
47083
27254
47084
26190
26192
26190
26193
26194
26195
26229
26192
26193
26194
26196
27259
26194
26232
27260
26197
26233
27261
26197
26197
27266
26200
26202
26200
26203
26204
26236
26202
26203
26204
27269
26204
26239
27270
26240
27271
26208
26209
47075
26209
47077
26213
27276
26246
27277
47079
26212
26214
26212
26215
26216
26250
26214
26215
26216
27281
26216
26252
27282
26253
27283
26219
26221
26219
26222
26223
26255
26221
26222
26223
26226
27288
26223
26257
27289
26258
27290
26225
26227
26228
26260
47081
26228
27295
47083
26264
27296
47085
26231
26233
26231
26234
26235
26267
26233
26234
26235
27300
26235
26270
27301
26271
27302
26238
26240
26238
26241
26242
26274
26240
26241
26242
27307
26242
27308
26276
27309
26245
26247
26245
26248
26249
47108
26247
26248
26249
27314
26249
27315
47111
27316
47112
26251
26253
26254
26278
47088
26253
26254
27321
47090
26282
27322
47092
26258
26259
47096
26258
26259
47098
27326
26302
27327
47100
26262
26264
26262
26265
26266
47115
26264
26265
26266
27331
26266
27332
47118
27333
47119
26269
26271
26269
26272
26273
26271
26272
26273
27338
26273
26307
27339
27340
26275
26276
26277
47102
26277
27345
47104
27346
47106
26282
26280
26283
47110
26284
47129
26283
47112
26288
27349
26284
27350
47114
47132
27351
47133
26287
26289
47089
26287
26290
26291
26316
26289
26290
47092
26291
27356
47093
26291
27357
26320
27358
26294
26296
47096
26294
26297
26298
26296
26297
47099
26298
26302
27363
47100
26298
26340
27364
27365
26301
26303
26301
26304
26305
47116
47150
26305
27370
47118
26305
27371
47153
27372
47120
47154
26308
47124
26308
47126
27377
47128
26311
26313
47103
26311
26314
26315
26351
26313
26314
47106
26315
27380
47107
26315
27381
26353
27382
26320
26318
26321
47131
26322
47164
26321
47133
26326
27387
26322
27388
47135
47167
27389
47168
26325
26327
26325
26328
26329
26355
47137
26327
26328
26329
27394
47139
26329
27395
26359
27396
47141
26332
26334
26332
26335
47145
26336
26334
26335
47147
26336
26340
27401
26336
26403
27402
47149
27403
26339
26341
26339
26342
26343
47151
47185
26343
27408
47153
26343
27409
47188
27410
47155
47189
26346
26348
47124
26346
26349
26350
26348
26349
47127
26350
27415
47128
26350
26408
27416
27417
26352
26353
26354
47158
26354
27422
47160
27423
47162
26359
26357
26360
47166
26361
47206
26360
47168
26364
27426
26361
27427
47170
47209
27428
47210
26363
26365
47138
26366
26368
26365
47141
26366
26370
27433
47142
26372
27434
26369
26371
26369
26372
26373
26375
26422
26371
26372
26373
26377
27438
26373
27439
26379
26425
27440
26376
26378
26376
26379
26380
26428
47172
26378
26379
26380
27445
47174
26380
26431
27446
26432
27447
47176
26383
26385
26383
26386
47180
26387
26389
26445
26385
26386
47182
26387
26391
27452
26387
26448
27453
47184
26393
26449
27454
26390
26392
26390
26393
26394
26396
26392
26393
26394
26397
27459
26394
26454
27460
26399
27461
26398
47145
26399
26398
26399
47148
26403
27466
47149
27467
26402
26404
26402
26405
26406
47186
47213
26406
27471
47188
26406
27472
47216
27473
47190
47217
26409
47194
26409
47196
27478
47198
26411
26413
47159
26414
47200
26413
47162
26414
27481
47163
47202
27482
47204
26417
26419
26417
26420
47208
26421
26423
26419
26420
47210
26421
27486
26421
27487
47212
26426
27488
26425
26424
26426
26427
26429
47234
26431
27493
26427
27494
47237
26433
27495
47238
26432
26430
26433
26434
26436
26476
26432
26437
27499
26434
26479
27500
26439
26480
27501
26438
47173
26439
26438
47176
26442
27506
47177
26486
27507
26443
47180
26444
26446
26490
26443
47183
26448
27511
47184
26450
26494
27512
26449
26447
26450
26451
26452
26497
26449
26454
27516
26451
26500
27517
26455
26501
27518
26453
26455
26456
26458
47241
26456
27523
47244
26462
27524
47245
26459
26461
26459
26462
26463
47214
26461
26462
26463
27528
47216
26463
27529
27530
47218
26467
47194
26468
47222
26467
26468
47197
47224
27535
47198
27536
47226
26471
26473
47201
26471
26474
26475
26511
47228
26473
26474
47204
26475
27540
47205
47230
26475
27541
26512
27542
47232
26478
26480
26478
26481
47236
26482
26484
26480
26481
47238
26482
26486
27547
26482
27548
47240
26488
27549
26485
26487
26485
26488
26489
26491
26487
26488
26489
26493
27554
26489
27555
26495
27556
26492
26494
26492
26495
26496
26498
26494
26495
26496
26500
27561
26496
27562
26502
27563
26499
26501
26499
26502
26503
47242
26501
26502
26503
27568
47244
26503
27569
27570
47246
26506
26508
47222
26506
26509
47250
26510
26508
26509
47225
47252
26510
27575
47226
26510
26523
27576
47254
27577
26512
26515
27582
26514
26516
47229
26517
47256
26516
47232
26517
27584
47233
47258
27585
47260
26521
47250
26522
47264
26521
26522
47253
47266
26523
27589
47254
27590
47268
26526
47257
26526
47260
26530
27595
47261
26529
26531
26529
26532
26533
47270
26531
26532
26533
27598
47272
26533
27599
27600
47274
26536
26538
26536
26539
47278
26540
26538
26539
47280
26540
26542
27605
26540
27606
47282
27607
26543
47264
26543
47267
27612
47268
26546
47271
26546
47274
26550
27615
47275
26549
26551
26549
26552
26553
26555
26551
26552
26553
26557
27618
26553
27619
26559
27620
26556
26558
26556
26559
26560
26562
26558
26559
26560
26564
27625
26560
27626
26566
27627
26563
26565
26563
26566
26567
26569
26606
26565
26566
26567
26571
27632
26567
26607
27633
26573
26608
27634
26570
26572
26570
26573
26574
26576
26609
26572
26573
26574
26578
27639
26574
26610
27640
26580
26611
27641
26577
26579
26577
26580
26581
26583
26612
26579
26580
26581
26585
27646
26581
26613
27647
26587
26614
27648
26584
26586
26584
26587
26588
26590
26615
26586
26587
26588
26592
27653
26588
26616
27654
26594
26617
27655
26591
26593
26591
26594
26595
26597
26593
26594
26595
26599
27660
26595
27661
26601
27662
26598
26600
26598
26601
26602
26600
26601
26602
26604
27667
26602
27668
27669
26605
47278
26605
47281
27674
47282
26608
26608
26610
27677
26611
26611
26613
27680
26614
26614
26616
27683
26617
26617
27686
26619
26620
26621
26622
26652
26621
26655
27689
26624
26656
27690
26623
26624
26625
26626
26659
26625
26662
27693
26628
26663
27694
26627
26628
26629
26630
26666
26629
26669
27697
26632
26670
27698
26631
26632
26633
26673
26633
26676
27701
26677
27702
26635
26636
26637
26639
47283
26637
27705
47286
26643
27706
47287
26640
26642
26640
26643
26644
26646
26642
26643
26644
26648
27709
26644
27710
26650
27711
26647
26649
26647
26650
26651
26653
26649
26650
26651
26655
27716
26651
27717
26657
27718
26654
26656
26654
26657
26658
26660
26656
26657
26658
26662
27723
26658
27724
26664
27725
26661
26663
26661
26664
26665
26667
26663
26664
26665
26669
27730
26665
27731
26671
27732
26668
26670
26668
26671
26672
26674
26670
26671
26672
26676
27737
26672
27738
26678
27739
26675
26677
26675
26678
26679
26681
26677
26678
26679
26683
27744
26679
27745
26685
27746
26682
26684
26682
26685
26686
26688
26684
26685
26686
26690
27751
26686
27752
26692
27753
26689
26691
26689
26692
26693
26694
26691
26692
26693
27758
26693
27759
26696
27760
26695
26696
26697
47290
26697
27765
47293
27766
47294
26699
26700
26701
26703
47297
26701
27769
47300
26707
27770
47301
26704
26706
26704
26707
26708
47284
26706
26707
26708
27773
47286
26708
27774
27775
47288
26711
26713
26711
26714
47292
26715
26716
26713
26714
47294
26715
27780
26715
27781
47296
26718
27782
26717
26718
26719
47304
26719
27787
47307
27788
47308
26721
26723
26735
26726
26739
27791
26724
26725
26724
26726
26727
47298
47311
26727
27793
47300
26727
27794
47314
27795
47302
47315
26729
26731
47306
26732
26733
47332
26731
47308
26732
27799
47310
47335
26734
27800
47336
26734
26773
27804
26737
26739
26737
26740
26741
47312
47339
26739
26740
26741
27806
47314
26741
27807
47342
27808
47316
47343
26744
26746
26744
26747
47320
26748
26750
26795
26746
26747
47322
26748
26752
27813
26748
26798
27814
47324
26754
26799
27815
26751
26753
26751
26754
26755
26757
26753
26754
26755
26759
27820
26755
26804
27821
26761
27822
26758
26760
26758
26761
26762
26764
26807
26760
26761
26762
26766
27827
26762
27828
26768
26810
27829
26765
26767
26765
26768
26769
26813
47326
26767
26768
26769
27834
47328
26769
26816
27835
26817
27836
47330
26772
26774
26772
26775
47334
26776
47360
26774
26775
47336
26776
27841
26776
27842
47338
47363
27843
47364
26779
26780
26779
26781
26782
47340
47367
26782
27848
47342
26782
27849
47370
27850
47344
47371
26785
26787
26785
26788
47348
26789
26787
26788
47350
26789
26792
27854
26789
27855
47352
27856
26793
47320
26794
26796
26854
26793
47323
26798
27861
47324
26800
26858
27862
26799
26797
26800
26801
26802
26861
26799
26804
27866
26801
26864
27867
26805
26865
27868
26803
26805
26806
26808
47381
26806
27873
47384
26811
27874
47385
26810
26809
26811
26812
26814
47388
26816
27878
26812
27879
47391
26818
27880
47392
26817
26815
26818
26819
26821
26868
26817
26822
27884
26819
26871
27885
26824
26872
27886
26823
47327
26824
26823
47330
26828
27891
47331
26878
27892
26827
26829
26827
26830
26831
47354
26829
26830
26831
27896
47356
26831
27897
27898
47358
26833
26835
47362
26836
47402
26835
47364
26836
27903
47366
47405
27904
47406
26838
26839
26840
26897
47368
26840
27908
47370
26901
27909
47372
26845
47348
26846
47376
26847
26849
26911
26845
26846
47351
47378
27912
47352
27913
47380
26852
26915
27914
26850
26851
26850
26852
26853
26855
47416
26853
26857
27919
26853
27920
47419
26859
27921
47420
26856
26858
26856
26859
26860
26862
26858
26859
26860
26864
27925
26860
27926
26866
27927
26863
26865
26863
26866
26867
47382
26865
26866
26867
27932
47384
26867
27933
27934
47386
26870
26872
26870
26873
47390
26874
26876
26872
26873
47392
26874
26878
27939
26874
27940
47394
26880
27941
26877
26879
26877
26880
26881
26882
26879
26880
26881
26884
27946
26881
27947
26885
27948
26883
26885
26886
26888
47423
26885
26886
27953
47426
26892
27954
47427
26889
26891
47355
26892
26893
47396
26891
47358
26893
27958
47359
47398
26921
27959
27960
47400
26896
47404
26896
47406
26935
27965
47408
26899
26901
26899
26902
26903
47437
26901
26902
26903
27968
26903
27969
47440
27970
47441
26908
47376
26909
47411
26910
26912
26950
26908
26909
47379
47413
27975
47380
27976
47415
26916
26954
27977
26913
26915
26913
26916
26917
47417
26915
26916
26917
27982
47419
26917
27983
27984
47421
26920
26922
26920
26923
47425
26924
26926
26922
26923
47427
26924
27989
26924
27990
47429
26930
27991
26927
26929
47397
26930
26931
47431
26929
47400
26931
27996
47401
47433
26960
27997
27998
47435
26934
26936
26934
26937
26938
47458
26936
26937
26938
28003
26938
28004
47461
28005
47462
26940
26941
26942
26974
47438
26942
28010
47440
26978
28011
47442
26947
47411
26948
47446
26949
26951
26988
26947
26948
47414
47448
28014
47415
28015
47450
26955
26991
28016
26952
26954
26952
26955
26956
47465
26954
26955
26956
28021
26956
28022
47468
28023
47469
26959
26961
26959
26962
26963
26965
47472
26961
26962
26963
28028
26963
28029
47475
26969
28030
47476
26966
26968
47432
26969
26970
47452
26968
47435
26970
28035
47436
47454
26996
28036
28037
47456
26973
47460
26973
47462
27009
28042
47464
26976
26978
26976
26979
26980
27013
26978
26979
26980
28045
26980
27016
28046
27017
28047
26983
26985
47446
26983
26986
26987
26985
26986
47449
26987
28052
47450
26987
27022
28053
28054
26990
26991
26990
26992
26993
27025
47466
26993
28059
47468
26993
27028
28060
27029
28061
47470
26995
26997
47474
26998
27032
26997
47476
26998
27035
28065
47478
27036
28066
27001
27003
47453
27001
27004
27005
27039
27003
27004
47456
27005
28070
47457
27005
28071
27042
28072
27008
27010
27008
27011
27012
27045
27010
27011
27012
28077
27012
27048
28078
27049
28079
27015
27017
27015
27018
27019
27056
27017
27018
27019
28084
27019
27059
28085
27060
28086
27023
47481
27024
27026
27070
27023
47483
27073
28091
47485
27030
27074
28092
27027
27029
27027
27030
27031
27077
27029
27030
27031
28096
27031
27080
28097
27081
28098
27034
27036
27034
27037
27038
27040
27084
27036
27037
27038
28103
27038
27087
28104
27043
27088
28105
27041
27042
27043
27044
27091
47487
27044
28110
47489
27094
28111
27095
28112
47491
27047
27049
27047
27050
27051
27105
27049
27050
27051
28116
27051
27108
28117
27109
28118
27053
27054
27055
27057
27115
27055
27059
28123
27061
27117
28124
27058
27060
27058
27061
27062
27119
27060
27061
27062
28127
27062
27122
28128
27123
28129
27065
27067
47481
27065
27068
27069
27071
27126
27067
27068
47484
27069
27073
28134
47485
27069
27129
28135
27075
27130
28136
27072
27074
27075
27076
27078
27133
27075
27076
27080
28141
27135
28142
27082
27136
28143
27079
27081
27079
27082
27083
47493
27081
27082
27083
28148
27083
28149
47496
28150
47497
27086
27088
27086
27089
27090
27092
47500
27088
27089
27090
27094
28155
27090
28156
47503
27096
28157
47504
27093
27095
27096
27097
27099
27138
27096
27097
27101
28162
27140
28163
27103
27141
28164
27100
27102
47488
27100
27103
27104
27143
27102
27103
47491
27104
28169
47492
27104
27146
28170
27147
28171
27107
27109
27107
27110
27111
27112
27150
27109
27110
27111
27113
28176
27111
27153
28177
27114
27154
28178
27114
27114
27158
28183
27116
27117
27118
27120
27160
27118
27122
28186
27124
27162
28187
27121
27123
27121
27124
27125
27164
27123
27124
27125
28190
27125
27167
28191
27168
28192
27128
27130
27128
27131
27132
27171
27130
27131
27132
27135
28197
27132
27174
28198
27175
28199
27134
27136
27137
27178
47494
27137
28204
47496
27181
28205
47498
27141
27142
47502
27142
47504
27146
28209
27186
28210
47506
27145
27147
27145
27148
27149
27189
27147
27148
27149
28214
27149
27192
28215
27193
28216
27152
27154
27152
27155
27156
27157
27196
27154
27155
27156
27158
28221
27156
27199
28222
27159
27200
28223
27159
27159
27204
28228
27161
27162
27163
27165
27206
27163
27167
28231
27169
27208
28232
27166
27168
27166
27169
27170
27210
27168
27169
27170
28235
27170
27213
28236
27214
28237
27173
27175
27173
27176
27177
27179
27217
27175
27176
27177
28242
27177
27220
28243
27182
27221
28244
27180
27181
27182
27183
27224
47508
27183
28249
47510
27227
28250
27228
28251
47512
27187
47516
27188
27190
27245
27187
47518
27248
28255
47520
27194
27249
28256
27191
27193
27191
27194
27195
27252
27193
27194
27195
28260
27195
27255
28261
27256
28262
27198
27200
27198
27201
27202
27203
27259
27200
27201
27202
27204
28267
27202
27262
28268
27205
27263
28269
27205
27205
27267
28274
27207
27208
27209
27211
27209
27213
28277
27215
28278
27212
27214
27212
27215
27216
27269
27214
27215
27216
28281
27216
27272
28282
27273
28283
27219
27221
27219
27222
27223
27225
47521
27221
27222
27223
27227
28288
27223
28289
47524
27229
28290
47525
27226
27228
27229
27230
27232
27276
27229
27230
27234
28295
27278
28296
27236
27279
28297
27233
27235
47509
27233
27236
27237
27281
27235
27236
47512
27237
28302
47513
27237
27284
28303
27285
28304
27240
27242
47516
27240
27243
27244
27246
27288
27242
27243
47519
27244
27248
28309
47520
27244
27291
28310
27250
27292
28311
27247
27249
27250
27251
27253
27295
27250
27251
27255
28316
27297
28317
27257
27298
28318
27254
27256
27254
27257
27258
47528
27256
27257
27258
28323
27258
28324
47531
28325
47532
27261
27263
27261
27264
27265
27266
27300
27263
27264
27265
27267
28330
27265
27303
28331
27268
27304
28332
27268
27268
28337
27271
27273
27271
27274
27275
27307
27273
27274
27275
28340
27275
27310
28341
27311
28342
27279
27280
47523
27280
47525
27284
28347
27317
28348
47527
27283
27285
27283
27286
27287
27321
27285
27286
27287
28352
27287
27323
28353
27324
28354
27290
27292
27290
27293
27294
27326
27292
27293
27294
27297
28359
27294
27328
28360
27329
28361
27296
27298
27299
27331
47529
27299
28366
47531
27335
28367
47533
27302
27304
27302
27305
27306
27338
27304
27305
27306
28371
27306
27341
28372
27342
28373
27309
27311
27309
27312
27313
27345
27311
27312
27313
28378
27313
28379
27347
28380
27316
27318
27316
27319
27320
47556
27318
27319
27320
28385
27320
28386
47559
28387
47560
27322
27324
27325
27349
47536
27324
27325
28392
47538
27353
28393
47540
27329
27330
47544
27329
27330
47546
28397
27373
28398
47548
27333
27335
27333
27336
27337
47563
27335
27336
27337
28402
27337
28403
47566
28404
47567
27340
27342
27340
27343
27344
27342
27343
27344
28409
27344
27378
28410
28411
27346
27347
27348
47550
27348
28416
47552
28417
47554
27353
27351
27354
47558
27355
47577
27354
47560
27359
28420
27355
28421
47562
47580
28422
47581
27358
27360
47537
27358
27361
27362
27387
27360
27361
47540
27362
28427
47541
27362
28428
27391
28429
27365
27367
47544
27365
27368
27369
27367
27368
47547
27369
27373
28434
47548
27369
27411
28435
28436
27372
27374
27372
27375
27376
47564
47598
27376
28441
47566
27376
28442
47601
28443
47568
47602
27379
47572
27379
47574
28448
47576
27382
27384
47551
27382
27385
27386
27422
27384
27385
47554
27386
28451
47555
27386
28452
27424
28453
27391
27389
27392
47579
27393
47612
27392
47581
27397
28458
27393
28459
47583
47615
28460
47616
27396
27398
27396
27399
27400
27426
47585
27398
27399
27400
28465
47587
27400
28466
27430
28467
47589
27403
27405
27403
27406
47593
27407
27405
27406
47595
27407
27411
28472
27407
27474
28473
47597
28474
27410
27412
27410
27413
27414
47599
47633
27414
28479
47601
27414
28480
47636
28481
47603
47637
27417
27419
47572
27417
27420
27421
27419
27420
47575
27421
28486
47576
27421
27479
28487
28488
27423
27424
27425
47606
27425
28493
47608
28494
47610
27430
27428
27431
47614
27432
47654
27431
47616
27435
28497
27432
28498
47618
47657
28499
47658
27434
27436
47586
27437
27439
27436
47589
27437
27441
28504
47590
27443
28505
27440
27442
27440
27443
27444
27446
27493
27442
27443
27444
27448
28509
27444
28510
27450
27496
28511
27447
27449
27447
27450
27451
27499
47620
27449
27450
27451
28516
47622
27451
27502
28517
27503
28518
47624
27454
27456
27454
27457
47628
27458
27460
27516
27456
27457
47630
27458
27462
28523
27458
27519
28524
47632
27464
27520
28525
27461
27463
27461
27464
27465
27467
27463
27464
27465
27468
28530
27465
27525
28531
27470
28532
27469
47593
27470
27469
27470
47596
27474
28537
47597
28538
27473
27475
27473
27476
27477
47634
47661
27477
28542
47636
27477
28543
47664
28544
47638
47665
27480
47642
27480
47644
28549
47646
27482
27484
47607
27485
47648
27484
47610
27485
28552
47611
47650
28553
47652
27488
27490
27488
27491
47656
27492
27494
27490
27491
47658
27492
28557
27492
28558
47660
27497
28559
27496
27495
27497
27498
27500
47682
27502
28564
27498
28565
47685
27504
28566
47686
27503
27501
27504
27505
27507
27547
27503
27508
28570
27505
27550
28571
27510
27551
28572
27509
47621
27510
27509
47624
27513
28577
47625
27557
28578
27514
47628
27515
27517
27561
27514
47631
27519
28582
47632
27521
27565
28583
27520
27518
27521
27522
27523
27568
27520
27525
28587
27522
27571
28588
27526
27572
28589
27524
27526
27527
27529
47689
27527
28594
47692
27533
28595
47693
27530
27532
27530
27533
27534
47662
27532
27533
27534
28599
47664
27534
28600
28601
47666
27538
47642
27539
47670
27538
27539
47645
47672
28606
47646
28607
47674
27542
27544
47649
27542
27545
27546
27582
47676
27544
27545
47652
27546
28611
47653
47678
27546
28612
27583
28613
47680
27549
27551
27549
27552
47684
27553
27555
27551
27552
47686
27553
27557
28618
27553
28619
47688
27559
28620
27556
27558
27556
27559
27560
27562
27558
27559
27560
27564
28625
27560
28626
27566
28627
27563
27565
27563
27566
27567
27569
27565
27566
27567
27571
28632
27567
28633
27573
28634
27570
27572
27570
27573
27574
47690
27572
27573
27574
28639
47692
27574
28640
28641
47694
27577
27579
47670
27577
27580
47698
27581
27579
27580
47673
47700
27581
28646
47674
27581
27594
28647
47702
28648
27583
27586
28653
27585
27587
47677
27588
47704
27587
47680
27588
28655
47681
47706
28656
47708
27592
47698
27593
47712
27592
27593
47701
47714
27594
28660
47702
28661
47716
27597
47705
27597
47708
27601
28666
47709
27600
27602
27600
27603
27604
47718
27602
27603
27604
28669
47720
27604
28670
28671
47722
27607
27609
27607
27610
47726
27611
27609
27610
47728
27611
27613
28676
27611
28677
47730
28678
27614
47712
27614
47715
28683
47716
27617
47719
27617
47722
27621
28686
47723
27620
27622
27620
27623
27624
27626
27622
27623
27624
27628
28689
27624
28690
27630
28691
27627
27629
27627
27630
27631
27633
27629
27630
27631
27635
28696
27631
28697
27637
28698
27634
27636
27634
27637
27638
27640
27677
27636
27637
27638
27642
28703
27638
27678
28704
27644
27679
28705
27641
27643
27641
27644
27645
27647
27680
27643
27644
27645
27649
28710
27645
27681
28711
27651
27682
28712
27648
27650
27648
27651
27652
27654
27683
27650
27651
27652
27656
28717
27652
27684
28718
27658
27685
28719
27655
27657
27655
27658
27659
27661
27686
27657
27658
27659
27663
28724
27659
27687
28725
27665
27688
28726
27662
27664
27662
27665
27666
27668
27664
27665
27666
27670
28731
27666
28732
27672
28733
27669
27671
27669
27672
27673
27671
27672
27673
27675
28738
27673
28739
28740
27676
47726
27676
47729
28745
47730
27679
27679
27681
28748
27682
27682
27684
28751
27685
27685
27687
28754
27688
27688
28757
27690
27691
27692
27693
27723
27692
27726
28760
27695
27727
28761
27694
27695
27696
27697
27730
27696
27733
28764
27699
27734
28765
27698
27699
27700
27701
27737
27700
27740
28768
27703
27741
28769
27702
27703
27704
27744
27704
27747
28772
27748
28773
27706
27707
27708
27710
47731
27708
28776
47734
27714
28777
47735
27711
27713
27711
27714
27715
27717
27713
27714
27715
27719
28780
27715
28781
27721
28782
27718
27720
27718
27721
27722
27724
27720
27721
27722
27726
28787
27722
28788
27728
28789
27725
27727
27725
27728
27729
27731
27727
27728
27729
27733
28794
27729
28795
27735
28796
27732
27734
27732
27735
27736
27738
27734
27735
27736
27740
28801
27736
28802
27742
28803
27739
27741
27739
27742
27743
27745
27741
27742
27743
27747
28808
27743
28809
27749
28810
27746
27748
27746
27749
27750
27752
27748
27749
27750
27754
28815
27750
28816
27756
28817
27753
27755
27753
27756
27757
27759
27755
27756
27757
27761
28822
27757
28823
27763
28824
27760
27762
27760
27763
27764
27765
27762
27763
27764
28829
27764
28830
27767
28831
27766
27767
27768
47738
27768
28836
47741
28837
47742
27770
27771
27772
27774
47745
27772
28840
47748
27778
28841
47749
27775
27777
27775
27778
27779
47732
27777
27778
27779
28844
47734
27779
28845
28846
47736
27782
27784
27782
27785
47740
27786
27787
27784
27785
47742
27786
28851
27786
28852
47744
27789
28853
27788
27789
27790
47752
27790
28858
47755
28859
47756
27792
27794
27806
27797
27810
28862
27795
27796
27795
27797
27798
47746
47759
27798
28864
47748
27798
28865
47762
28866
47750
47763
27800
27802
47754
27803
27804
47780
27802
47756
27803
28870
47758
47783
27805
28871
47784
27805
27844
28875
27808
27810
27808
27811
27812
47760
47787
27810
27811
27812
28877
47762
27812
28878
47790
28879
47764
47791
27815
27817
27815
27818
47768
27819
27821
27866
27817
27818
47770
27819
27823
28884
27819
27869
28885
47772
27825
27870
28886
27822
27824
27822
27825
27826
27828
27824
27825
27826
27830
28891
27826
27875
28892
27832
28893
27829
27831
27829
27832
27833
27835
27878
27831
27832
27833
27837
28898
27833
28899
27839
27881
28900
27836
27838
27836
27839
27840
27884
47774
27838
27839
27840
28905
47776
27840
27887
28906
27888
28907
47778
27843
27845
27843
27846
47782
27847
47808
27845
27846
47784
27847
28912
27847
28913
47786
47811
28914
47812
27850
27851
27850
27852
27853
47788
47815
27853
28919
47790
27853
28920
47818
28921
47792
47819
27856
27858
27856
27859
47796
27860
27858
27859
47798
27860
27863
28925
27860
28926
47800
28927
27864
47768
27865
27867
27925
27864
47771
27869
28932
47772
27871
27929
28933
27870
27868
27871
27872
27873
27932
27870
27875
28937
27872
27935
28938
27876
27936
28939
27874
27876
27877
27879
47829
27877
28944
47832
27882
28945
47833
27881
27880
27882
27883
27885
47836
27887
28949
27883
28950
47839
27889
28951
47840
27888
27886
27889
27890
27892
27939
27888
27893
28955
27890
27942
28956
27895
27943
28957
27894
47775
27895
27894
47778
27899
28962
47779
27949
28963
27898
27900
27898
27901
27902
47802
27900
27901
27902
28967
47804
27902
28968
28969
47806
27904
27906
47810
27907
47850
27906
47812
27907
28974
47814
47853
28975
47854
27909
27910
27911
27968
47816
27911
28979
47818
27972
28980
47820
27916
47796
27917
47824
27918
27920
27982
27916
27917
47799
47826
28983
47800
28984
47828
27923
27986
28985
27921
27922
27921
27923
27924
27926
47864
27924
27928
28990
27924
28991
47867
27930
28992
47868
27927
27929
27927
27930
27931
27933
27929
27930
27931
27935
28996
27931
28997
27937
28998
27934
27936
27934
27937
27938
47830
27936
27937
27938
29003
47832
27938
29004
29005
47834
27941
27943
27941
27944
47838
27945
27947
27943
27944
47840
27945
27949
29010
27945
29011
47842
27951
29012
27948
27950
27948
27951
27952
27953
27950
27951
27952
27955
29017
27952
29018
27956
29019
27954
27956
27957
27959
47871
27956
27957
29024
47874
27963
29025
47875
27960
27962
47803
27963
27964
47844
27962
47806
27964
29029
47807
47846
27992
29030
29031
47848
27967
47852
27967
47854
28006
29036
47856
27970
27972
27970
27973
27974
47885
27972
27973
27974
29039
27974
29040
47888
29041
47889
27979
47824
27980
47859
27981
27983
28021
27979
27980
47827
47861
29046
47828
29047
47863
27987
28025
29048
27984
27986
27984
27987
27988
47865
27986
27987
27988
29053
47867
27988
29054
29055
47869
27991
27993
27991
27994
47873
27995
27997
27993
27994
47875
27995
29060
27995
29061
47877
28001
29062
27998
28000
47845
28001
28002
47879
28000
47848
28002
29067
47849
47881
28031
29068
29069
47883
28005
28007
28005
28008
28009
47906
28007
28008
28009
29074
28009
29075
47909
29076
47910
28011
28012
28013
28045
47886
28013
29081
47888
28049
29082
47890
28018
47859
28019
47894
28020
28022
28059
28018
28019
47862
47896
29085
47863
29086
47898
28026
28062
29087
28023
28025
28023
28026
28027
47913
28025
28026
28027
29092
28027
29093
47916
29094
47917
28030
28032
28030
28033
28034
28036
47920
28032
28033
28034
29099
28034
29100
47923
28040
29101
47924
28037
28039
47880
28040
28041
47900
28039
47883
28041
29106
47884
47902
28067
29107
29108
47904
28044
47908
28044
47910
28080
29113
47912
28047
28049
28047
28050
28051
28084
28049
28050
28051
29116
28051
28087
29117
28088
29118
28054
28056
47894
28054
28057
28058
28056
28057
47897
28058
29123
47898
28058
28093
29124
29125
28061
28062
28061
28063
28064
28096
47914
28064
29130
47916
28064
28099
29131
28100
29132
47918
28066
28068
47922
28069
28103
28068
47924
28069
28106
29136
47926
28107
29137
28072
28074
47901
28072
28075
28076
28110
28074
28075
47904
28076
29141
47905
28076
29142
28113
29143
28079
28081
28079
28082
28083
28116
28081
28082
28083
29148
28083
28119
29149
28120
29150
28086
28088
28086
28089
28090
28127
28088
28089
28090
29155
28090
28130
29156
28131
29157
28094
47929
28095
28097
28141
28094
47931
28144
29162
47933
28101
28145
29163
28098
28100
28098
28101
28102
28148
28100
28101
28102
29167
28102
28151
29168
28152
29169
28105
28107
28105
28108
28109
28111
28155
28107
28108
28109
29174
28109
28158
29175
28114
28159
29176
28112
28113
28114
28115
28162
47935
28115
29181
47937
28165
29182
28166
29183
47939
28118
28120
28118
28121
28122
28176
28120
28121
28122
29187
28122
28179
29188
28180
29189
28124
28125
28126
28128
28186
28126
28130
29194
28132
28188
29195
28129
28131
28129
28132
28133
28190
28131
28132
28133
29198
28133
28193
29199
28194
29200
28136
28138
47929
28136
28139
28140
28142
28197
28138
28139
47932
28140
28144
29205
47933
28140
28200
29206
28146
28201
29207
28143
28145
28146
28147
28149
28204
28146
28147
28151
29212
28206
29213
28153
28207
29214
28150
28152
28150
28153
28154
47941
28152
28153
28154
29219
28154
29220
47944
29221
47945
28157
28159
28157
28160
28161
28163
47948
28159
28160
28161
28165
29226
28161
29227
47951
28167
29228
47952
28164
28166
28167
28168
28170
28209
28167
28168
28172
29233
28211
29234
28174
28212
29235
28171
28173
47936
28171
28174
28175
28214
28173
28174
47939
28175
29240
47940
28175
28217
29241
28218
29242
28178
28180
28178
28181
28182
28183
28221
28180
28181
28182
28184
29247
28182
28224
29248
28185
28225
29249
28185
28185
28229
29254
28187
28188
28189
28191
28231
28189
28193
29257
28195
28233
29258
28192
28194
28192
28195
28196
28235
28194
28195
28196
29261
28196
28238
29262
28239
29263
28199
28201
28199
28202
28203
28242
28201
28202
28203
28206
29268
28203
28245
29269
28246
29270
28205
28207
28208
28249
47942
28208
29275
47944
28252
29276
47946
28212
28213
47950
28213
47952
28217
29280
28257
29281
47954
28216
28218
28216
28219
28220
28260
28218
28219
28220
29285
28220
28263
29286
28264
29287
28223
28225
28223
28226
28227
28228
28267
28225
28226
28227
28229
29292
28227
28270
29293
28230
28271
29294
28230
28230
28275
29299
28232
28233
28234
28236
28277
28234
28238
29302
28240
28279
29303
28237
28239
28237
28240
28241
28281
28239
28240
28241
29306
28241
28284
29307
28285
29308
28244
28246
28244
28247
28248
28250
28288
28246
28247
28248
29313
28248
28291
29314
28253
28292
29315
28251
28252
28253
28254
28295
47956
28254
29320
47958
28298
29321
28299
29322
47960
28258
47964
28259
28261
28316
28258
47966
28319
29326
47968
28265
28320
29327
28262
28264
28262
28265
28266
28323
28264
28265
28266
29331
28266
28326
29332
28327
29333
28269
28271
28269
28272
28273
28274
28330
28271
28272
28273
28275
29338
28273
28333
29339
28276
28334
29340
28276
28276
28338
29345
28278
28279
28280
28282
28280
28284
29348
28286
29349
28283
28285
28283
28286
28287
28340
28285
28286
28287
29352
28287
28343
29353
28344
29354
28290
28292
28290
28293
28294
28296
47969
28292
28293
28294
28298
29359
28294
29360
47972
28300
29361
47973
28297
28299
28300
28301
28303
28347
28300
28301
28305
29366
28349
29367
28307
28350
29368
28304
28306
47957
28304
28307
28308
28352
28306
28307
47960
28308
29373
47961
28308
28355
29374
28356
29375
28311
28313
47964
28311
28314
28315
28317
28359
28313
28314
47967
28315
28319
29380
47968
28315
28362
29381
28321
28363
29382
28318
28320
28321
28322
28324
28366
28321
28322
28326
29387
28368
29388
28328
28369
29389
28325
28327
28325
28328
28329
47976
28327
28328
28329
29394
28329
29395
47979
29396
47980
28332
28334
28332
28335
28336
28337
28371
28334
28335
28336
28338
29401
28336
28374
29402
28339
28375
29403
28339
28339
29408
28342
28344
28342
28345
28346
28378
28344
28345
28346
29411
28346
28381
29412
28382
29413
28350
28351
47971
28351
47973
28355
29418
28388
29419
47975
28354
28356
28354
28357
28358
28392
28356
28357
28358
29423
28358
28394
29424
28395
29425
28361
28363
28361
28364
28365
28397
28363
28364
28365
28368
29430
28365
28399
29431
28400
29432
28367
28369
28370
28402
47977
28370
29437
47979
28406
29438
47981
28373
28375
28373
28376
28377
28409
28375
28376
28377
29442
28377
28412
29443
28413
29444
28380
28382
28380
28383
28384
28416
28382
28383
28384
29449
28384
29450
28418
29451
28387
28389
28387
28390
28391
48004
28389
28390
28391
29456
28391
29457
48007
29458
48008
28393
28395
28396
28420
47984
28395
28396
29463
47986
28424
29464
47988
28400
28401
47992
28400
28401
47994
29468
28444
29469
47996
28404
28406
28404
28407
28408
48011
28406
28407
28408
29473
28408
29474
48014
29475
48015
28411
28413
28411
28414
28415
28413
28414
28415
29480
28415
28449
29481
29482
28417
28418
28419
47998
28419
29487
48000
29488
48002
28424
28422
28425
48006
28426
48025
28425
48008
28430
29491
28426
29492
48010
48028
29493
48029
28429
28431
47985
28429
28432
28433
28458
28431
28432
47988
28433
29498
47989
28433
29499
28462
29500
28436
28438
47992
28436
28439
28440
28438
28439
47995
28440
28444
29505
47996
28440
28482
29506
29507
28443
28445
28443
28446
28447
48012
48046
28447
29512
48014
28447
29513
48049
29514
48016
48050
28450
48020
28450
48022
29519
48024
28453
28455
47999
28453
28456
28457
28493
28455
28456
48002
28457
29522
48003
28457
29523
28495
29524
28462
28460
28463
48027
28464
48060
28463
48029
28468
29529
28464
29530
48031
48063
29531
48064
28467
28469
28467
28470
28471
28497
48033
28469
28470
28471
29536
48035
28471
29537
28501
29538
48037
28474
28476
28474
28477
48041
28478
28476
28477
48043
28478
28482
29543
28478
28545
29544
48045
29545
28481
28483
28481
28484
28485
48047
48081
28485
29550
48049
28485
29551
48084
29552
48051
48085
28488
28490
48020
28488
28491
28492
28490
28491
48023
28492
29557
48024
28492
28550
29558
29559
28494
28495
28496
48054
28496
29564
48056
29565
48058
28501
28499
28502
48062
28503
48102
28502
48064
28506
29568
28503
29569
48066
48105
29570
48106
28505
28507
48034
28508
28510
28507
48037
28508
28512
29575
48038
28514
29576
28511
28513
28511
28514
28515
28517
28564
28513
28514
28515
28519
29580
28515
29581
28521
28567
29582
28518
28520
28518
28521
28522
28570
48068
28520
28521
28522
29587
48070
28522
28573
29588
28574
29589
48072
28525
28527
28525
28528
48076
28529
28531
28587
28527
28528
48078
28529
28533
29594
28529
28590
29595
48080
28535
28591
29596
28532
28534
28532
28535
28536
28538
28534
28535
28536
28539
29601
28536
28596
29602
28541
29603
28540
48041
28541
28540
28541
48044
28545
29608
48045
29609
28544
28546
28544
28547
28548
48082
48109
28548
29613
48084
28548
29614
48112
29615
48086
48113
28551
48090
28551
48092
29620
48094
28553
28555
48055
28556
48096
28555
48058
28556
29623
48059
48098
29624
48100
28559
28561
28559
28562
48104
28563
28565
28561
28562
48106
28563
29628
28563
29629
48108
28568
29630
28567
28566
28568
28569
28571
48130
28573
29635
28569
29636
48133
28575
29637
48134
28574
28572
28575
28576
28578
28618
28574
28579
29641
28576
28621
29642
28581
28622
29643
28580
48069
28581
28580
48072
28584
29648
48073
28628
29649
28585
48076
28586
28588
28632
28585
48079
28590
29653
48080
28592
28636
29654
28591
28589
28592
28593
28594
28639
28591
28596
29658
28593
28642
29659
28597
28643
29660
28595
28597
28598
28600
48137
28598
29665
48140
28604
29666
48141
28601
28603
28601
28604
28605
48110
28603
28604
28605
29670
48112
28605
29671
29672
48114
28609
48090
28610
48118
28609
28610
48093
48120
29677
48094
29678
48122
28613
28615
48097
28613
28616
28617
28653
48124
28615
28616
48100
28617
29682
48101
48126
28617
29683
28654
29684
48128
28620
28622
28620
28623
48132
28624
28626
28622
28623
48134
28624
28628
29689
28624
29690
48136
28630
29691
28627
28629
28627
28630
28631
28633
28629
28630
28631
28635
29696
28631
29697
28637
29698
28634
28636
28634
28637
28638
28640
28636
28637
28638
28642
29703
28638
29704
28644
29705
28641
28643
28641
28644
28645
48138
28643
28644
28645
29710
48140
28645
29711
29712
48142
28648
28650
48118
28648
28651
48146
28652
28650
28651
48121
48148
28652
29717
48122
28652
28665
29718
48150
29719
28654
28657
29724
28656
28658
48125
28659
48152
28658
48128
28659
29726
48129
48154
29727
48156
28663
48146
28664
48160
28663
28664
48149
48162
28665
29731
48150
29732
48164
28668
48153
28668
48156
28672
29737
48157
28671
28673
28671
28674
28675
48166
28673
28674
28675
29740
48168
28675
29741
29742
48170
28678
28680
28678
28681
48174
28682
28680
28681
48176
28682
28684
29747
28682
29748
48178
29749
28685
48160
28685
48163
29754
48164
28688
48167
28688
48170
28692
29757
48171
28691
28693
28691
28694
28695
28697
28693
28694
28695
28699
29760
28695
29761
28701
29762
28698
28700
28698
28701
28702
28704
28700
28701
28702
28706
29767
28702
29768
28708
29769
28705
28707
28705
28708
28709
28711
28748
28707
28708
28709
28713
29774
28709
28749
29775
28715
28750
29776
28712
28714
28712
28715
28716
28718
28751
28714
28715
28716
28720
29781
28716
28752
29782
28722
28753
29783
28719
28721
28719
28722
28723
28725
28754
28721
28722
28723
28727
29788
28723
28755
29789
28729
28756
29790
28726
28728
28726
28729
28730
28732
28757
28728
28729
28730
28734
29795
28730
28758
29796
28736
28759
29797
28733
28735
28733
28736
28737
28739
28735
28736
28737
28741
29802
28737
29803
28743
29804
28740
28742
28740
28743
28744
28742
28743
28744
28746
29809
28744
29810
29811
28747
48174
28747
48177
29816
48178
28750
28750
28752
29819
28753
28753
28755
29822
28756
28756
28758
29825
28759
28759
29828
28761
28762
28763
28764
28794
28763
28797
29831
28766
28798
29832
28765
28766
28767
28768
28801
28767
28804
29835
28770
28805
29836
28769
28770
28771
28772
28808
28771
28811
29839
28774
28812
29840
28773
28774
28775
28815
28775
28818
29843
28819
29844
28777
28778
28779
28781
48179
28779
29847
48182
28785
29848
48183
28782
28784
28782
28785
28786
28788
28784
28785
28786
28790
29851
28786
29852
28792
29853
28789
28791
28789
28792
28793
28795
28791
28792
28793
28797
29858
28793
29859
28799
29860
28796
28798
28796
28799
28800
28802
28798
28799
28800
28804
29865
28800
29866
28806
29867
28803
28805
28803
28806
28807
28809
28805
28806
28807
28811
29872
28807
29873
28813
29874
28810
28812
28810
28813
28814
28816
28812
28813
28814
28818
29879
28814
29880
28820
29881
28817
28819
28817
28820
28821
28823
28819
28820
28821
28825
29886
28821
29887
28827
29888
28824
28826
28824
28827
28828
28830
28826
28827
28828
28832
29893
28828
29894
28834
29895
28831
28833
28831
28834
28835
28836
28833
28834
28835
29900
28835
29901
28838
29902
28837
28838
28839
48186
28839
29907
48189
29908
48190
28841
28842
28843
28845
48193
28843
29911
48196
28849
29912
48197
28846
28848
28846
28849
28850
48180
28848
28849
28850
29915
48182
28850
29916
29917
48184
28853
28855
28853
28856
48188
28857
28858
28855
28856
48190
28857
29922
28857
29923
48192
28860
29924
28859
28860
28861
48200
28861
29929
48203
29930
48204
28863
28865
28877
28868
28881
29933
28866
28867
28866
28868
28869
48194
48207
28869
29935
48196
28869
29936
48210
29937
48198
48211
28871
28873
48202
28874
28875
48228
28873
48204
28874
29941
48206
48231
28876
29942
48232
28876
28915
29946
28879
28881
28879
28882
28883
48208
48235
28881
28882
28883
29948
48210
28883
29949
48238
29950
48212
48239
28886
28888
28886
28889
48216
28890
28892
28937
28888
28889
48218
28890
28894
29955
28890
28940
29956
48220
28896
28941
29957
28893
28895
28893
28896
28897
28899
28895
28896
28897
28901
29962
28897
28946
29963
28903
29964
28900
28902
28900
28903
28904
28906
28949
28902
28903
28904
28908
29969
28904
29970
28910
28952
29971
28907
28909
28907
28910
28911
28955
48222
28909
28910
28911
29976
48224
28911
28958
29977
28959
29978
48226
28914
28916
28914
28917
48230
28918
48256
28916
28917
48232
28918
29983
28918
29984
48234
48259
29985
48260
28921
28922
28921
28923
28924
48236
48263
28924
29990
48238
28924
29991
48266
29992
48240
48267
28927
28929
28927
28930
48244
28931
28929
28930
48246
28931
28934
29996
28931
29997
48248
29998
28935
48216
28936
28938
28996
28935
48219
28940
30003
48220
28942
29000
30004
28941
28939
28942
28943
28944
29003
28941
28946
30008
28943
29006
30009
28947
29007
30010
28945
28947
28948
28950
48277
28948
30015
48280
28953
30016
48281
28952
28951
28953
28954
28956
48284
28958
30020
28954
30021
48287
28960
30022
48288
28959
28957
28960
28961
28963
29010
28959
28964
30026
28961
29013
30027
28966
29014
30028
28965
48223
28966
28965
48226
28970
30033
48227
29020
30034
28969
28971
28969
28972
28973
48250
28971
28972
28973
30038
48252
28973
30039
30040
48254
28975
28977
48258
28978
48298
28977
48260
28978
30045
48262
48301
30046
48302
28980
28981
28982
29039
48264
28982
30050
48266
29043
30051
48268
28987
48244
28988
48272
28989
28991
29053
28987
28988
48247
48274
30054
48248
30055
48276
28994
29057
30056
28992
28993
28992
28994
28995
28997
48312
28995
28999
30061
28995
30062
48315
29001
30063
48316
28998
29000
28998
29001
29002
29004
29000
29001
29002
29006
30067
29002
30068
29008
30069
29005
29007
29005
29008
29009
48278
29007
29008
29009
30074
48280
29009
30075
30076
48282
29012
29014
29012
29015
48286
29016
29018
29014
29015
48288
29016
29020
30081
29016
30082
48290
29022
30083
29019
29021
29019
29022
29023
29024
29021
29022
29023
29026
30088
29023
30089
29027
30090
29025
29027
29028
29030
48319
29027
29028
30095
48322
29034
30096
48323
29031
29033
48251
29034
29035
48292
29033
48254
29035
30100
48255
48294
29063
30101
30102
48296
29038
48300
29038
48302
29077
30107
48304
29041
29043
29041
29044
29045
48333
29043
29044
29045
30110
29045
30111
48336
30112
48337
29050
48272
29051
48307
29052
29054
29092
29050
29051
48275
48309
30117
48276
30118
48311
29058
29096
30119
29055
29057
29055
29058
29059
48313
29057
29058
29059
30124
48315
29059
30125
30126
48317
29062
29064
29062
29065
48321
29066
29068
29064
29065
48323
29066
30131
29066
30132
48325
29072
30133
29069
29071
48293
29072
29073
48327
29071
48296
29073
30138
48297
48329
29102
30139
30140
48331
29076
29078
29076
29079
29080
48354
29078
29079
29080
30145
29080
30146
48357
30147
48358
29082
29083
29084
29116
48334
29084
30152
48336
29120
30153
48338
29089
48307
29090
48342
29091
29093
29130
29089
29090
48310
48344
30156
48311
30157
48346
29097
29133
30158
29094
29096
29094
29097
29098
48361
29096
29097
29098
30163
29098
30164
48364
30165
48365
29101
29103
29101
29104
29105
29107
48382
29103
29104
29105
30170
29105
30171
48385
29111
30172
48386
29108
29110
48328
29111
29112
48348
29110
48331
29112
30177
48332
48350
29138
30178
30179
48352
29115
48356
29115
48358
29151
30184
48360
29118
29120
29118
29121
29122
29155
29120
29121
29122
30187
29122
29158
30188
29159
30189
29125
29127
48342
29125
29128
29129
29127
29128
48345
29129
30194
48346
29129
29164
30195
30196
29132
29133
29132
29134
29135
29167
48362
29135
30201
48364
29135
29170
30202
29171
30203
48366
29137
29139
48384
29140
29174
29139
48386
29140
29177
30221
48388
29178
30222
29143
29145
48349
29143
29146
29147
29181
29145
29146
48352
29147
30226
48353
29147
30227
29184
30228
29150
29152
29150
29153
29154
29187
29152
29153
29154
30233
29154
29190
30234
29191
30235
29157
29159
29157
29160
29161
29198
29159
29160
29161
30240
29161
29201
30241
29202
30242
29165
48391
29166
29168
29212
29165
48393
29215
30247
48395
29172
29216
30248
29169
29171
29169
29172
29173
29219
29171
29172
29173
30252
29173
29222
30253
29223
30254
29176
29178
29176
29179
29180
29182
29226
29178
29179
29180
30259
29180
29229
30260
29185
29230
30261
29183
29184
29185
29186
29233
48397
29186
30266
48399
29236
30267
29237
30268
48401
29189
29191
29189
29192
29193
29247
29191
29192
29193
30272
29193
29250
30273
29251
30274
29195
29196
29197
29199
29257
29197
29201
30279
29203
29259
30280
29200
29202
29200
29203
29204
29261
29202
29203
29204
30283
29204
29264
30284
29265
30285
29207
29209
48391
29207
29210
29211
29213
29268
29209
29210
48394
29211
29215
30290
48395
29211
29271
30291
29217
29272
30292
29214
29216
29217
29218
29220
29275
29217
29218
29222
30297
29277
30298
29224
29278
30299
29221
29223
29221
29224
29225
48403
29223
29224
29225
30304
29225
30305
48406
30306
48407
29228
29230
29228
29231
29232
29234
48424
29230
29231
29232
29236
30325
29232
30326
48427
29238
30327
48428
29235
29237
29238
29239
29241
29280
29238
29239
29243
30332
29282
30333
29245
29283
30334
29242
29244
48398
29242
29245
29246
29285
29244
29245
48401
29246
30339
48402
29246
29288
30340
29289
30341
29249
29251
29249
29252
29253
29254
29292
29251
29252
29253
29255
30346
29253
29295
30347
29256
29296
30348
29256
29256
29300
30353
29258
29259
29260
29262
29302
29260
29264
30356
29266
29304
30357
29263
29265
29263
29266
29267
29306
29265
29266
29267
30360
29267
29309
30361
29310
30362
29270
29272
29270
29273
29274
29313
29272
29273
29274
29277
30367
29274
29316
30368
29317
30369
29276
29278
29279
29320
48404
29279
30374
48406
29323
30375
48408
29283
29284
48426
29284
48428
29288
30379
29328
30380
48430
29287
29289
29287
29290
29291
29331
29289
29290
29291
30384
29291
29334
30385
29335
30386
29294
29296
29294
29297
29298
29299
29338
29296
29297
29298
29300
30391
29298
29341
30392
29301
29342
30393
29301
29301
29346
30398
29303
29304
29305
29307
29348
29305
29309
30401
29311
29350
30402
29308
29310
29308
29311
29312
29352
29310
29311
29312
30405
29312
29355
30406
29356
30407
29315
29317
29315
29318
29319
29321
29359
29317
29318
29319
30412
29319
29362
30413
29324
29363
30414
29322
29323
29324
29325
29366
48432
29325
30419
48434
29369
30420
29370
30421
48436
29329
48454
29330
29332
29387
29329
48456
29390
30425
48458
29336
29391
30426
29333
29335
29333
29336
29337
29394
29335
29336
29337
30430
29337
29397
30431
29398
30432
29340
29342
29340
29343
29344
29345
29401
29342
29343
29344
29346
30437
29344
29404
30438
29347
29405
30439
29347
29347
29409
30444
29349
29350
29351
29353
29351
29355
30447
29357
30448
29354
29356
29354
29357
29358
29411
29356
29357
29358
30451
29358
29414
30452
29415
30453
29361
29363
29361
29364
29365
29367
48459
29363
29364
29365
29369
30458
29365
30459
48462
29371
30460
48463
29368
29370
29371
29372
29374
29418
29371
29372
29376
30465
29420
30466
29378
29421
30467
29375
29377
48433
29375
29378
29379
29423
29377
29378
48436
29379
30472
48437
29379
29426
30473
29427
30474
29382
29384
48454
29382
29385
29386
29388
29430
29384
29385
48457
29386
29390
30493
48458
29386
29433
30494
29392
29434
30495
29389
29391
29392
29393
29395
29437
29392
29393
29397
30500
29439
30501
29399
29440
30502
29396
29398
29396
29399
29400
48466
29398
29399
29400
30507
29400
30508
48469
30509
48470
29403
29405
29403
29406
29407
29408
29442
29405
29406
29407
29409
30514
29407
29445
30515
29410
29446
30516
29410
29410
30521
29413
29415
29413
29416
29417
29449
29415
29416
29417
30524
29417
29452
30525
29453
30526
29421
29422
48461
29422
48463
29426
30531
29459
30532
48465
29425
29427
29425
29428
29429
29463
29427
29428
29429
30536
29429
29465
30537
29466
30538
29432
29434
29432
29435
29436
29468
29434
29435
29436
29439
30543
29436
29470
30544
29471
30545
29438
29440
29441
29473
48467
29441
30550
48469
29477
30551
48471
29444
29446
29444
29447
29448
29480
29446
29447
29448
30555
29448
29483
30556
29484
30557
29451
29453
29451
29454
29455
29487
29453
29454
29455
30562
29455
30563
29489
30564
29458
29460
29458
29461
29462
48508
29460
29461
29462
30569
29462
30570
48511
30571
48512
29464
29466
29467
29491
48474
29466
29467
30576
48476
29495
30577
48478
29471
29472
48496
29471
29472
48498
30595
29515
30596
48500
29475
29477
29475
29478
29479
48515
29477
29478
29479
30600
29479
30601
48518
30602
48519
29482
29484
29482
29485
29486
29484
29485
29486
30607
29486
29520
30608
30609
29488
29489
29490
48502
29490
30614
48504
30615
48506
29495
29493
29496
48510
29497
48529
29496
48512
29501
30618
29497
30619
48514
48532
30620
48533
29500
29502
48475
29500
29503
29504
29529
29502
29503
48478
29504
30625
48479
29504
30626
29533
30627
29507
29509
48496
29507
29510
29511
29509
29510
48499
29511
29515
30632
48500
29511
29553
30633
30634
29514
29516
29514
29517
29518
48516
48550
29518
30639
48518
29518
30640
48553
30641
48520
48554
29521
48524
29521
48526
30646
48528
29524
29526
48503
29524
29527
29528
29564
29526
29527
48506
29528
30649
48507
29528
30650
29566
30651
29533
29531
29534
48531
29535
48564
29534
48533
29539
30656
29535
30657
48535
48567
30658
48568
29538
29540
29538
29541
29542
29568
48537
29540
29541
29542
30663
48539
29542
30664
29572
30665
48541
29545
29547
29545
29548
48545
29549
29547
29548
48547
29549
29553
30670
29549
29616
30671
48549
30672
29552
29554
29552
29555
29556
48551
48585
29556
30677
48553
29556
30678
48588
30679
48555
48589
29559
29561
48524
29559
29562
29563
29561
29562
48527
29563
30684
48528
29563
29621
30685
30686
29565
29566
29567
48558
29567
30691
48560
30692
48562
29572
29570
29573
48566
29574
48606
29573
48568
29577
30695
29574
30696
48570
48609
30697
48610
29576
29578
48538
29579
29581
29578
48541
29579
29583
30702
48542
29585
30703
29582
29584
29582
29585
29586
29588
29635
29584
29585
29586
29590
30707
29586
30708
29592
29638
30709
29589
29591
29589
29592
29593
29641
48572
29591
29592
29593
30714
48574
29593
29644
30715
29645
30716
48576
29596
29598
29596
29599
48580
29600
29602
29658
29598
29599
48582
29600
29604
30721
29600
29661
30722
48584
29606
29662
30723
29603
29605
29603
29606
29607
29609
29605
29606
29607
29610
30728
29607
29667
30729
29612
30730
29611
48545
29612
29611
29612
48548
29616
30735
48549
30736
29615
29617
29615
29618
29619
48586
48613
29619
30740
48588
29619
30741
48616
30742
48590
48617
29622
48594
29622
48596
30747
48598
29624
29626
48559
29627
48600
29626
48562
29627
30750
48563
48602
30751
48604
29630
29632
29630
29633
48608
29634
29636
29632
29633
48610
29634
30755
29634
30756
48612
29639
30757
29638
29637
29639
29640
29642
48634
29644
30762
29640
30763
48637
29646
30764
48638
29645
29643
29646
29647
29649
29689
29645
29650
30768
29647
29692
30769
29652
29693
30770
29651
48573
29652
29651
48576
29655
30775
48577
29699
30776
29656
48580
29657
29659
29703
29656
48583
29661
30780
48584
29663
29707
30781
29662
29660
29663
29664
29665
29710
29662
29667
30785
29664
29713
30786
29668
29714
30787
29666
29668
29669
29671
48641
29669
30792
48644
29675
30793
48645
29672
29674
29672
29675
29676
48614
29674
29675
29676
30797
48616
29676
30798
30799
48618
29680
48594
29681
48622
29680
29681
48597
48624
30804
48598
30805
48626
29684
29686
48601
29684
29687
29688
29724
48628
29686
29687
48604
29688
30809
48605
48630
29688
30810
29725
30811
48632
29691
29693
29691
29694
48636
29695
29697
29693
29694
48638
29695
29699
30816
29695
30817
48640
29701
30818
29698
29700
29698
29701
29702
29704
29700
29701
29702
29706
30823
29702
30824
29708
30825
29705
29707
29705
29708
29709
29711
29707
29708
29709
29713
30830
29709
30831
29715
30832
29712
29714
29712
29715
29716
48642
29714
29715
29716
30837
48644
29716
30838
30839
48646
29719
29721
48622
29719
29722
48650
29723
29721
29722
48625
48652
29723
30844
48626
29723
29736
30845
48654
30846
29725
29728
30851
29727
29729
48629
29730
48656
29729
48632
29730
30853
48633
48658
30854
48660
29734
48650
29735
48664
29734
29735
48653
48666
29736
30858
48654
30859
48668
29739
48657
29739
48660
29743
30864
48661
29742
29744
29742
29745
29746
48670
29744
29745
29746
30867
48672
29746
30868
30869
48674
29749
29751
29749
29752
48678
29753
29751
29752
48680
29753
29755
30874
29753
30875
48682
30876
29756
48664
29756
48667
30881
48668
29759
48671
29759
48674
29763
30884
48675
29762
29764
29762
29765
29766
29768
29764
29765
29766
29770
30887
29766
30888
29772
30889
29769
29771
29769
29772
29773
29775
29771
29772
29773
29777
30894
29773
30895
29779
30896
29776
29778
29776
29779
29780
29782
29819
29778
29779
29780
29784
30901
29780
29820
30902
29786
29821
30903
29783
29785
29783
29786
29787
29789
29822
29785
29786
29787
29791
30908
29787
29823
30909
29793
29824
30910
29790
29792
29790
29793
29794
29796
29825
29792
29793
29794
29798
30915
29794
29826
30916
29800
29827
30917
29797
29799
29797
29800
29801
29803
29828
29799
29800
29801
29805
30922
29801
29829
30923
29807
29830
30924
29804
29806
29804
29807
29808
29810
29806
29807
29808
29812
30929
29808
30930
29814
30931
29811
29813
29811
29814
29815
29813
29814
29815
29817
30936
29815
30937
30938
29818
48678
29818
48681
30943
48682
29821
29821
29823
30946
29824
29824
29826
30949
29827
29827
29829
30952
29830
29830
30955
29832
29833
29834
29835
29865
29834
29868
30958
29837
29869
30959
29836
29837
29838
29839
29872
29838
29875
30962
29841
29876
30963
29840
29841
29842
29843
29879
29842
29882
30966
29845
29883
30967
29844
29845
29846
29886
29846
29889
30970
29890
30971
29848
29849
29850
29852
48683
29850
30974
48686
29856
30975
48687
29853
29855
29853
29856
29857
29859
29855
29856
29857
29861
30978
29857
30979
29863
30980
29860
29862
29860
29863
29864
29866
29862
29863
29864
29868
30985
29864
30986
29870
30987
29867
29869
29867
29870
29871
29873
29869
29870
29871
29875
30992
29871
30993
29877
30994
29874
29876
29874
29877
29878
29880
29876
29877
29878
29882
30999
29878
31000
29884
31001
29881
29883
29881
29884
29885
29887
29883
29884
29885
29889
31006
29885
31007
29891
31008
29888
29890
29888
29891
29892
29894
29890
29891
29892
29896
31013
29892
31014
29898
31015
29895
29897
29895
29898
29899
29901
29897
29898
29899
29903
31020
29899
31021
29905
31022
29902
29904
29902
29905
29906
29907
29904
29905
29906
31027
29906
31028
29909
31029
29908
29909
29910
48690
29910
31034
48693
31035
48694
29912
29913
29914
29916
48697
29914
31038
48700
29920
31039
48701
29917
29919
29917
29920
29921
48684
29919
29920
29921
31042
48686
29921
31043
31044
48688
29924
29926
29924
29927
48692
29928
29929
29926
29927
48694
29928
31119
29928
31120
48696
29931
31121
29930
29931
29932
48704
29932
31126
48707
31127
48708
29934
29936
29948
29939
29952
31130
29937
29938
29937
29939
29940
48698
48711
29940
31132
48700
29940
31133
48714
31134
48702
48715
29942
29944
48706
29945
29946
48732
29944
48708
29945
31236
48710
48735
29947
31237
48736
29947
29986
31241
29950
29952
29950
29953
29954
48712
48739
29952
29953
29954
31243
48714
29954
31244
48742
31245
48716
48743
29957
29959
29957
29960
48720
29961
29963
30008
29959
29960
48722
29961
29965
31292
29961
30011
31293
48724
29967
30012
31294
29964
29966
29964
29967
29968
29970
29966
29967
29968
29972
31299
29968
30017
31300
29974
31301
29971
29973
29971
29974
29975
29977
30020
29973
29974
29975
29979
31306
29975
31307
29981
30023
31308
29978
29980
29978
29981
29982
30026
48726
29980
29981
29982
31313
48728
29982
30029
31314
30030
31315
48730
29985
29987
29985
29988
48734
29989
48760
29987
29988
48736
29989
31362
29989
31363
48738
48763
31364
48764
29992
29993
29992
29994
29995
48740
48767
29995
31369
48742
29995
31370
48770
31371
48744
48771
29998
30000
29998
30001
48748
30002
30000
30001
48750
30002
30005
31410
30002
31411
48752
31412
30006
48720
30007
30009
30067
30006
48723
30011
31417
48724
30013
30071
31418
30012
30010
30013
30014
30015
30074
30012
30017
31422
30014
30077
31423
30018
30078
31424
30016
30018
30019
30021
48781
30019
31429
48784
30024
31430
48785
30023
30022
30024
30025
30027
48788
30029
31434
30025
31435
48791
30031
31436
48792
30030
30028
30031
30032
30034
30081
30030
30035
31440
30032
30084
31441
30037
30085
31442
30036
48727
30037
30036
48730
30041
31447
48731
30091
31448
30040
30042
30040
30043
30044
48754
30042
30043
30044
31452
48756
30044
31453
31454
48758
30046
30048
48762
30049
48802
30048
48764
30049
31494
48766
48805
31495
48806
30051
30052
30053
30110
48768
30053
31499
48770
30114
31500
48772
30058
48748
30059
48776
30060
30062
30124
30058
30059
48751
48778
31538
48752
31539
48780
30065
30128
31540
30063
30064
30063
30065
30066
30068
48816
30066
30070
31545
30066
31546
48819
30072
31547
48820
30069
30071
30069
30072
30073
30075
30071
30072
30073
30077
31551
30073
31552
30079
31553
30076
30078
30076
30079
30080
48782
30078
30079
30080
31558
48784
30080
31559
31560
48786
30083
30085
30083
30086
48790
30087
30089
30085
30086
48792
30087
30091
31565
30087
31566
48794
30093
31567
30090
30092
30090
30093
30094
30095
30092
30093
30094
30097
31572
30094
31573
30098
31574
30096
30098
30099
30101
48823
30098
30099
31579
48826
30105
31580
48827
30102
30104
48755
30105
30106
48796
30104
48758
30106
31584
48759
48798
30134
31585
31586
48800
30109
48804
30109
48806
30148
31626
48808
30112
30114
30112
30115
30116
48837
30114
30115
30116
31629
30116
31630
48840
31631
48841
30121
48776
30122
48811
30123
30125
30163
30121
30122
48779
48813
31664
48780
31665
48815
30129
30167
31666
30126
30128
30126
30129
30130
48817
30128
30129
30130
31671
48819
30130
31672
31673
48821
30133
30135
30133
30136
48825
30137
30139
30135
30136
48827
30137
31678
30137
31679
48829
30143
31680
30140
30142
48797
30143
30144
48831
30142
48800
30144
31685
48801
48833
30173
31686
31687
48835
30147
30149
30147
30150
30151
48872
30149
30150
30151
31720
30151
31721
48875
31722
48876
30153
30154
30155
30187
48838
30155
31727
48840
30191
31728
48842
30160
48811
30161
48846
30162
30164
30201
30160
30161
48814
48848
31759
48815
31760
48850
30168
30204
31761
30165
30167
30165
30168
30169
48879
30167
30168
30169
31766
30169
31767
48882
31768
48883
30172
30174
30172
30175
30176
30178
48886
30174
30175
30176
31801
30176
31802
48889
30182
31803
48890
30179
30181
48832
30182
30183
48866
30181
48835
30183
31808
48836
48868
30223
31809
31810
48870
30186
48874
30186
48876
30236
31843
48878
30189
30191
30189
30192
30193
30240
30191
30192
30193
31846
30193
30243
31847
30244
31848
30196
30198
48846
30196
30199
30200
30198
30199
48849
30200
31874
48850
30200
30249
31875
31876
30203
30204
30203
30205
30206
30252
48880
30206
31881
48882
30206
30255
31882
30256
31883
48884
30209
30211
48853
30209
30212
41141
30213
41147
48900
30211
41143
48856
31894
48857
30213
31895
48903
31896
41149
48904
30216
30218
48860
30216
30219
41153
30220
41157
48921
30218
48863
31909
41159
48864
30220
31910
41155
48924
31911
48925
30222
30224
48888
30225
30259
30224
48890
30225
30262
31923
48892
30263
31924
30228
30230
48867
30228
30231
30232
30266
30230
30231
48870
30232
31928
48871
30232
31929
30269
31930
30235
30237
30235
30238
30239
30272
30237
30238
30239
31956
30239
30275
31957
30276
31958
30242
30244
30242
30245
30246
30283
30244
30245
30246
31963
30246
30286
31964
30287
31965
30250
48895
30251
30253
30297
30250
48897
30300
31991
48899
30257
30301
31992
30254
30256
30254
30257
30258
30304
30256
30257
30258
31996
30258
30307
31997
30308
31998
30261
30263
30261
30264
30265
30267
30325
30263
30264
30265
32045
30265
30328
32046
30270
30329
32047
30268
30269
30270
30271
30332
48929
30271
32052
48931
30335
32053
30336
32054
48933
30274
30276
30274
30277
30278
30346
30276
30277
30278
32079
30278
30349
32080
30350
32081
30280
30281
30282
30284
30356
30282
30286
32086
30288
30358
32087
30285
30287
30285
30288
30289
30360
30287
30288
30289
32090
30289
30363
32091
30364
32092
30292
30294
48895
30292
30295
30296
30298
30367
30294
30295
48898
30296
30300
32111
48899
30296
30370
32112
30302
30371
32113
30299
30301
30302
30303
30305
30374
30302
30303
30307
32118
30376
32119
30309
30377
32120
30306
30308
30306
30309
30310
48963
30308
30309
30310
32125
30310
32126
48966
32127
48967
30313
30315
41165
30313
30316
48937
30317
41191
48943
30316
41168
48939
30317
32139
48945
32140
48941
32141
41194
48947
30320
30322
41186
30320
30323
48951
30324
41196
48957
30323
48953
30324
32160
41190
48959
32161
41199
48955
32162
48961
30327
30329
30327
30330
30331
30333
48984
30329
30330
30331
30335
32174
30331
32175
48987
30337
32176
48988
30334
30336
30337
30338
30340
30379
30337
30338
30342
32181
30381
32182
30344
30382
32183
30341
30343
48930
30341
30344
30345
30384
30343
30344
48933
30345
32188
48934
30345
30387
32189
30388
32190
30348
30350
30348
30351
30352
30353
30391
30350
30351
30352
30354
32209
30352
30394
32210
30355
30395
32211
30355
30355
30399
32216
30357
30358
30359
30361
30401
30359
30363
32219
30365
30403
32220
30362
30364
30362
30365
30366
30405
30364
30365
30366
32223
30366
30408
32224
30409
32225
30369
30371
30369
30372
30373
30412
30371
30372
30373
30376
32244
30373
30415
32245
30416
32246
30375
30377
30378
30419
48964
30378
32251
48966
30422
32252
48968
30382
30383
48986
30383
48988
30387
32277
30427
32278
48990
30386
30388
30386
30389
30390
30430
30388
30389
30390
32282
30390
30433
32283
30434
32284
30393
30395
30393
30396
30397
30398
30437
30395
30396
30397
30399
32303
30397
30440
32304
30400
30441
32305
30400
30400
30445
32310
30402
30403
30404
30406
30447
30404
30408
32313
30410
30449
32314
30407
30409
30407
30410
30411
30451
30409
30410
30411
32317
30411
30454
32318
30455
32319
30414
30416
30414
30417
30418
30420
30458
30416
30417
30418
32338
30418
30461
32339
30423
30462
32340
30421
30422
30423
30424
30465
48992
30424
32345
48994
30468
32346
30469
32347
48996
30428
49014
30429
30431
30500
30428
49016
30503
32372
49018
30435
30504
32373
30432
30434
30432
30435
30436
30507
30434
30435
30436
32377
30436
30510
32378
30511
32379
30439
30441
30439
30442
30443
30444
30514
30441
30442
30443
30445
32398
30443
30517
32399
30446
30518
32400
30446
30446
30522
32405
30448
30449
30450
30452
30450
30454
32408
30456
32409
30453
30455
30453
30456
30457
30524
30455
30456
30457
32412
30457
30527
32413
30528
32414
30460
30462
30460
30463
30464
30466
49047
30462
30463
30464
30468
32433
30464
32434
49050
30470
32435
49051
30467
30469
30470
30471
30473
30531
30470
30471
30475
32440
30533
32441
30477
30534
32442
30474
30476
48993
30474
30477
30478
30536
30476
30477
48996
30478
32447
48997
30478
30539
32448
30540
32449
30481
30483
41203
30481
30484
49021
30485
41211
49027
30484
49023
30485
32461
41205
49029
32462
41214
49025
32463
49031
30488
30490
41208
30488
30491
49035
30492
41232
49041
30491
41210
49037
30492
32482
49043
32483
49039
32484
41236
49045
30495
30497
49014
30495
30498
30499
30501
30543
30497
30498
49017
30499
30503
32496
49018
30499
30546
32497
30505
30547
32498
30502
30504
30505
30506
30508
30550
30505
30506
30510
32503
30552
32504
30512
30553
32505
30509
30511
30509
30512
30513
49082
30511
30512
30513
32510
30513
32511
49085
32512
49086
30516
30518
30516
30519
30520
30521
30555
30518
30519
30520
30522
32531
30520
30558
32532
30523
30559
32533
30523
30523
32538
30526
30528
30526
30529
30530
30562
30528
30529
30530
32541
30530
30565
32542
30566
32543
30534
30535
49049
30535
49051
30539
32569
30572
32570
49053
30538
30540
30538
30541
30542
30576
30540
30541
30542
32574
30542
30578
32575
30579
32576
30545
30547
30545
30548
30549
30595
30547
30548
30549
30552
32623
30549
30597
32624
30598
32625
30551
30553
30554
30600
49083
30554
32630
49085
30604
32631
49087
30557
30559
30557
30560
30561
30607
30559
30560
30561
32656
30561
30610
32657
30611
32658
30564
30566
30564
30567
30568
30614
30566
30567
30568
32663
30568
32664
30616
32665
30571
30573
30571
30574
30575
49110
30573
30574
30575
32691
30575
32692
49113
32693
49114
30577
30579
30580
30618
49090
30579
30580
32698
49092
30622
32699
49094
30583
30585
49056
30583
30586
41241
30587
41247
49117
30585
49059
32710
41249
49060
30587
32711
41245
49120
32712
49121
30590
30592
49077
30590
30593
41253
30594
41257
49124
30592
41255
49080
32723
49081
30594
32724
49127
32725
41261
49128
30598
30599
49098
30598
30599
49100
32737
30642
32738
49102
30602
30604
30602
30605
30606
49131
30604
30605
30606
32742
30606
32743
49134
32744
49135
30609
30611
30609
30612
30613
30611
30612
30613
32770
30613
30647
32771
32772
30615
30616
30617
49104
30617
32777
49106
32778
49108
30622
30620
30623
49112
30624
49145
30623
49114
30628
32809
30624
32810
49116
49148
32811
49149
30627
30629
49091
30627
30630
30631
30656
30629
30630
49094
30631
32816
49095
30631
32817
30660
32818
30634
30636
49098
30634
30637
30638
30636
30637
49101
30638
30642
32851
49102
30638
30680
32852
32853
30641
30643
30641
30644
30645
49132
49166
30645
32858
49134
30645
32859
49169
32860
49136
49170
30648
49140
30648
49142
32893
49144
30651
30653
49105
30651
30654
30655
30691
30653
30654
49108
30655
32896
49109
30655
32897
30693
32898
30660
30658
30661
49147
30662
49180
30661
49149
30666
32931
30662
32932
49151
49183
32933
49184
30665
30667
30665
30668
30669
30695
49153
30667
30668
30669
32938
49155
30669
32939
30699
32940
49157
30672
30674
30672
30675
49161
30676
30674
30675
49163
30676
30680
32945
30676
30743
32946
49165
32947
30679
30681
30679
30682
30683
49167
49201
30683
32952
49169
30683
32953
49204
32954
49171
49205
30686
30688
49140
30686
30689
30690
30688
30689
49143
30690
32987
49144
30690
30748
32988
32989
30692
30693
30694
49174
30694
32994
49176
32995
49178
30699
30697
30700
49182
30701
49222
30700
49184
30704
33033
30701
33034
49186
49225
33035
49226
30703
30705
49154
30706
30708
30705
49157
30706
30710
33040
49158
30712
33041
30709
30711
30709
30712
30713
30715
30762
30711
30712
30713
30717
33045
30713
33046
30719
30765
33047
30716
30718
30716
30719
30720
30768
49188
30718
30719
30720
33052
49190
30720
30771
33053
30772
33054
49192
30723
30725
30723
30726
49196
30727
30729
30785
30725
30726
49198
30727
30731
33059
30727
30788
33060
49200
30733
30789
33061
30730
30732
30730
30733
30734
30736
30732
30733
30734
30737
33066
30734
30794
33067
30739
33068
30738
49161
30739
30738
30739
49164
30743
33073
49165
33074
30742
30744
30742
30745
30746
49202
49229
30746
33078
49204
30746
33079
49232
33080
49206
49233
30749
49210
30749
49212
33120
49214
30751
30753
49175
30754
49216
30753
49178
30754
33123
49179
49218
33124
49220
30757
30759
30757
30760
49224
30761
30763
30759
30760
49226
30761
33163
30761
33164
49228
30766
33165
30765
30764
30766
30767
30769
49250
30771
33170
30767
33171
49253
30773
33172
49254
30772
30770
30773
30774
30776
30816
30772
30777
33176
30774
30819
33177
30779
30820
33178
30778
49189
30779
30778
49192
30782
33183
49193
30826
33184
30783
49196
30784
30786
30830
30783
49199
30788
33188
49200
30790
30834
33189
30789
30787
30790
30791
30792
30837
30789
30794
33193
30791
30840
33194
30795
30841
33195
30793
30795
30796
30798
49257
30796
33200
49260
30802
33201
49261
30799
30801
30799
30802
30803
49230
30801
30802
30803
33205
49232
30803
33206
33207
49234
30807
49210
30808
49238
30807
30808
49213
49240
33247
49214
33248
49242
30811
30813
49217
30811
30814
30815
30851
49244
30813
30814
49220
30815
33252
49221
49246
30815
33253
30852
33254
49248
30818
30820
30818
30821
49252
30822
30824
30820
30821
49254
30822
30826
33301
30822
33302
49256
30828
33303
30825
30827
30825
30828
30829
30831
30827
30828
30829
30833
33308
30829
33309
30835
33310
30832
30834
30832
30835
30836
30838
30834
30835
30836
30840
33315
30836
33316
30842
33317
30839
30841
30839
30842
30843
49258
30841
30842
30843
33322
49260
30843
33323
33324
49262
30846
30848
49238
30846
30849
49266
30850
30848
30849
49241
49268
30850
33371
49242
30850
30863
33372
49270
33373
30852
30855
33378
30854
30856
49245
30857
49272
30856
49248
30857
33380
49249
49274
33381
49276
30861
49266
30862
49280
30861
30862
49269
49282
30863
33483
49270
33484
49284
30866
49273
30866
49276
30870
33489
49277
30869
30871
30869
30872
30873
49286
30871
30872
30873
33492
49288
30873
33493
33494
49290
30876
30878
30876
30879
49294
30880
30878
30879
49296
30880
30882
33569
30880
33570
49298
33571
30883
49280
30883
49283
33576
49284
30886
49287
30886
49290
30890
33579
49291
30889
30891
30889
30892
30893
30895
30891
30892
30893
30897
33582
30893
33583
30899
33584
30896
30898
30896
30899
30900
30902
30898
30899
30900
30904
33589
30900
33590
30906
33591
30903
30905
30903
30906
30907
30909
30946
30905
30906
30907
30911
33596
30907
30947
33597
30913
30948
33598
30910
30912
30910
30913
30914
30916
30949
30912
30913
30914
30918
33603
30914
30950
33604
30920
30951
33605
30917
30919
30917
30920
30921
30923
30952
30919
30920
30921
30925
33610
30921
30953
33611
30927
30954
33612
30924
30926
30924
30927
30928
30930
30955
30926
30927
30928
30932
33617
30928
30956
33618
30934
30957
33619
30931
30933
30931
30934
30935
30937
30933
30934
30935
30939
33624
30935
33625
30941
33626
30938
30940
30938
30941
30942
30940
30941
30942
30944
33631
30942
33632
33633
30945
49294
30945
49297
33638
49298
30948
30948
30950
33641
30951
30951
30953
33644
30954
30954
30956
33647
30957
30957
33650
30959
30960
30961
30962
30992
30961
30995
30964
30996
30963
30964
30965
30966
30999
30965
31002
30968
31003
30967
30968
30969
30970
31006
30969
31009
30972
31010
30971
30972
30973
31013
30973
31016
31017
30975
30976
30977
30979
31049
30977
31052
30983
31053
30980
30982
30980
30983
30984
30986
31056
30982
30983
30984
30988
30984
31059
30990
31060
30987
30989
30987
30990
30991
30993
31063
30989
30990
30991
30995
30991
31066
30997
31067
30994
30996
30994
30997
30998
31000
31070
30996
30997
30998
31002
30998
31073
31004
31074
31001
31003
31001
31004
31005
31007
31077
31003
31004
31005
31009
31005
31080
31011
31081
31008
31010
31008
31011
31012
31014
31084
31010
31011
31012
31016
31012
31087
31018
31088
31015
31017
31015
31018
31019
31021
31091
31017
31018
31019
31023
31019
31094
31025
31095
31022
31024
31022
31025
31026
31028
31098
31024
31025
31026
31030
31026
31101
31032
31102
31029
31031
31029
31032
31033
31034
31105
31031
31032
31033
31033
31108
31036
31109
31035
31036
31037
31112
31037
31115
31116
31039
31040
31041
31043
31138
31041
31141
31047
31142
31044
31046
31044
31047
31048
31050
31145
31046
31047
31048
31052
31048
31148
31054
31149
31051
31053
48687
31051
31054
48688
31055
31057
31152
48689
31053
31054
31055
31059
31055
31155
31061
31156
31058
31060
31058
31061
31062
31064
31159
31060
31061
31062
31066
31062
31162
31068
31163
31065
31067
31065
31068
31069
31071
31166
31067
31068
31069
31073
31069
31169
31075
31170
31072
31074
31072
31075
31076
31078
31173
31074
31075
31076
31080
31076
31176
31082
31177
31079
31081
31079
31082
31083
31085
31180
31081
31082
31083
31087
31083
31183
31089
31184
31086
31088
31086
31089
31090
31092
31187
31088
31089
31090
31094
31090
31190
31096
31191
31093
31095
31093
31096
31097
31099
31194
31095
31096
31097
31101
31097
31197
31103
31198
31100
31102
31100
31103
31104
31106
31201
31102
31103
31104
31108
31104
31204
31110
31205
31107
31109
31107
31110
31111
31113
31208
31109
31110
31111
31115
31111
31211
31117
31212
31114
31116
48694
31114
31117
48695
31118
31120
31215
48696
31116
31117
31118
31122
31118
31218
31124
31219
31121
31123
31121
31124
31125
31126
31222
31123
31124
31125
31125
31225
31128
31226
31127
31128
31129
31229
31129
31232
31233
31131
31133
31243
31136
31247
31134
31135
31134
31136
31137
31139
31250
31137
31141
31137
31253
31143
31254
31140
31142
48701
31140
31143
48702
31144
31146
31257
48703
31142
31143
31144
31148
31144
31260
31150
31261
31147
31149
31147
31150
31151
31153
31264
31149
31150
31151
31155
31151
31267
31157
31268
31154
31156
31154
31157
31158
31160
31271
31156
31157
31158
31162
31158
31274
31164
31275
31161
31163
31161
31164
31165
31167
31278
31163
31164
31165
31169
31165
31281
31171
31282
31168
31170
31168
31171
31172
31174
31285
31170
31171
31172
31176
31172
31288
31178
31289
31175
31177
31175
31178
31179
31181
31292
31177
31178
31179
31183
31179
31295
31185
31296
31182
31184
31182
31185
31186
31188
31299
31184
31185
31186
31190
31186
31302
31192
31303
31189
31191
31189
31192
31193
31195
31306
31191
31192
31193
31197
31193
31309
31199
31310
31196
31198
31196
31199
31200
31202
31313
31198
31199
31200
31204
31200
31316
31206
31317
31203
31205
31203
31206
31207
31209
31320
31205
31206
31207
31211
31207
31323
31213
31324
31210
31212
31210
31213
31214
31216
31327
31212
31213
31214
31218
31214
31330
31220
31331
31217
31219
31217
31220
31221
31223
31334
31219
31220
31221
31225
31221
31337
31227
31338
31224
31226
31224
31227
31228
31230
31341
31226
31227
31228
31232
31228
31344
31234
31345
31231
31233
48708
31231
31234
48709
31235
31236
31348
48710
31233
31234
31235
31238
31235
31351
31239
31352
31237
31239
31240
31241
31355
31239
31240
31358
31242
31359
31242
31365
31245
31247
31245
31248
31249
31251
31375
31247
31248
31249
31253
31249
31378
31255
31379
31252
31254
48715
31252
31255
48716
31256
31258
31382
48717
31254
31255
31256
31260
31256
31385
31262
31386
31259
31261
31259
31262
31263
31265
31389
31261
31262
31263
31267
31263
31392
31269
31393
31266
31268
31266
31269
31270
31272
31396
31268
31269
31270
31274
31270
31399
31276
31400
31273
31275
31273
31276
31277
31279
31403
31275
31276
31277
31281
31277
31406
31283
31407
31280
31282
31280
31283
31284
31286
31410
31282
31283
31284
31288
31284
31413
31290
31414
31287
31289
48722
31287
31290
48723
31291
31293
31417
48724
31289
31290
31291
31295
31291
31419
31297
31420
31294
31296
31294
31297
31298
31300
31422
31296
31297
31298
31302
31298
31425
31304
31426
31301
31303
31301
31304
31305
31307
31303
31304
31305
31309
31305
31431
31311
31308
31310
31308
31311
31312
31314
31434
31310
31311
31312
31316
31312
31318
31437
31315
31317
31315
31318
31319
31321
31440
31317
31318
31319
31323
31319
31443
31325
31444
31322
31324
48729
31322
31325
48730
31326
31328
31447
48731
31324
31325
31326
31330
31326
31449
31332
31450
31329
31331
31329
31332
31333
31335
31452
31331
31332
31333
31337
31333
31455
31339
31456
31336
31338
31336
31339
31340
31342
31459
31338
31339
31340
31344
31340
31462
31346
31463
31343
31345
31343
31346
31347
31349
31466
31345
31346
31347
31351
31347
31469
31353
31470
31350
31352
31350
31353
31354
31356
31473
31352
31353
31354
31358
31354
31476
31360
31477
31357
31359
48736
31357
31360
48737
31361
31363
31480
48738
31359
31360
31361
31365
31361
31483
31367
31484
31364
31366
31364
31367
31368
31487
31366
31367
31368
31368
31490
31491
31371
31372
31371
31373
31374
31376
31503
31374
31378
31374
31506
31380
31507
31377
31379
48743
31377
31380
48744
31381
31383
31510
48745
31379
31380
31381
31385
31381
31513
31387
31514
31384
31386
31384
31387
31388
31390
31517
31386
31387
31388
31392
31388
31520
31394
31521
31391
31393
31391
31394
31395
31397
31524
31393
31394
31395
31399
31395
31527
31401
31528
31398
31400
31398
31401
31402
31404
31531
31400
31401
31402
31406
31402
31534
31408
31535
31405
31407
48750
31405
31408
48751
31409
31411
31538
48752
31407
31408
31409
31413
31409
31541
31415
31542
31412
31414
31412
31415
31416
31414
31415
31416
31419
31416
31420
31421
31423
31551
31420
31425
31427
31555
33653
31426
31424
31427
31428
31429
31558
31426
31431
31428
31561
33655
31432
31562
33656
31430
31432
31433
31435
49299
31433
33659
49302
31438
33660
49303
31437
31436
31438
31439
31441
49306
31443
31439
33663
49309
31445
33664
49310
31444
31442
31445
31446
31448
31565
31444
31449
31446
31568
33667
31451
31569
33668
31450
31451
31450
31455
31575
33671
31454
31456
31454
31457
31458
31460
31456
31457
31458
31462
31458
31464
31461
31463
48757
31461
31464
48758
31465
31467
31584
48759
31463
31464
31465
31469
31465
31587
31471
31588
31468
31470
31468
31471
31472
31474
31591
31470
31471
31472
31476
31472
31594
31478
31595
31475
31477
31475
31478
31479
31481
31598
31477
31478
31479
31483
31479
31601
31485
31602
31482
31484
31482
31485
31486
31488
31605
31484
31485
31486
31490
31486
31608
31492
31609
31489
31491
48764
31489
31492
48765
31493
31494
31612
48766
31491
31492
31493
31496
31493
31615
31497
31616
31495
31497
31498
31619
31497
31498
31622
31623
31500
31501
31502
31504
31629
31502
31506
31508
31633
31505
31507
48771
31505
31508
48772
31509
31511
31636
48773
31507
31508
31509
31513
31509
31639
31515
31640
31512
31514
31512
31515
31516
31518
31643
31514
31515
31516
31520
31516
31646
31522
31647
31519
31521
31519
31522
31523
31525
31650
31521
31522
31523
31527
31523
31653
31529
31654
31526
31528
31526
31529
31530
31532
31657
31528
31529
31530
31534
31530
31660
31536
31661
31533
31535
48778
31533
31536
48779
31537
31539
31664
48780
31535
31536
31537
31541
31537
31667
31543
31668
31542
31543
31544
31546
31671
31542
31543
31549
31675
33673
31547
31548
31547
31549
31550
31552
49313
31550
31554
33675
31550
33676
49316
31556
33677
49317
31553
31555
31553
31556
31557
31559
31555
31556
31557
31561
33681
31557
33682
31563
33683
31560
31562
31560
31563
31564
49300
31562
31563
31564
33688
49302
31564
33689
33690
49304
31567
31569
31567
31570
49308
31571
31573
31569
31570
49310
31571
31575
33695
31571
33696
49312
31577
33697
31574
31576
31574
31577
31578
31579
31576
31577
31578
31581
33702
31578
33703
31582
33704
31580
31582
31583
31585
49320
31582
31583
33709
49323
31589
33710
49324
31586
31588
31589
31590
31592
31588
31590
31594
31681
33714
31596
31593
31595
48799
31593
31596
48800
31597
31599
31685
48801
31595
31596
31597
31601
31597
31688
31603
31689
31600
31602
31600
31603
31604
31606
31692
31602
31603
31604
31608
31604
31695
31610
31696
31607
31609
31607
31610
31611
31613
31699
31609
31610
31611
31615
31611
31702
31617
31703
31614
31616
31614
31617
31618
31620
31706
31616
31617
31618
31622
31618
31709
31624
31710
31621
31623
48806
31621
31624
48807
31625
31626
31713
48808
31623
31624
31625
31627
31625
31716
31628
31717
31628
31628
31723
31631
31633
31631
31634
31635
31637
31731
31633
31634
31635
31639
31635
31734
31641
31735
31638
31640
31638
31641
31642
31644
31738
31640
31641
31642
31646
31642
31741
31648
31742
31645
31647
31645
31648
31649
31651
31745
31647
31648
31649
31653
31649
31748
31655
31749
31652
31654
31652
31655
31656
31658
31752
31654
31655
31656
31660
31656
31755
31662
31756
31659
31661
48813
31659
31662
48814
31663
31665
31759
48815
31661
31662
31663
31667
31663
31762
31669
31763
31668
31669
31670
31672
31766
31668
31669
31676
31770
33716
31673
31675
31673
31676
31677
49314
31675
31676
31677
33718
49316
31677
33719
33720
49318
31680
31682
31680
31683
49322
31684
31686
31682
31683
49324
31684
33725
31684
33726
49326
31690
33727
31687
31689
31690
31691
31693
31689
31691
31695
31804
33732
31697
31694
31696
48834
31694
31697
48835
31698
31700
31808
48836
31696
31697
31698
31702
31698
31811
31704
31812
31701
31703
31701
31704
31705
31707
31815
31703
31704
31705
31709
31705
31818
31711
31819
31708
31710
31708
31711
31712
31714
31822
31710
31711
31712
31716
31712
31825
31718
31826
31715
31717
31715
31718
31719
31721
31829
31717
31718
31719
31723
31719
31832
31725
31833
31722
31724
31722
31725
31726
31836
31724
31725
31726
31726
31839
31840
31728
31729
31730
31732
31846
31730
31734
31736
31850
31733
31735
48841
31733
31736
48842
31737
31739
31853
48843
31735
31736
31737
31741
31737
31856
31743
31857
31740
31742
31740
31743
31744
31746
31860
31742
31743
31744
31748
31744
31863
31750
31864
31747
31749
31747
31750
31751
31753
31867
31749
31750
31751
31755
31751
31870
31757
31871
31754
31756
48848
31754
31757
48849
31758
31760
31874
48850
31756
31757
31758
31762
31758
31877
31764
31878
31763
31764
31765
31767
31881
31763
31764
31771
31884
33734
31768
31770
31768
31771
31772
49327
31770
31771
31772
33736
31772
33737
49330
33738
49331
31775
31777
48855
31775
31778
48856
31779
31781
31894
48857
31777
31778
31779
31783
33743
31779
31897
33744
31785
31898
33745
31782
31784
41379
31782
31785
41380
31786
31788
41381
31784
31785
31786
31790
33750
31786
33751
31792
33752
31789
31791
41386
31789
31792
41387
31793
31795
41388
31791
31792
31793
31797
33757
31793
33758
31799
33759
31796
31798
48862
31796
31799
48863
31800
31909
48864
31798
31799
31800
33764
31800
31912
33765
31913
33766
31803
31805
31803
31806
31807
31809
49334
31805
31806
31807
33771
31807
33772
49337
31813
33773
49338
31810
31812
31813
31814
31816
31812
31814
31818
31925
33778
31820
31817
31819
48869
31817
31820
48870
31821
31823
31928
48871
31819
31820
31821
31825
31821
31931
31827
31932
31824
31826
31824
31827
31828
31830
31935
31826
31827
31828
31832
31828
31938
31834
31939
31831
31833
31831
31834
31835
31837
31942
31833
31834
31835
31839
31835
31945
31841
31946
31838
31840
48876
31838
31841
48877
31842
31843
31949
48878
31840
31841
31842
31844
31842
31952
31845
31953
31845
31845
31959
31848
31850
31848
31851
31852
31854
31963
31850
31851
31852
31856
31852
31966
31858
31967
31855
31857
31855
31858
31859
31861
31970
31857
31858
31859
31863
31859
31973
31865
31974
31862
31864
31862
31865
31866
31868
31977
31864
31865
31866
31870
31866
31980
31872
31981
31869
31871
31869
31872
31873
31875
31984
31871
31872
31873
31877
31873
31987
31879
31988
31876
31878
31876
31879
31880
31878
31879
31880
31880
31993
31883
31884
31883
31885
31886
31996
49328
31886
33780
49330
31886
31999
33781
32000
33782
49332
31889
31891
41143
31889
31892
41144
31893
41145
31891
31892
31893
31897
33786
31893
32013
33787
33788
31898
31896
31899
31900
31901
32017
31898
33793
31900
32020
33794
31903
32021
33795
31902
31903
41149
31904
31905
41150
49341
31904
33800
49344
31907
33801
49345
31906
31907
41154
31908
31910
41155
49348
31908
33804
49351
31914
33805
49352
31913
31911
31914
31915
32024
31913
31919
33808
31915
32027
33809
32028
33810
31918
31920
41160
31918
31921
41161
31922
32031
41162
31920
31921
31922
33815
31922
33816
32035
33817
31924
31926
49336
31927
32045
31926
49338
31927
32048
33822
49340
32049
33823
31930
31932
31930
31933
31934
31936
32052
31932
31933
31934
31938
31934
31940
32055
31937
31939
31937
31940
31941
31943
32058
31939
31940
31941
31945
31941
32061
31947
32062
31944
31946
31944
31947
31948
31950
32065
31946
31947
31948
31952
31948
32068
31954
32069
31951
31953
31951
31954
31955
31957
32072
31953
31954
31955
31959
31955
32075
31961
32076
31958
31960
31958
31961
31962
32079
31960
31961
31962
31962
32082
32083
31965
31967
31965
31968
31969
31971
32090
31967
31968
31969
31973
31969
32093
31975
32094
31972
31974
31972
31975
31976
31978
32097
31974
31975
31976
31980
31976
32100
31982
32101
31979
31981
31979
31982
31983
31985
32104
31981
31982
31983
31987
31983
32107
31989
32108
31986
31988
48897
31986
31989
48898
31990
31991
32111
48899
31988
31989
31990
31993
31990
32114
31994
32115
31994
31995
31997
32118
31994
32121
32001
32122
33827
31998
32000
31998
32001
32002
32125
32000
32001
32002
33829
32002
32128
33830
32129
33831
32005
32007
41167
32005
32008
41168
32009
41169
32007
32008
32009
32013
33836
32009
32142
33837
33838
32012
32014
41174
32012
32015
41175
32016
32018
32146
41176
32016
32020
33843
32016
32149
33844
32022
32150
33845
32019
32021
48904
32019
32022
48905
32023
48906
49342
32021
32022
32023
33850
49344
32023
33851
33852
49346
32026
32028
48925
32026
32029
48926
49350
32030
32032
48927
32028
32029
49352
32030
32034
33857
32030
33858
49354
32036
33859
32035
41181
32033
32036
41182
32037
32153
41183
32036
32041
33864
32037
32156
33865
32157
33866
32040
32042
41188
32040
32043
41189
32044
32160
41190
32042
32043
32044
33871
32044
33872
32164
33873
32047
32049
32047
32050
32051
32053
32174
32049
32050
32051
33878
32051
32177
33879
32056
32178
33880
32054
32055
32056
32057
32059
32181
32057
32061
32184
33885
32063
32185
32060
32062
48932
32060
32063
48933
32064
32066
32188
48934
32062
32063
32064
32068
32064
32191
32070
32192
32067
32069
32067
32070
32071
32073
32195
32069
32070
32071
32075
32071
32198
32077
32199
32074
32076
32074
32077
32078
32080
32202
32076
32077
32078
32082
32078
32205
32084
32206
32081
32083
32081
32084
32085
32209
32083
32084
32085
32085
32212
32213
32087
32088
32089
32091
32219
32089
32093
32095
32221
32092
32094
32092
32095
32096
32098
32223
32094
32095
32096
32100
32096
32226
32102
32227
32099
32101
32099
32102
32103
32105
32230
32101
32102
32103
32107
32103
32233
32109
32234
32106
32108
32106
32109
32110
32112
32237
32108
32109
32110
32114
32110
32240
32116
32241
32113
32115
32113
32116
32117
32119
32244
32115
32116
32117
32121
32117
32247
32123
32248
32120
32122
32123
32124
32126
32251
32123
32124
32128
33887
32253
32130
32254
33888
32127
32129
32127
32130
32131
49355
32129
32130
32131
33891
32131
33892
49358
33893
49359
32134
32136
48939
32134
32137
48940
32138
32140
32256
48941
32136
32137
32138
32142
33898
32138
32259
33899
32144
32260
33900
32141
32143
32144
32145
32147
32263
32144
32145
32149
33905
33906
32151
32265
33907
32148
32150
48946
32148
32151
48947
32152
48948
49362
32150
32151
32152
33912
32152
33913
49365
33914
49366
32155
32157
48953
32155
32158
48954
32159
32161
48955
49369
32157
32158
32159
32163
33919
32159
33920
49372
32165
33921
49373
32162
32164
32165
32166
32168
32165
32166
32170
33926
32268
33927
32172
33928
32169
32171
48960
32169
32172
48961
32173
32270
48962
32171
32172
32173
33933
32173
32273
33934
32274
33935
32176
32178
32176
32179
32180
32182
49376
32178
32179
32180
32184
33940
32180
33941
49379
32186
33942
49380
32183
32185
32186
32187
32189
32277
32186
32187
32191
32279
33947
32193
32280
32190
32192
32190
32193
32194
32196
32282
32192
32193
32194
32198
32194
32285
32200
32286
32197
32199
32197
32200
32201
32203
32289
32199
32200
32201
32205
32201
32292
32207
32293
32204
32206
32204
32207
32208
32210
32296
32206
32207
32208
32212
32208
32299
32214
32300
32211
32213
32211
32214
32215
32216
32303
32213
32214
32215
32217
32215
32306
32218
32307
32218
32218
32311
32220
32221
32222
32224
32313
32222
32226
32228
32315
32225
32227
32225
32228
32229
32231
32317
32227
32228
32229
32233
32229
32320
32235
32321
32232
32234
32232
32235
32236
32238
32324
32234
32235
32236
32240
32236
32327
32242
32328
32239
32241
32239
32242
32243
32245
32331
32241
32242
32243
32247
32243
32334
32249
32335
32246
32248
32246
32249
32250
32338
32248
32249
32250
32253
32250
32341
32342
32252
32254
32255
32345
49356
32255
33950
49358
32348
33951
49360
32258
32260
41393
32258
32261
41394
32262
32351
41395
32260
32261
32262
33954
32262
32354
33955
32355
33956
32264
32265
41194
32266
32358
41195
49363
32266
33961
49365
32360
33962
49367
32269
41200
49371
32269
49373
32363
33965
49375
32272
32274
41400
32272
32275
41401
32276
32365
41402
32274
32275
32276
33968
32276
32368
33969
32369
33970
32280
32281
49378
32281
49380
32285
32374
33975
49382
32284
32286
32284
32287
32288
32290
32377
32286
32287
32288
32292
32288
32380
32294
32381
32291
32293
32291
32294
32295
32297
32384
32293
32294
32295
32299
32295
32387
32301
32388
32298
32300
32298
32301
32302
32304
32391
32300
32301
32302
32306
32302
32394
32308
32395
32305
32307
32305
32308
32309
32310
32398
32307
32308
32309
32311
32309
32401
32312
32402
32312
32312
32406
32314
32315
32316
32318
32408
32316
32320
32322
32410
32319
32321
32319
32322
32323
32325
32412
32321
32322
32323
32327
32323
32415
32329
32416
32326
32328
32326
32329
32330
32332
32419
32328
32329
32330
32334
32330
32422
32336
32423
32333
32335
32333
32336
32337
32339
32426
32335
32336
32337
32341
32337
32429
32343
32430
32340
32342
32340
32343
32344
32346
32433
32342
32343
32344
32344
32436
32349
32437
32347
32348
32349
32350
32440
49384
32350
33978
49386
32443
32444
33979
49388
32353
32355
41407
32353
32356
41408
32357
32454
41409
32355
32356
32357
33982
32357
32457
33983
32458
33984
32359
32360
41204
32361
32461
41205
49391
32361
33989
49393
32465
33990
49395
32364
41210
49399
32364
49401
32485
33993
49403
32367
32369
41414
32367
32370
41415
32371
32489
41416
32369
32370
32371
33996
32371
32492
33997
32493
33998
32375
49406
32376
32378
32503
32375
49408
32506
34003
49410
32382
32507
32379
32381
32379
32382
32383
32385
32510
32381
32382
32383
32387
32383
32513
32389
32514
32386
32388
32386
32389
32390
32392
32517
32388
32389
32390
32394
32390
32520
32396
32521
32393
32395
32393
32396
32397
32399
32524
32395
32396
32397
32401
32397
32527
32403
32528
32400
32402
32400
32403
32404
32405
32531
32402
32403
32404
32406
32404
32534
32407
32535
32407
32407
32539
32409
32410
32411
32413
32411
32415
32417
32414
32416
32414
32417
32418
32420
32541
32416
32417
32418
32422
32418
32544
32424
32545
32421
32423
32421
32424
32425
32427
32548
32423
32424
32425
32429
32425
32551
32431
32552
32428
32430
32428
32431
32432
32434
32555
32430
32431
32432
32436
32432
32558
32438
32559
32435
32437
32435
32438
32439
32441
32562
32437
32438
32439
32443
32439
32565
32445
32566
32442
32444
32445
32446
32448
32569
32445
32446
32450
34006
32571
32452
32572
34007
32449
32451
49385
32449
32452
32453
32574
32451
32452
49388
32453
34010
49389
32453
32577
34011
32578
34012
32456
32458
49023
32456
32459
49024
32460
32462
49025
32458
32459
32460
32464
34017
32460
34018
32466
34019
32463
32465
32466
32467
32469
32466
32467
32471
34024
32584
34025
32473
34026
32470
32472
49030
49392
32470
32473
49031
32474
32588
49032
32472
32473
49395
32474
34031
49396
32474
32591
34032
32592
34033
32477
32479
49037
49399
32477
32480
49038
32481
32483
32609
49039
32479
32480
49402
32481
32485
34038
49403
32481
32612
34039
32487
32613
34040
32484
32486
32487
32488
32490
32616
32487
32488
32492
34045
34046
32494
32620
34047
32491
32493
49044
32491
32494
49045
32495
49046
32493
32494
32495
34052
32495
34053
34054
32498
32500
49406
32498
32501
32502
32504
32623
32500
32501
49409
32502
32506
34059
49410
32502
32626
34060
32508
32627
34061
32505
32507
32508
32509
32511
32630
32508
32509
32513
32632
34066
32515
32633
32512
32514
32512
32515
32516
32518
32635
32514
32515
32516
32520
32516
32638
32522
32639
32519
32521
32519
32522
32523
32525
32642
32521
32522
32523
32527
32523
32645
32529
32646
32526
32528
32526
32529
32530
32532
32649
32528
32529
32530
32534
32530
32652
32536
32653
32533
32535
32533
32536
32537
32538
32656
32535
32536
32537
32539
32537
32659
32540
32660
32540
32540
32543
32545
32543
32546
32547
32549
32663
32545
32546
32547
32551
32547
32666
32553
32667
32550
32552
32550
32553
32554
32556
32670
32552
32553
32554
32558
32554
32673
32560
32674
32557
32559
32557
32560
32561
32563
32677
32559
32560
32561
32565
32561
32680
32567
32681
32564
32566
49051
32564
32567
49052
32568
32570
32684
49053
32566
32567
32568
32571
32568
32687
32573
32688
32572
32573
32573
32577
34069
32694
32576
32578
32576
32579
32580
32698
32578
32579
32580
34071
32580
32700
34072
32701
34073
32583
32585
41215
32583
32586
41216
32587
32589
41217
32585
32586
32587
34078
32587
34079
32593
34080
32590
32592
41222
32593
41223
32594
32596
41224
32592
32594
32598
34085
32706
34086
32600
34087
32597
32599
49058
32597
32600
49059
32601
32710
49060
49412
32599
32600
32601
34092
49414
32601
32713
34093
32714
34094
49416
32604
32606
49079
32604
32607
49080
49420
32608
32610
32723
49081
32606
32607
49422
32608
32612
34099
32608
32726
34100
49424
32614
32727
34101
32613
41229
32614
41230
32615
32617
32730
41231
32613
32614
34106
34107
32621
32734
34108
32618
32620
41236
32618
32621
41237
32622
41238
32620
32621
32622
34113
32622
34114
34115
32625
32627
32625
32628
32629
32737
32627
32628
32629
32632
34120
32629
32739
34121
32740
34122
32631
32633
32634
32636
32742
32634
32638
32640
32746
32637
32639
49086
32637
32640
49087
32641
32643
32749
49088
32639
32640
32641
32645
32641
32752
32647
32753
32644
32646
32644
32647
32648
32650
32756
32646
32647
32648
32652
32648
32759
32654
32760
32651
32653
32651
32654
32655
32657
32763
32653
32654
32655
32659
32655
32766
32661
32767
32658
32660
32658
32661
32662
32770
32660
32661
32662
32662
32773
32774
32665
32667
32665
32668
32669
32671
32777
32667
32668
32669
32673
32669
32675
32779
32672
32674
32672
32675
32676
32678
32781
32674
32675
32676
32680
32676
32784
32682
32785
32679
32681
32679
32682
32683
32685
32788
32681
32682
32683
32687
32683
32791
32689
32792
32686
32688
32686
32689
32690
32692
32795
32688
32689
32690
32694
32690
32798
32696
32799
32693
32695
32693
32696
32697
32802
32695
32696
32697
32697
32805
32806
32699
32701
32702
32809
49426
32701
32702
34128
49428
32813
34129
49430
32705
32707
41243
32705
32708
41244
32709
32711
41245
32707
32708
32709
34133
32709
34134
32715
34135
32714
32712
32715
32716
32823
32714
32718
34140
32716
32826
34141
32827
34142
32719
41250
49413
32719
49416
32721
34147
49417
32722
41255
49420
32722
49423
32726
34150
49424
32727
32725
32728
32729
32731
32844
32727
34153
32729
32847
34154
32735
32848
34155
32732
32734
41260
32732
32735
41261
32736
41262
32734
32735
32736
34160
32736
34161
34162
32740
32741
49434
32740
32741
49436
34167
32861
34168
49438
32744
32746
32744
32747
32748
32750
32865
32746
32747
32748
32752
32748
32868
32754
32869
32751
32753
32751
32754
32755
32757
32872
32753
32754
32755
32759
32755
32875
32761
32876
32758
32760
32758
32761
32762
32764
32879
32760
32761
32762
32766
32762
32882
32768
32883
32765
32767
32765
32768
32769
32771
32886
32767
32768
32769
32773
32769
32889
32775
32890
32772
32774
32772
32775
32776
32774
32775
32776
32776
32894
32778
32779
32780
32782
32780
32784
32786
32783
32785
49107
32783
32786
49108
32787
32789
32896
49109
32785
32786
32787
32791
32787
32899
32793
32900
32790
32792
32790
32793
32794
32796
32903
32792
32793
32794
32798
32794
32906
32800
32907
32797
32799
32797
32800
32801
32803
32910
32799
32800
32801
32805
32801
32913
32807
32914
32804
32806
49114
32804
32807
49115
32808
32810
32917
49116
32806
32807
32808
32812
32808
32920
32814
32921
32813
32811
32814
32815
32924
32814
32819
34172
32815
32927
32928
32818
32820
49427
32818
32821
32822
32931
32820
32821
49430
32822
34174
49431
32822
34175
32935
34176
32825
32827
49121
32825
32828
49122
32829
32831
49123
32827
32828
32829
32833
34181
32829
34182
32835
34183
32832
32834
41421
32832
32835
41422
32836
32838
41423
32834
32835
32836
32840
34188
32836
34189
32842
34190
32839
32841
41428
32839
32842
41429
32843
32845
41430
32841
32842
32843
32847
34195
32843
34196
32849
34197
32846
32848
49128
32846
32849
49129
32850
49130
32848
32849
32850
34202
32850
34203
34204
32853
32855
49434
32853
32856
32857
32855
32856
49437
32857
32861
34209
49438
32857
32955
34210
34211
32860
32862
32860
32863
32864
32866
32959
32864
32868
32864
32962
32870
32963
32867
32869
49135
32867
32870
49136
32871
32873
32966
49137
32869
32870
32871
32875
32871
32969
32877
32970
32874
32876
32874
32877
32878
32880
32973
32876
32877
32878
32882
32878
32976
32884
32977
32881
32883
32881
32884
32885
32887
32980
32883
32884
32885
32889
32885
32983
32891
32984
32888
32890
49142
32888
32891
49143
32892
32893
32987
49144
32890
32891
32892
32894
32892
32990
32895
32991
32895
32895
32898
32900
32898
32901
32902
32904
32994
32900
32901
32902
32906
32902
32908
32996
32905
32907
32905
32908
32909
32911
32998
32907
32908
32909
32913
32909
33001
32915
33002
32912
32914
32912
32915
32916
32918
33005
32914
32915
32916
32920
32916
33008
32922
33009
32919
32921
32919
32922
32923
32925
33012
32921
32922
32923
32927
32923
33015
32929
33016
32926
32928
49149
32926
32929
49150
32930
32932
33019
49151
32928
32929
32930
32934
32930
33022
32936
33023
32935
32933
32936
32937
33026
32936
32941
34217
32937
33029
33030
32940
32942
32940
32943
32944
33033
49440
32942
32943
32944
34219
49442
32944
34220
33037
34221
49444
32947
32949
32947
32950
49448
32951
32949
32950
49450
32951
32955
34226
32951
33081
34227
49452
34228
32954
32956
32954
32957
32958
32960
33085
32958
32962
32958
33088
32964
33089
32961
32963
49170
32961
32964
49171
32965
32967
33092
49172
32963
32964
32965
32969
32965
33095
32971
33096
32968
32970
32968
32971
32972
32974
33099
32970
32971
32972
32976
32972
33102
32978
33103
32975
32977
32975
32978
32979
32981
33106
32977
32978
32979
32983
32979
33109
32985
33110
32982
32984
32982
32985
32986
32988
33113
32984
32985
32986
32990
32986
33116
32992
33117
32989
32991
32989
32992
32993
32991
32992
32993
32993
33121
32995
32996
32997
32999
32997
33001
33003
33000
33002
49177
33000
33003
49178
33004
33006
33123
49179
33002
33003
33004
33008
33004
33125
33010
33126
33007
33009
33007
33010
33011
33013
33128
33009
33010
33011
33015
33011
33131
33017
33132
33014
33016
33014
33017
33018
33020
33135
33016
33017
33018
33022
33018
33138
33024
33139
33021
33023
33021
33024
33025
33027
33142
33023
33024
33025
33029
33025
33145
33031
33146
33028
33030
49184
33028
33031
49185
33032
33034
33149
49186
33030
33031
33032
33036
33032
33152
33038
33153
33037
33035
33038
33039
33156
33038
33042
34234
33039
33159
33160
33041
33043
49441
33044
33046
33043
49444
33044
33048
34236
49445
33050
34237
33047
33049
33047
33050
33051
33053
33170
33049
33050
33051
33055
34241
33051
34242
33057
33173
34243
33054
33056
33054
33057
33058
33176
49454
33056
33057
33058
34248
49456
33058
33179
34249
33180
34250
49458
33061
33063
33061
33064
49462
33065
33067
33193
33063
33064
49464
33065
33069
34255
33065
33196
34256
49466
33071
33197
34257
33068
33070
33068
33071
33072
33074
33070
33071
33072
33075
34262
33072
33202
34263
33077
34264
33076
49448
33077
33076
33077
49451
33081
34269
49452
34270
33080
33082
33080
33083
33084
33086
33212
33084
33088
33084
33215
33090
33216
33087
33089
49205
33087
33090
49206
33091
33093
33219
49207
33089
33090
33091
33095
33091
33222
33097
33223
33094
33096
33094
33097
33098
33100
33226
33096
33097
33098
33102
33098
33229
33104
33230
33101
33103
33101
33104
33105
33107
33233
33103
33104
33105
33109
33105
33236
33111
33237
33108
33110
33108
33111
33112
33114
33240
33110
33111
33112
33116
33112
33243
33118
33244
33115
33117
49212
33115
33118
49213
33119
33120
33247
49214
33117
33118
33119
33121
33119
33249
33122
33250
33122
33122
33124
33126
33127
33129
33126
33127
33131
33133
33130
33132
49219
33130
33133
49220
33134
33136
33252
49221
33132
33133
33134
33138
33134
33255
33140
33256
33137
33139
33137
33140
33141
33143
33259
33139
33140
33141
33145
33141
33262
33147
33263
33144
33146
33144
33147
33148
33150
33266
33146
33147
33148
33152
33148
33269
33154
33270
33151
33153
33151
33154
33155
33157
33273
33153
33154
33155
33159
33155
33276
33161
33277
33158
33160
49226
33158
33161
49227
33162
33164
33280
49228
33160
33161
33162
33166
33162
33283
33168
33284
33165
33167
33165
33168
33169
33171
33287
33167
33168
33169
33169
33290
33174
33291
33173
33172
33174
33175
33177
33294
33179
34275
33175
33297
33181
33298
33180
33178
33181
33182
33184
33301
33180
33185
34277
33182
33304
33187
33305
33186
49455
33187
33186
49458
33190
34280
49459
33311
33191
49462
33192
33194
33315
33191
49465
33196
34283
49466
33198
33319
33197
33195
33198
33199
33200
33322
33197
33202
34286
33199
33325
33203
33326
33201
33203
33204
33206
33329
33204
33332
33210
33333
33207
33209
33207
33210
33211
33213
33336
33209
33210
33211
33215
33211
33339
33217
33340
33214
33216
49233
33214
33217
49234
33218
33220
33343
49235
33216
33217
33218
33222
33218
33346
33224
33347
33221
33223
33221
33224
33225
33227
33350
33223
33224
33225
33229
33225
33353
33231
33354
33228
33230
33228
33231
33232
33234
33357
33230
33231
33232
33236
33232
33360
33238
33361
33235
33237
33235
33238
33239
33241
33364
33237
33238
33239
33243
33239
33367
33245
33368
33242
33244
49240
33242
33245
49241
33246
33248
33371
49242
33244
33245
33246
33249
33246
33374
33251
33375
33250
33251
33250
33251
33254
33256
33254
33257
33258
33260
33378
33256
33257
33258
33262
33258
33264
33379
33261
33263
49247
33261
33264
49248
33265
33267
33380
49249
33263
33264
33265
33269
33265
33382
33271
33383
33268
33270
33268
33271
33272
33274
33385
33270
33271
33272
33276
33272
33388
33278
33389
33275
33277
33275
33278
33279
33281
33392
33277
33278
33279
33283
33279
33395
33285
33396
33282
33284
33282
33285
33286
33288
33399
33284
33285
33286
33290
33286
33402
33292
33403
33289
33291
33289
33292
33293
33295
33406
33291
33292
33293
33297
33293
33409
33299
33410
33296
33298
49254
33296
33299
49255
33300
33302
33413
49256
33298
33299
33300
33304
33300
33416
33306
33417
33303
33305
33303
33306
33307
33309
33420
33305
33306
33307
33311
33307
33423
33313
33424
33310
33312
33310
33313
33314
33316
33427
33312
33313
33314
33318
33314
33430
33320
33431
33317
33319
33317
33320
33321
33323
33434
33319
33320
33321
33325
33321
33437
33327
33438
33324
33326
33324
33327
33328
33330
33441
33326
33327
33328
33332
33328
33444
33334
33445
33331
33333
49261
33331
33334
49262
33335
33337
33448
49263
33333
33334
33335
33339
33335
33451
33341
33452
33338
33340
33338
33341
33342
33344
33455
33340
33341
33342
33346
33342
33458
33348
33459
33345
33347
33345
33348
33349
33351
33462
33347
33348
33349
33353
33349
33465
33355
33466
33352
33354
33352
33355
33356
33358
33469
33354
33355
33356
33360
33356
33472
33362
33473
33359
33361
33359
33362
33363
33365
33476
33361
33362
33363
33367
33363
33479
33369
33480
33366
33368
49268
33366
33369
49269
33370
33372
33483
49270
33368
33369
33370
33374
33370
33485
33376
33486
33373
33375
33373
33376
33377
33375
33376
33377
33377
33488
33379
33382
33381
33383
33384
33386
33383
33384
33388
33390
33387
33389
49275
33387
33390
49276
33391
33393
33489
49277
33389
33390
33391
33395
33391
33490
33397
33491
33394
33396
33394
33397
33398
33400
33492
33396
33397
33398
33402
33398
33495
33404
33496
33401
33403
33401
33404
33405
33407
33499
33403
33404
33405
33409
33405
33502
33411
33503
33408
33410
33408
33411
33412
33414
33506
33410
33411
33412
33416
33412
33509
33418
33510
33415
33417
33415
33418
33419
33421
33513
33417
33418
33419
33423
33419
33516
33425
33517
33422
33424
33422
33425
33426
33428
33520
33424
33425
33426
33430
33426
33523
33432
33524
33429
33431
33429
33432
33433
33435
33527
33431
33432
33433
33437
33433
33530
33439
33531
33436
33438
33436
33439
33440
33442
33534
33438
33439
33440
33444
33440
33537
33446
33538
33443
33445
33443
33446
33447
33449
33541
33445
33446
33447
33451
33447
33544
33453
33545
33450
33452
33450
33453
33454
33456
33548
33452
33453
33454
33458
33454
33551
33460
33552
33457
33459
33457
33460
33461
33463
33555
33459
33460
33461
33465
33461
33558
33467
33559
33464
33466
33464
33467
33468
33470
33562
33466
33467
33468
33472
33468
33565
33474
33566
33471
33473
33471
33474
33475
33477
33569
33473
33474
33475
33479
33475
33572
33481
33573
33478
33480
49282
33478
33481
49283
33482
33484
33576
49284
33480
33481
33482
33485
33482
33577
33487
33578
33486
33487
33486
33487
33488
33491
33491
33495
33494
33496
33494
33497
33498
33500
33496
33497
33498
33502
33498
33504
33501
33503
49289
33501
33504
49290
33505
33507
33579
49291
33503
33504
33505
33509
33505
33580
33511
33581
33508
33510
33508
33511
33512
33514
33582
33510
33511
33512
33516
33512
33585
33518
33586
33515
33517
33515
33518
33519
33521
33589
33517
33518
33519
33523
33519
33592
33525
33593
33522
33524
33522
33525
33526
33528
33596
33524
33525
33526
33530
33526
33599
33532
33600
33529
33531
33529
33532
33533
33535
33603
33531
33532
33533
33537
33533
33606
33539
33607
33536
33538
33536
33539
33540
33542
33610
33538
33539
33540
33544
33540
33613
33546
33614
33543
33545
33543
33546
33547
33549
33617
33545
33546
33547
33551
33547
33620
33553
33621
33550
33552
33550
33553
33554
33556
33624
33552
33553
33554
33558
33554
33627
33560
33628
33557
33559
33557
33560
33561
33563
33631
33559
33560
33561
33565
33561
33634
33567
33635
33564
33566
49296
33564
33567
49297
33568
33570
33638
49298
33566
33567
33568
33572
33568
33639
33574
33640
33571
33573
33571
33574
33575
33573
33574
33575
33577
33575
33578
33578
33581
33581
33585
33584
33586
33584
33587
33588
33590
33586
33587
33588
33592
33588
33594
33591
33593
33591
33594
33595
33597
33593
33594
33595
33599
33595
33601
33598
33600
33598
33601
33602
33604
33641
33600
33601
33602
33606
33602
33642
33608
33643
33605
33607
33605
33608
33609
33611
33644
33607
33608
33609
33613
33609
33645
33615
33646
33612
33614
33612
33615
33616
33618
33647
33614
33615
33616
33620
33616
33648
33622
33649
33619
33621
33619
33622
33623
33625
33650
33621
33622
33623
33627
33623
33651
33629
33652
33626
33628
33626
33629
33630
33632
33628
33629
33630
33634
33630
33636
33633
33635
33633
33636
33637
33635
33636
33637
33639
33637
33640
33640
33643
33643
33645
33646
33646
33648
33649
33649
33651
33652
33652
33654
33655
33681
33657
33685
34290
33656
33657
33658
33659
33688
33658
33691
34292
33661
33692
34293
33660
33661
33662
33663
49467
33662
34296
49470
33665
34297
49471
33664
33665
33666
33667
49474
33666
34300
49477
33669
34301
49478
33668
33669
33670
33671
33695
33670
33698
34304
33672
33699
34305
33672
33705
34308
33674
33676
33718
33679
33722
34310
33677
33678
33677
33679
33680
33682
49481
33680
33684
34312
33680
34313
49484
33686
34314
49485
33683
33685
33683
33686
33687
33689
33685
33686
33687
33691
34318
33687
34319
33693
34320
33690
33692
33690
33693
33694
49468
33692
33693
33694
34325
49470
33694
34326
34327
49472
33697
33699
33697
33700
49476
33701
33703
33699
33700
49478
33701
33705
34332
33701
34333
49480
33707
34334
33704
33706
33704
33707
33708
33709
33706
33707
33708
33711
34339
33708
34340
33712
34341
33710
33712
33713
33714
49488
33712
33713
34346
49491
33715
34347
49492
33715
33728
34351
33717
33719
33736
33723
33740
34353
33720
33722
33720
33723
33724
49482
33722
33723
33724
34355
49484
33724
34356
34357
49486
33727
33729
33727
33730
49490
33731
33732
33729
33730
49492
33731
34362
33731
34363
49494
33733
34364
33733
33774
34369
33735
33737
33780
33741
33783
34396
33738
33740
33738
33741
33742
49495
33740
33741
33742
34398
33742
34399
49498
34400
49499
33745
33747
33745
33748
33749
33751
33793
33747
33748
33749
33753
34405
33749
33796
34406
33755
33797
34407
33752
33754
33752
33755
33756
33758
33754
33755
33756
33760
34412
33756
34413
33762
34414
33759
33761
33759
33762
33763
33765
33761
33762
33763
33767
34419
33763
34420
33769
34421
33766
33768
33766
33769
33770
33808
33768
33769
33770
34426
33770
33811
34427
33812
34428
33773
33775
33773
33776
33777
33778
49502
33775
33776
33777
34433
33777
34434
49505
33779
34435
49506
33779
33824
34440
33782
33783
33782
33784
33785
33829
49496
33785
34453
49498
33785
33832
34454
33833
34455
49500
33788
33790
33788
33791
33792
33790
33791
33792
33796
34459
33792
33846
34460
34461
33797
33795
33798
33799
33800
33850
33797
34466
33799
33853
34467
33802
33854
34468
33801
33802
33803
33804
49509
33803
34473
49512
33806
34474
49513
33805
33806
33807
33809
49516
33807
34477
49519
33813
34478
49520
33812
33810
33813
33814
33857
33812
33818
34481
33814
33860
34482
33861
34483
33817
33819
33817
33820
33821
33864
33819
33820
33821
34488
33821
34489
33868
34490
33823
33825
49504
33826
33878
33825
49506
33826
33881
34495
49508
33882
34496
33828
33830
33887
33834
33889
34500
33831
33833
33831
33834
33835
33891
33833
33834
33835
34502
33835
33894
34503
33895
34504
33838
33840
33838
33841
33842
33840
33841
33842
33846
34509
33842
33908
34510
34511
33845
33847
33845
33848
33849
33851
33912
33849
33853
34516
33849
33915
34517
33855
33916
34518
33852
33854
33852
33855
33856
49510
33854
33855
33856
34523
49512
33856
34524
34525
49514
33859
33861
33859
33862
49518
33863
33865
33861
33862
49520
33863
33867
34530
33863
34531
49522
33869
34532
33868
33866
33869
33870
33919
33869
33874
34537
33870
33922
34538
33923
34539
33873
33875
33873
33876
33877
33926
33875
33876
33877
34544
33877
34545
33930
34546
33880
33882
33880
33883
33884
33885
33940
33882
33883
33884
34551
33884
33943
34552
33886
33944
34553
33886
33948
34558
33888
33889
33890
33892
33950
33890
33894
34560
33896
33952
34561
33893
33895
33893
33896
33897
49523
33895
33896
33897
34564
33897
34565
49526
34566
49527
33900
33902
33900
33903
33904
33906
33954
33902
33903
33904
33908
34571
33904
33957
34572
33910
33958
34573
33907
33909
33910
33911
33913
33961
33910
33911
33915
34578
34579
33917
33963
34580
33914
33916
33914
33917
33918
49530
33916
33917
33918
34585
33918
34586
49533
34587
49534
33921
33923
33921
33924
33925
33927
49537
33923
33924
33925
33929
34592
33925
34593
49540
33931
34594
49541
33928
33930
33931
33932
33934
33931
33932
33936
34599
33966
34600
33938
34601
33935
33937
33935
33938
33939
33968
33937
33938
33939
34606
33939
33971
34607
33972
34608
33942
33944
33942
33945
33946
33947
49544
33944
33945
33946
33948
34613
33946
34614
49547
33949
34615
49548
33949
33949
33976
34620
33951
33952
33953
33978
49524
33953
34623
49526
33980
34624
49528
33956
33958
33956
33959
33960
33982
33958
33959
33960
34627
33960
33985
34628
33986
34629
33962
33963
33964
33989
49531
33964
34634
49533
33991
34635
49535
33967
49539
33967
49541
33994
34638
49543
33970
33972
33970
33973
33974
33996
33972
33973
33974
34641
33974
33999
34642
34000
34643
33977
49546
33977
49548
34004
34648
49550
33979
33980
33981
34006
49552
33981
34651
49554
34008
34652
49556
33984
33986
33984
33987
33988
34017
33986
33987
33988
34655
33988
34020
34656
34021
34657
33990
33991
33992
34024
49559
33992
34662
49561
34028
34663
49563
33995
49567
33995
49569
34048
34666
49571
33998
34000
33998
34001
34002
34052
34000
34001
34002
34669
34002
34055
34670
34056
34671
34005
49574
34005
49576
34067
34676
49578
34007
34008
34009
34011
34069
34009
34013
34679
34015
34070
34680
34012
34014
49553
34012
34015
34016
34071
34014
34015
49556
34016
34683
49557
34016
34074
34684
34075
34685
34019
34021
34019
34022
34023
34025
34021
34022
34023
34027
34690
34023
34691
34029
34692
34026
34028
34029
34030
34032
34029
34030
34034
34697
34081
34698
34036
34699
34033
34035
49560
34033
34036
34037
34085
34035
34036
49563
34037
34704
49564
34037
34088
34705
34089
34706
34040
34042
49567
34040
34043
34044
34046
34106
34042
34043
49570
34044
34048
34711
49571
34044
34109
34712
34050
34110
34713
34047
34049
34050
34051
34053
34113
34050
34051
34055
34718
34719
34057
34117
34720
34054
34056
34054
34057
34058
34056
34057
34058
34725
34058
34726
34727
34061
34063
49574
34061
34064
34065
34066
34120
34063
34064
49577
34065
34067
34732
49578
34065
34123
34733
34068
34124
34734
34068
34068
34127
34739
34070
34074
34742
34073
34075
34073
34076
34077
34128
34075
34076
34077
34744
34077
34130
34745
34131
34746
34080
34082
34080
34083
34084
34086
34082
34083
34084
34751
34084
34752
34090
34753
34087
34089
34090
34091
34093
34089
34091
34095
34758
34136
34759
34097
34760
34094
34096
34094
34097
34098
34140
49580
34096
34097
34098
34765
49582
34098
34143
34766
34144
34767
49584
34101
34103
34101
34104
49588
34105
34107
34153
34103
34104
49590
34105
34109
34772
34105
34156
34773
49592
34111
34157
34774
34110
34111
34112
34114
34160
34110
34111
34779
34780
34118
34164
34781
34115
34117
34115
34118
34119
34117
34118
34119
34786
34119
34787
34788
34122
34124
34122
34125
34126
34167
34124
34125
34126
34127
34793
34126
34169
34794
34170
34795
34129
34131
34132
34172
49594
34131
34132
34801
49596
34173
34802
49598
34135
34137
34135
34138
34139
34141
34137
34138
34139
34806
34139
34807
34145
34808
34144
34142
34145
34146
34181
34144
34148
34813
34146
34184
34814
34185
34815
34149
49581
34149
49584
34151
34820
49585
34152
49588
34152
49591
34156
34823
49592
34157
34155
34158
34159
34161
34202
34157
34826
34159
34205
34827
34165
34206
34828
34162
34164
34162
34165
34166
34164
34165
34166
34833
34166
34834
34835
34170
34171
49602
34170
34171
49604
34840
34216
34841
49606
34173
34177
34845
34176
34178
49595
34176
34179
34180
34217
34178
34179
49598
34180
34847
49599
34180
34848
34218
34849
34183
34185
34183
34186
34187
34189
34185
34186
34187
34191
34854
34187
34855
34193
34856
34190
34192
34190
34193
34194
34196
34192
34193
34194
34198
34861
34194
34862
34200
34863
34197
34199
34197
34200
34201
34203
34199
34200
34201
34205
34868
34201
34869
34207
34870
34204
34206
34204
34207
34208
34206
34207
34208
34875
34208
34876
34877
34211
34213
49602
34211
34214
34215
34213
34214
49605
34215
34216
34882
49606
34215
34233
34883
34884
34218
34222
34890
34221
34223
34221
34224
34225
34234
49608
34223
34224
34225
34892
49610
34225
34893
34235
34894
49612
34228
34230
34228
34231
49616
34232
34230
34231
49618
34232
34233
34899
34232
34274
34900
49620
34901
34235
34238
34907
34237
34239
49609
34240
34242
34239
49612
34240
34244
34909
49613
34246
34910
34243
34245
34243
34246
34247
34249
34275
34245
34246
34247
34251
34914
34247
34915
34253
34276
34916
34250
34252
34250
34253
34254
34277
49622
34252
34253
34254
34921
49624
34254
34278
34922
34279
34923
49626
34257
34259
34257
34260
49630
34261
34263
34286
34259
34260
49632
34261
34265
34928
34261
34287
34929
49634
34267
34288
34930
34264
34266
34264
34267
34268
34270
34266
34267
34268
34271
34935
34268
34289
34936
34273
34937
34272
49616
34273
34272
34273
49619
34274
34942
49620
34943
34276
34278
34948
34279
34279
34281
34950
34282
49623
34282
49626
34284
34953
49627
34285
49630
34285
49633
34287
34956
49634
34288
34288
34289
34959
34291
34292
34318
34294
34322
34963
34293
34294
34295
34296
34325
34295
34328
34965
34298
34329
34966
34297
34298
34299
34300
49635
34299
34969
49638
34302
34970
49639
34301
34302
34303
34304
49642
34303
34973
49645
34306
34974
49646
34305
34306
34307
34308
34332
34307
34335
34977
34309
34336
34978
34309
34342
34981
34311
34313
34355
34316
34359
34983
34314
34315
34314
34316
34317
34319
49649
34317
34321
34985
34317
34986
49652
34323
34987
49653
34320
34322
34320
34323
34324
34326
34322
34323
34324
34328
34991
34324
34992
34330
34993
34327
34329
34327
34330
34331
49636
34329
34330
34331
34998
49638
34331
34999
35000
49640
34334
34336
34334
34337
49644
34338
34340
34336
34337
49646
34338
34342
35005
34338
35006
49648
34344
35007
34341
34343
34341
34344
34345
34346
34343
34344
34345
34348
35012
34345
35013
34349
35014
34347
34349
34350
34351
49656
34349
34350
35020
49659
34352
35021
49660
34352
34365
35027
34354
34356
34398
34360
34402
35078
34357
34359
34357
34360
34361
49650
34359
34360
34361
35080
49652
34361
35081
35082
49654
34364
34366
34364
34367
49658
34368
34369
34366
34367
49660
34368
34370
49824
34368
49662
49825
34372
49826
34372
34371
34372
34373
34374
35087
34373
34436
35088
34376
34437
35089
34375
34376
34377
34378
35094
34377
34441
35095
34380
34442
35096
34379
34380
34381
34382
35101
34381
34444
35102
34384
34445
35103
34383
34384
34385
34386
35108
34385
34446
35109
34388
34447
35110
34387
34388
34389
34390
35115
34389
34448
35116
34392
34449
35117
34391
34392
34393
34394
35122
34393
34450
35123
34395
34451
35124
34395
34452
35129
34397
34399
34453
34403
34456
35132
34400
34402
34400
34403
34404
49663
34402
34403
34404
35134
34404
35135
49666
35136
49667
34407
34409
34407
34410
34411
34413
34466
34409
34410
34411
34415
35141
34411
34469
35142
34417
34470
35143
34414
34416
34414
34417
34418
34420
34416
34417
34418
34422
35148
34418
35149
34424
35150
34421
34423
34421
34424
34425
34427
34423
34424
34425
34429
35155
34425
35156
34431
35157
34428
34430
34428
34431
34432
34481
34430
34431
34432
35162
34432
34484
35163
34485
35164
34435
34437
34435
34438
34439
34440
49670
34437
34438
34439
34441
34439
49673
34443
49674
34443
34442
34444
35169
34497
35170
34445
34446
35176
34447
34448
35183
34449
34450
35190
34451
34452
35197
34455
34456
34455
34457
34458
34502
49664
34458
35207
49666
34458
34505
35208
34506
35209
49668
34461
34463
34461
34464
34465
34463
34464
34465
34469
35213
34465
34519
35214
35215
34470
34468
34471
34472
34473
34523
34470
35220
34472
34526
35221
34475
34527
35222
34474
34475
34476
34477
49677
34476
35227
49680
34479
35228
49681
34478
34479
34480
34482
49684
34480
35231
49687
34486
35232
49688
34485
34483
34486
34487
34530
34485
34491
35235
34487
34533
35236
34534
35237
34490
34492
34490
34493
34494
34537
34492
34493
34494
35242
34494
35243
34541
35244
34496
34498
49672
34499
34551
34498
49674
34499
34554
35249
49676
34555
35250
34501
34503
34560
34507
34562
35264
34504
34506
34504
34507
34508
34564
34506
34507
34508
35266
34508
34567
35267
34568
35268
34511
34513
34511
34514
34515
34513
34514
34515
34519
35273
34515
34581
35274
35275
34518
34520
34518
34521
34522
34524
34585
34522
34526
35280
34522
34588
35281
34528
34589
35282
34525
34527
34525
34528
34529
49678
34527
34528
34529
35287
49680
34529
35288
35289
49682
34532
34534
34532
34535
49686
34536
34538
34534
34535
49688
34536
34540
35294
34536
35295
49690
34542
35296
34541
34539
34542
34543
34592
34542
34547
35301
34543
34595
35302
34596
35303
34546
34548
34546
34549
34550
34599
34548
34549
34550
35308
34550
35309
34603
35310
34553
34555
34553
34556
34557
34558
34613
34555
34556
34557
35315
34557
34616
35316
34559
34617
35317
34559
34621
35322
34561
34562
34563
34565
34623
34563
34567
35324
34569
34625
35325
34566
34568
34566
34569
34570
49691
34568
34569
34570
35328
34570
35329
49694
35330
49695
34573
34575
34573
34576
34577
34579
34627
34575
34576
34577
34581
35335
34577
34630
35336
34583
34631
35337
34580
34582
34583
34584
34586
34634
34583
34584
34588
35342
35343
34590
34636
35344
34587
34589
34587
34590
34591
49698
34589
34590
34591
35349
34591
35350
49701
35351
49702
34594
34596
34594
34597
34598
34600
49705
34596
34597
34598
34602
35356
34598
35357
49708
34604
35358
49709
34601
34603
34604
34605
34607
34604
34605
34609
35363
34639
35364
34611
35365
34608
34610
34608
34611
34612
34641
34610
34611
34612
35370
34612
34644
35371
34645
35372
34615
34617
34615
34618
34619
34620
49712
34617
34618
34619
34621
35377
34619
35378
49715
34622
35379
49716
34622
34622
34649
35384
34624
34625
34626
34651
49692
34626
35387
49694
34653
35388
49696
34629
34631
34629
34632
34633
34655
34631
34632
34633
35391
34633
34658
35392
34659
35393
34635
34636
34637
34662
49699
34637
35398
49701
34664
35399
49703
34640
49707
34640
49709
34667
35402
49711
34643
34645
34643
34646
34647
34669
34645
34646
34647
35405
34647
34672
35406
34673
35407
34650
49714
34650
49716
34677
35412
49718
34652
34653
34654
34679
49720
34654
35415
49722
34681
35416
49724
34657
34659
34657
34660
34661
34690
34659
34660
34661
35419
34661
34693
35420
34694
35421
34663
34664
34665
34697
49727
34665
35426
49729
34701
35427
49731
34668
49735
34668
49737
34721
35430
49739
34671
34673
34671
34674
34675
34725
34673
34674
34675
35433
34675
34728
35434
34729
35435
34678
49742
34678
49744
34740
35440
49746
34680
34681
34682
34684
34742
34682
34686
35443
34688
34743
35444
34685
34687
49721
34685
34688
34689
34744
34687
34688
49724
34689
35447
49725
34689
34747
35448
34748
35449
34692
34694
34692
34695
34696
34698
34694
34695
34696
34700
35454
34696
35455
34702
35456
34699
34701
34702
34703
34705
34702
34703
34707
35461
34754
35462
34709
35463
34706
34708
49728
34706
34709
34710
34758
34708
34709
49731
34710
35468
49732
34710
34761
35469
34762
35470
34713
34715
49735
34713
34716
34717
34719
34779
34715
34716
49738
34717
34721
35475
49739
34717
34782
35476
34723
34783
35477
34720
34722
34723
34724
34726
34786
34723
34724
34728
35482
35483
34730
34790
35484
34727
34729
34727
34730
34731
34729
34730
34731
35489
34731
35490
35491
34734
34736
49742
34734
34737
34738
34739
34793
34736
34737
49745
34738
34740
35496
49746
34738
34796
35497
34741
34797
35498
34741
34741
34800
35503
34743
34747
35506
34746
34748
34746
34749
34750
34801
34748
34749
34750
35508
34750
34803
35509
34804
35510
34753
34755
34753
34756
34757
34759
34755
34756
34757
35515
34757
35516
34763
35517
34760
34762
34763
34764
34766
34762
34764
34768
35522
34809
35523
34770
35524
34767
34769
34767
34770
34771
34813
49748
34769
34770
34771
35529
49750
34771
34816
35530
34817
35531
49752
34774
34776
34774
34777
49756
34778
34780
34826
34776
34777
49758
34778
34782
35536
34778
34829
35537
49760
34784
34830
35538
34783
34784
34785
34787
34833
34783
34784
35543
35544
34791
34837
35545
34788
34790
34788
34791
34792
34790
34791
34792
35550
34792
35551
35552
34795
34797
34795
34798
34799
34840
34797
34798
34799
34800
35557
34799
34842
35558
34843
35559
34802
34804
34805
34845
49762
34804
34805
35565
49764
34846
35566
49766
34808
34810
34808
34811
34812
34814
34810
34811
34812
35570
34812
35571
34818
35572
34817
34815
34818
34819
34854
34817
34821
35577
34819
34857
35578
34858
35579
34822
49749
34822
49752
34824
35584
49753
34825
49756
34825
49759
34829
35587
49760
34830
34828
34831
34832
34834
34875
34830
35590
34832
34878
35591
34838
34879
35592
34835
34837
34835
34838
34839
34837
34838
34839
35597
34839
35598
35599
34843
34844
49770
34843
34844
49772
35604
34889
35605
49774
34846
34850
35609
34849
34851
49763
34849
34852
34853
34890
34851
34852
49766
34853
35611
49767
34853
35612
34891
35613
34856
34858
34856
34859
34860
34862
34858
34859
34860
34864
35618
34860
35619
34866
35620
34863
34865
34863
34866
34867
34869
34865
34866
34867
34871
35625
34867
35626
34873
35627
34870
34872
34870
34873
34874
34876
34872
34873
34874
34878
35632
34874
35633
34880
35634
34877
34879
34877
34880
34881
34879
34880
34881
35639
34881
35640
35641
34884
34886
49770
34884
34887
34888
34886
34887
49773
34888
34889
35646
49774
34888
34906
35647
35648
34891
34895
35654
34894
34896
34894
34897
34898
34907
49776
34896
34897
34898
35656
49778
34898
35657
34908
35658
49780
34901
34903
34901
34904
49784
34905
34903
34904
49786
34905
34906
35663
34905
34947
35664
49788
35665
34908
34911
35671
34910
34912
49777
34913
34915
34912
49780
34913
34917
35673
49781
34919
35674
34916
34918
34916
34919
34920
34922
34948
34918
34919
34920
34924
35678
34920
35679
34926
34949
35680
34923
34925
34923
34926
34927
34950
49790
34925
34926
34927
35685
49792
34927
34951
35686
34952
35687
49794
34930
34932
34930
34933
49798
34934
34936
34959
34932
34933
49800
34934
34938
35692
34934
34960
35693
49802
34940
34961
35694
34937
34939
34937
34940
34941
34943
34939
34940
34941
34944
35699
34941
34962
35700
34946
35701
34945
49784
34946
34945
34946
49787
34947
35706
49788
35707
34949
34951
35712
34952
34952
34954
35714
34955
49791
34955
49794
34957
35717
49795
34958
49798
34958
49801
34960
35720
49802
34961
34961
34962
35723
34964
34965
34991
34967
34995
35727
34966
34967
34968
34969
34998
34968
35001
35729
34971
35002
35730
34970
34971
34972
34973
49803
34972
35733
49806
34975
35734
49807
34974
34975
34976
34977
49810
34976
35737
49813
34979
35738
49814
34978
34979
34980
34981
35005
34980
35008
35741
34982
35009
35742
34982
35015
35745
34984
34986
35080
34989
35084
35783
34987
34988
34987
34989
34990
34992
49817
34990
34994
35785
34990
35786
49820
34996
35787
49821
34993
34995
34993
34996
34997
34999
34995
34996
34997
35001
35791
34997
35792
35003
35793
35000
35002
35000
35003
35004
49804
35002
35003
35004
35798
49806
35004
35799
35800
49808
35007
35009
35007
35010
49812
35011
35013
35009
35010
49814
35011
35015
35805
35011
35806
49816
35017
35807
35014
35016
35014
35017
35018
35020
35016
35017
35018
35022
35812
35018
35813
35024
35814
35021
35023
35021
35024
35025
35027
35023
35024
35025
35029
35819
35025
35820
35031
35821
35028
35030
35028
35031
35032
35034
49824
35030
35031
35032
35036
35826
35032
35827
49827
35038
35828
49828
35035
35037
35035
35038
35039
35041
35087
35037
35038
35039
35043
35833
35039
35090
35834
35045
35091
35835
35042
35044
35042
35045
35046
35048
35094
35044
35045
35046
35050
35840
35046
35097
35841
35052
35098
35842
35049
35051
35049
35052
35053
35055
35101
35051
35052
35053
35057
35847
35053
35104
35848
35059
35105
35849
35056
35058
35056
35059
35060
35062
35108
35058
35059
35060
35064
35854
35060
35111
35855
35066
35112
35856
35063
35065
35063
35066
35067
35069
35115
35065
35066
35067
35071
35861
35067
35118
35862
35073
35119
35863
35070
35072
35070
35073
35074
35075
35122
35072
35073
35074
35076
35868
35074
35125
35869
35077
35126
35870
35077
35077
35130
35875
35079
35081
35134
35085
35138
35878
35082
35084
35082
35085
35086
49818
35084
35085
35086
35880
49820
35086
35881
35882
49822
35089
35091
35089
35092
49826
35093
35095
35091
35092
49828
35093
35097
35093
49830
35099
35096
35098
35096
35099
35100
35102
35169
35098
35099
35100
35104
35100
35172
35106
35173
35103
35105
35103
35106
35107
35109
35176
35105
35106
35107
35111
51189
35107
35179
51190
35113
35180
51191
35110
35112
35110
35113
35114
35116
35183
35112
35113
35114
35118
51182
35114
35186
51183
35120
35187
51184
35117
35119
35117
35120
35121
35123
35190
35119
35120
35121
35125
51175
35121
35193
51176
35127
35194
51177
35124
35126
35124
35127
35128
35129
35197
35126
35127
35128
35130
49992
35128
35200
49993
35131
35201
49994
35131
35131
35205
35887
35133
35135
35207
35139
35210
35890
35136
35138
35136
35139
35140
49831
35138
35139
35140
35892
35140
35893
49834
35894
49835
35143
35145
35143
35146
35147
35149
35220
35145
35146
35147
35151
35899
35147
35223
35900
35153
35224
35901
35150
35152
35150
35153
35154
35156
35152
35153
35154
35158
35906
35154
35907
35160
35908
35157
35159
35157
35160
35161
35163
35159
35160
35161
35165
35913
35161
35914
35167
35915
35164
35166
35164
35167
35168
35235
35166
35167
35168
35920
35168
35238
35921
35239
35922
35171
35173
35171
35174
35175
35177
35173
35174
35175
35179
35175
35251
35181
35252
35178
35180
35178
35181
35182
35184
35180
35181
35182
35186
35927
35182
35255
35928
35188
35256
35929
35185
35187
35185
35188
35189
35191
35187
35188
35189
35193
35934
35189
35257
35935
35195
35258
35936
35192
35194
35192
35195
35196
35198
35194
35195
35196
35200
35941
35196
35259
35942
35202
35260
35943
35199
35201
35199
35202
35203
35204
35201
35202
35203
35205
35948
35203
35261
35949
35206
35262
35950
35206
35206
35263
35955
35209
35210
35209
35211
35212
35266
49832
35212
35958
49834
35212
35269
35959
35270
35960
49836
35215
35217
35215
35218
35219
35217
35218
35219
35223
35964
35219
35283
35965
35966
35224
35222
35225
35226
35227
35287
35224
35971
35226
35290
35972
35229
35291
35973
35228
35229
35230
35231
49845
35230
35978
49848
35233
35979
49849
35232
35233
35234
35236
49852
35234
35982
49855
35240
35983
49856
35239
35237
35240
35241
35294
35239
35245
35986
35241
35297
35987
35298
35988
35244
35246
35244
35247
35248
35301
35246
35247
35248
35993
35248
35994
35305
35995
35250
35253
49840
35254
35315
35252
35253
49842
35255
36000
35254
35318
36001
49844
35319
36002
35256
35257
36007
35258
35259
36010
35260
35261
36013
35262
35263
36016
35265
35267
35324
35271
35326
36020
35268
35270
35268
35271
35272
35328
35270
35271
35272
36022
35272
35331
36023
35332
36024
35275
35277
35275
35278
35279
35277
35278
35279
35283
36029
35279
35345
36030
36031
35282
35284
35282
35285
35286
35288
35349
35286
35290
36036
35286
35352
36037
35292
35353
36038
35289
35291
35289
35292
35293
49846
35291
35292
35293
36043
49848
35293
36044
36045
49850
35296
35298
35296
35299
49854
35300
35302
35298
35299
49856
35300
35304
36050
35300
36051
49858
35306
36052
35305
35303
35306
35307
35356
35306
35311
36057
35307
35359
36058
35360
36059
35310
35312
35310
35313
35314
35363
35312
35313
35314
36064
35314
36065
35367
36066
35317
35319
35317
35320
35321
35322
35377
35319
35320
35321
36071
35321
35380
36072
35323
35381
36073
35323
35385
36078
35325
35326
35327
35329
35387
35327
35331
36080
35333
35389
36081
35330
35332
35330
35333
35334
49859
35332
35333
35334
36084
35334
36085
49862
36086
49863
35337
35339
35337
35340
35341
35343
35391
35339
35340
35341
35345
36091
35341
35394
36092
35347
35395
36093
35344
35346
35347
35348
35350
35398
35347
35348
35352
36098
36099
35354
35400
36100
35351
35353
35351
35354
35355
49866
35353
35354
35355
36105
35355
36106
49869
36107
49870
35358
35360
35358
35361
35362
35364
49873
35360
35361
35362
35366
36112
35362
36113
49876
35368
36114
49877
35365
35367
35368
35369
35371
35368
35369
35373
36119
35403
36120
35375
36121
35372
35374
35372
35375
35376
35405
35374
35375
35376
36126
35376
35408
36127
35409
36128
35379
35381
35379
35382
35383
35384
49880
35381
35382
35383
35385
36133
35383
36134
49883
35386
36135
49884
35386
35386
35413
36140
35388
35389
35390
35415
49860
35390
36143
49862
35417
36144
49864
35393
35395
35393
35396
35397
35419
35395
35396
35397
36147
35397
35422
36148
35423
36149
35399
35400
35401
35426
49867
35401
36154
49869
35428
36155
49871
35404
49875
35404
49877
35431
36158
49879
35407
35409
35407
35410
35411
35433
35409
35410
35411
36161
35411
35436
36162
35437
36163
35414
49882
35414
49884
35441
36168
49886
35416
35417
35418
35443
49888
35418
36171
49890
35445
36172
49892
35421
35423
35421
35424
35425
35454
35423
35424
35425
36175
35425
35457
36176
35458
36177
35427
35428
35429
35461
49895
35429
36182
49897
35465
36183
49899
35432
49903
35432
49905
35485
36186
49907
35435
35437
35435
35438
35439
35489
35437
35438
35439
36189
35439
35492
36190
35493
36191
35442
49910
35442
49912
35504
36196
49914
35444
35445
35446
35448
35506
35446
35450
36199
35452
35507
36200
35449
35451
49889
35449
35452
35453
35508
35451
35452
49892
35453
36203
49893
35453
35511
36204
35512
36205
35456
35458
35456
35459
35460
35462
35458
35459
35460
35464
36210
35460
36211
35466
36212
35463
35465
35466
35467
35469
35466
35467
35471
36217
35518
36218
35473
36219
35470
35472
49896
35470
35473
35474
35522
35472
35473
49899
35474
36224
49900
35474
35525
36225
35526
36226
35477
35479
49903
35477
35480
35481
35483
35543
35479
35480
49906
35481
35485
36231
49907
35481
35546
36232
35487
35547
36233
35484
35486
35487
35488
35490
35550
35487
35488
35492
36238
36239
35494
35554
36240
35491
35493
35491
35494
35495
35493
35494
35495
36245
35495
36246
36247
35498
35500
49910
35498
35501
35502
35503
35557
35500
35501
49913
35502
35504
36252
49914
35502
35560
36253
35505
35561
36254
35505
35505
35564
36259
35507
35511
36262
35510
35512
35510
35513
35514
35565
35512
35513
35514
36264
35514
35567
36265
35568
36266
35517
35519
35517
35520
35521
35523
35519
35520
35521
36271
35521
36272
35527
36273
35524
35526
35527
35528
35530
35526
35528
35532
36278
35573
36279
35534
36280
35531
35533
35531
35534
35535
35577
49916
35533
35534
35535
36285
49918
35535
35580
36286
35581
36287
49920
35538
35540
35538
35541
49924
35542
35544
35590
35540
35541
49926
35542
35546
36292
35542
35593
36293
49928
35548
35594
36294
35547
35548
35549
35551
35597
35547
35548
36299
36300
35555
35601
36301
35552
35554
35552
35555
35556
35554
35555
35556
36306
35556
36307
36308
35559
35561
35559
35562
35563
35604
35561
35562
35563
35564
36313
35563
35606
36314
35607
36315
35566
35568
35569
35609
49930
35568
35569
36321
49932
35610
36322
49934
35572
35574
35572
35575
35576
35578
35574
35575
35576
36326
35576
36327
35582
36328
35581
35579
35582
35583
35618
35581
35585
36333
35583
35621
36334
35622
36335
35586
49917
35586
49920
35588
36340
49921
35589
49924
35589
49927
35593
36343
49928
35594
35592
35595
35596
35598
35639
35594
36346
35596
35642
36347
35602
35643
36348
35599
35601
35599
35602
35603
35601
35602
35603
36353
35603
36354
36355
35607
35608
49938
35607
35608
49940
36360
35653
36361
49942
35610
35614
36365
35613
35615
49931
35613
35616
35617
35654
35615
35616
49934
35617
36367
49935
35617
36368
35655
36369
35620
35622
35620
35623
35624
35626
35622
35623
35624
35628
36374
35624
36375
35630
36376
35627
35629
35627
35630
35631
35633
35629
35630
35631
35635
36381
35631
36382
35637
36383
35634
35636
35634
35637
35638
35640
35636
35637
35638
35642
36388
35638
36389
35644
36390
35641
35643
35641
35644
35645
35643
35644
35645
36395
35645
36396
36397
35648
35650
49938
35648
35651
35652
35650
35651
49941
35652
35653
36402
49942
35652
35670
36403
36404
35655
35659
36410
35658
35660
35658
35661
35662
35671
49944
35660
35661
35662
36412
49946
35662
36413
35672
36414
49948
35665
35667
35665
35668
49952
35669
35667
35668
49954
35669
35670
36419
35669
35711
36420
49956
36421
35672
35675
36427
35674
35676
49945
35677
35679
35676
49948
35677
35681
36429
49949
35683
36430
35680
35682
35680
35683
35684
35686
35712
35682
35683
35684
35688
36434
35684
36435
35690
35713
36436
35687
35689
35687
35690
35691
35714
49958
35689
35690
35691
36441
49960
35691
35715
36442
35716
36443
49962
35694
35696
35694
35697
49966
35698
35700
35723
35696
35697
49968
35698
35702
36448
35698
35724
36449
49970
35704
35725
36450
35701
35703
35701
35704
35705
35707
35703
35704
35705
35708
36455
35705
35726
36456
35710
36457
35709
49952
35710
35709
35710
49955
35711
36462
49956
36463
35713
35715
36468
35716
35716
35718
36470
35719
49959
35719
49962
35721
36473
49963
35722
49966
35722
49969
35724
36476
49970
35725
35725
35726
36479
35728
35729
35791
35731
35795
36483
35730
35731
35732
35733
35798
35732
35801
36485
35735
35802
36486
35734
35735
35736
35737
49971
35736
36489
49974
35739
36490
49975
35738
35739
35740
35741
49978
35740
36493
49981
35743
36494
49982
35742
35743
35744
35745
35805
35744
35808
36497
35747
35809
36498
35746
35747
35748
35749
35812
35748
35815
36501
35751
35816
36502
35750
35751
35752
35753
35819
35752
35822
36504
35755
35823
36505
35754
35755
35756
35757
35826
35756
35829
36506
35759
35830
36507
35758
35759
35760
35761
35833
35760
35836
36508
35763
35837
36509
35762
35763
35764
35765
35840
35764
35843
36510
35767
35844
36511
35766
35767
35768
35769
35847
35768
35850
36512
35771
35851
36513
35770
35771
35772
35773
35854
35772
35857
36514
35775
35858
36515
35774
35775
35776
35777
35861
35776
35864
36516
35779
35865
36517
35778
35779
35780
35781
35868
35780
35871
36518
35782
35872
36519
35782
35876
36520
35784
35786
35880
35789
35884
36521
35787
35788
35787
35789
35790
35792
49985
35790
35794
36523
35790
36524
49988
35796
36525
49989
35793
35795
35793
35796
35797
35799
35795
35796
35797
35801
36529
35797
36530
35803
36531
35800
35802
35800
35803
35804
49972
35802
35803
35804
36536
49974
35804
36537
36538
49976
35807
35809
35807
35810
49980
35811
35813
35809
35810
49982
35811
35815
36543
35811
36544
49984
35817
36545
35814
35816
35814
35817
35818
35820
35816
35817
35818
35822
36550
35818
36551
35824
36552
35821
35823
35821
35824
35825
35827
35823
35824
35825
35829
36557
35825
36558
35831
36559
35828
35830
35828
35831
35832
35834
35830
35831
35832
35836
36564
35832
36565
35838
36566
35835
35837
35835
35838
35839
35841
35837
35838
35839
35843
36571
35839
36572
35845
36573
35842
35844
35842
35845
35846
35848
35844
35845
35846
35850
36578
35846
36579
35852
36580
35849
35851
35849
35852
35853
35855
51189
35851
35852
35853
35857
36585
35853
36586
51192
35859
36587
51193
35856
35858
35856
35859
35860
35862
51182
35858
35859
35860
35864
36592
35860
36593
51185
35866
36594
51186
35863
35865
35863
35866
35867
35869
51175
35865
35866
35867
35871
36599
35867
36600
51178
35873
36601
51179
35870
35872
35870
35873
35874
35875
49992
35872
35873
35874
35876
36606
35874
36607
49995
35877
36608
49996
35877
35877
35888
36613
35879
35881
35892
35885
35896
36616
35882
35884
35882
35885
35886
49986
35884
35885
35886
36618
49988
35886
36619
36620
49990
35889
49994
35889
49996
35956
36625
49998
35891
35893
35958
35897
35961
36628
35894
35896
35894
35897
35898
49999
35896
35897
35898
36630
35898
36631
50002
36632
50003
35901
35903
35901
35904
35905
35907
35971
35903
35904
35905
35909
36637
35905
35974
36638
35911
35975
36639
35908
35910
35908
35911
35912
35914
35910
35911
35912
35916
36644
35912
36645
35918
36646
35915
35917
35915
35918
35919
35921
35917
35918
35919
35923
36651
35919
36652
35925
36653
35922
35924
35922
35925
35926
35986
35924
35925
35926
36658
35926
35989
36659
35990
36660
35929
35931
51191
35929
35932
35933
35935
36007
35931
35932
51194
35933
35937
36672
51195
35933
36008
36673
35939
36009
36674
35936
35938
51184
35936
35939
35940
35942
36010
35938
35939
51187
35940
35944
36679
51188
35940
36011
36680
35946
36012
36681
35943
35945
51177
35943
35946
35947
35949
36013
35945
35946
51180
35947
35951
36686
51181
35947
36014
36687
35953
36015
36688
35950
35952
49994
35950
35953
35954
35955
36016
35952
35953
49997
35954
35956
36693
49998
35954
36017
36694
35957
36018
36695
35957
35957
36019
36700
35960
35961
35960
35962
35963
36022
50000
35963
36703
50002
35963
36025
36704
36026
36705
50004
35966
35968
35966
35969
35970
35968
35969
35970
35974
36709
35970
36039
36710
36711
35975
35973
35976
35977
35978
36043
35975
36716
35977
36046
36717
35980
36047
36718
35979
35980
35981
35982
50006
35981
36723
50009
35984
36724
50010
35983
35984
35985
35987
50013
35985
36727
50016
35991
36728
50017
35990
35988
35991
35992
36050
35990
35996
36731
35992
36053
36732
36054
36733
35995
35997
35995
35998
35999
36057
35997
35998
35999
36738
35999
36739
36061
36740
36002
36004
36002
36005
36006
36071
36004
36005
36006
36008
36745
36006
36074
36746
36075
36747
36009
36009
36011
36751
36012
36012
36014
36752
36015
36015
36017
36753
36018
36018
36019
36754
36021
36023
36080
36027
36082
36755
36024
36026
36024
36027
36028
36084
36026
36027
36028
36757
36028
36087
36758
36088
36759
36031
36033
36031
36034
36035
36033
36034
36035
36039
36764
36035
36101
36765
36766
36038
36040
36038
36041
36042
36044
36105
36042
36046
36771
36042
36108
36772
36048
36109
36773
36045
36047
36045
36048
36049
50007
36047
36048
36049
36778
50009
36049
36779
36780
50011
36052
36054
36052
36055
50015
36056
36058
36054
36055
50017
36056
36060
36785
36056
36786
50019
36062
36787
36061
36059
36062
36063
36112
36062
36067
36792
36063
36115
36793
36116
36794
36066
36068
36066
36069
36070
36119
36068
36069
36070
36799
36070
36800
36123
36801
36073
36075
36073
36076
36077
36078
36133
36075
36076
36077
36806
36077
36136
36807
36079
36137
36808
36079
36141
36813
36081
36082
36083
36085
36143
36083
36087
36815
36089
36145
36816
36086
36088
36086
36089
36090
50020
36088
36089
36090
36819
36090
36820
50023
36821
50024
36093
36095
36093
36096
36097
36099
36147
36095
36096
36097
36101
36826
36097
36150
36827
36103
36151
36828
36100
36102
36103
36104
36106
36154
36103
36104
36108
36833
36834
36110
36156
36835
36107
36109
36107
36110
36111
50027
36109
36110
36111
36840
36111
36841
50030
36842
50031
36114
36116
36114
36117
36118
36120
50034
36116
36117
36118
36122
36847
36118
36848
50037
36124
36849
50038
36121
36123
36124
36125
36127
36124
36125
36129
36854
36159
36855
36131
36856
36128
36130
36128
36131
36132
36161
36130
36131
36132
36861
36132
36164
36862
36165
36863
36135
36137
36135
36138
36139
36140
50041
36137
36138
36139
36141
36868
36139
36869
50044
36142
36870
50045
36142
36142
36169
36875
36144
36145
36146
36171
50021
36146
36878
50023
36173
36879
50025
36149
36151
36149
36152
36153
36175
36151
36152
36153
36882
36153
36178
36883
36179
36884
36155
36156
36157
36182
50028
36157
36889
50030
36184
36890
50032
36160
50036
36160
50038
36187
36893
50040
36163
36165
36163
36166
36167
36189
36165
36166
36167
36896
36167
36192
36897
36193
36898
36170
50043
36170
50045
36197
36903
50047
36172
36173
36174
36199
50049
36174
36906
50051
36201
36907
50053
36177
36179
36177
36180
36181
36210
36179
36180
36181
36910
36181
36213
36911
36214
36912
36183
36184
36185
36217
50056
36185
36917
50058
36221
36918
50060
36188
50064
36188
50066
36241
36921
50068
36191
36193
36191
36194
36195
36245
36193
36194
36195
36924
36195
36248
36925
36249
36926
36198
50071
36198
50073
36260
36931
50075
36200
36201
36202
36204
36262
36202
36206
36934
36208
36263
36935
36205
36207
50050
36205
36208
36209
36264
36207
36208
50053
36209
36938
50054
36209
36267
36939
36268
36940
36212
36214
36212
36215
36216
36218
36214
36215
36216
36220
36945
36216
36946
36222
36947
36219
36221
36222
36223
36225
36222
36223
36227
36952
36274
36953
36229
36954
36226
36228
50057
36226
36229
36230
36278
36228
36229
50060
36230
36959
50061
36230
36281
36960
36282
36961
36233
36235
50064
36233
36236
36237
36239
36299
36235
36236
50067
36237
36241
36966
50068
36237
36302
36967
36243
36303
36968
36240
36242
36243
36244
36246
36306
36243
36244
36248
36973
36974
36250
36310
36975
36247
36249
36247
36250
36251
36249
36250
36251
36980
36251
36981
36982
36254
36256
50071
36254
36257
36258
36259
36313
36256
36257
50074
36258
36260
36987
50075
36258
36316
36988
36261
36317
36989
36261
36261
36320
36994
36263
36267
36997
36266
36268
36266
36269
36270
36321
36268
36269
36270
36999
36270
36323
37000
36324
37001
36273
36275
36273
36276
36277
36279
36275
36276
36277
37006
36277
37007
36283
37008
36280
36282
36283
36284
36286
36282
36284
36288
37013
36329
37014
36290
37015
36287
36289
36287
36290
36291
36333
50077
36289
36290
36291
37020
50079
36291
36336
37021
36337
37022
50081
36294
36296
36294
36297
50085
36298
36300
36346
36296
36297
50087
36298
36302
37027
36298
36349
37028
50089
36304
36350
37029
36303
36304
36305
36307
36353
36303
36304
37034
37035
36311
36357
37036
36308
36310
36308
36311
36312
36310
36311
36312
37041
36312
37042
37043
36315
36317
36315
36318
36319
36360
36317
36318
36319
36320
37048
36319
36362
37049
36363
37050
36322
36324
36325
36365
50091
36324
36325
37056
50093
36366
37057
50095
36328
36330
36328
36331
36332
36334
36330
36331
36332
37061
36332
37062
36338
37063
36337
36335
36338
36339
36374
36337
36341
37068
36339
36377
37069
36378
37070
36342
50078
36342
50081
36344
37075
50082
36345
50085
36345
50088
36349
37078
50089
36350
36348
36351
36352
36354
36395
36350
37081
36352
36398
37082
36358
36399
37083
36355
36357
36355
36358
36359
36357
36358
36359
37088
36359
37089
37090
36363
36364
50099
36363
36364
50101
37095
36409
37096
50103
36366
36370
37100
36369
36371
50092
36369
36372
36373
36410
36371
36372
50095
36373
37102
50096
36373
37103
36411
37104
36376
36378
36376
36379
36380
36382
36378
36379
36380
36384
37109
36380
37110
36386
37111
36383
36385
36383
36386
36387
36389
36385
36386
36387
36391
37116
36387
37117
36393
37118
36390
36392
36390
36393
36394
36396
36392
36393
36394
36398
37123
36394
37124
36400
37125
36397
36399
36397
36400
36401
36399
36400
36401
37130
36401
37131
37132
36404
36406
50099
36404
36407
36408
36406
36407
50102
36408
36409
37137
50103
36408
36426
37138
37139
36411
36415
37145
36414
36416
36414
36417
36418
36427
50105
36416
36417
36418
37147
50107
36418
37148
36428
37149
50109
36421
36423
36421
36424
50113
36425
36423
36424
50115
36425
36426
37154
36425
36467
37155
50117
37156
36428
36431
37162
36430
36432
50106
36433
36435
36432
50109
36433
36437
37164
50110
36439
37165
36436
36438
36436
36439
36440
36442
36468
36438
36439
36440
36444
37169
36440
37170
36446
36469
37171
36443
36445
36443
36446
36447
36470
50119
36445
36446
36447
37176
50121
36447
36471
37177
36472
37178
50123
36450
36452
36450
36453
50127
36454
36456
36479
36452
36453
50129
36454
36458
37183
36454
36480
37184
50131
36460
36481
37185
36457
36459
36457
36460
36461
36463
36459
36460
36461
36464
37190
36461
36482
37191
36466
37192
36465
50113
36466
36465
36466
50116
36467
37197
50117
37198
36469
36471
37203
36472
36472
36474
37205
36475
50120
36475
50123
36477
37208
50124
36478
50127
36478
50130
36480
37211
50131
36481
36481
36482
37214
36484
36485
36529
36487
36533
37218
36486
36487
36488
36489
36536
36488
36539
37220
36491
36540
37221
36490
36491
36492
36493
50132
36492
37224
50135
36495
37225
50136
36494
36495
36496
36497
50139
36496
37228
50142
36499
37229
50143
36498
36499
36500
36501
36543
36500
36546
37232
36503
36547
37233
36502
36503
36504
36550
36553
37236
36505
36506
36557
36507
36508
36564
36509
36510
36571
36511
36512
36578
36513
36514
36585
36515
36516
36592
36517
36518
36599
36519
36520
36606
36522
36524
36618
36527
36622
37238
36525
36526
36525
36527
36528
36530
50146
36528
36532
37240
36528
37241
50149
36534
37242
50150
36531
36533
36531
36534
36535
36537
36533
36534
36535
36539
37246
36535
37247
36541
37248
36538
36540
36538
36541
36542
50133
36540
36541
36542
37253
50135
36542
37254
37255
50137
36545
36547
36545
36548
50141
36549
36551
36547
36548
50143
36549
36553
37260
36549
37261
50145
36555
37262
36552
36554
36552
36555
36556
36558
36554
36555
36556
36560
37267
36556
37268
36562
37269
36559
36561
36559
36562
36563
36565
36561
36562
36563
36567
36563
37274
36569
37275
36566
36568
36566
36569
36570
36572
36568
36569
36570
36574
36570
37279
36576
37280
36573
36575
36573
36576
36577
36579
50153
36575
36576
36577
36581
36577
37282
50156
36583
37283
50157
36580
36582
36580
36583
36584
36586
50160
36582
36583
36584
36588
36584
37284
50163
36590
37285
50164
36587
36589
36587
36590
36591
36593
50167
36589
36590
36591
36595
36591
37286
50170
36597
37287
50171
36594
36596
36594
36597
36598
36600
50174
36596
36597
36598
36602
36598
37288
50177
36604
37289
50178
36601
36603
36601
36604
36605
36607
50181
36603
36604
36605
36609
36605
37290
50184
36611
37291
50185
36608
36610
36608
36611
36612
36613
50188
36610
36611
36612
36614
36612
37292
50191
36615
37293
50192
36615
36615
36626
37294
36617
36619
36630
36623
36634
37295
36620
36622
36620
36623
36624
50147
36622
36623
36624
37297
50149
36624
37298
37299
50151
36627
50190
36627
50192
36701
37330
50194
36629
36631
36703
36635
36706
37331
36632
36634
36632
36635
36636
50195
36634
36635
36636
37333
36636
37334
50198
37335
50199
36639
36641
36639
36642
36643
36645
36716
36641
36642
36643
36647
37340
36643
36719
37341
36649
36720
37342
36646
36648
36646
36649
36650
36652
36648
36649
36650
36654
37347
36650
37348
36656
37349
36653
36655
36653
36656
36657
36659
36655
36656
36657
36661
37354
36657
37355
36663
37356
36660
36662
36660
36663
36664
36731
36662
36663
36664
37361
36664
36734
37362
36735
37363
36667
36669
50162
36667
36670
36671
36673
36745
36669
36670
50165
36671
36675
37375
50166
36671
36748
37376
36677
36674
36676
50169
36674
36677
36678
36680
36751
36676
36677
50172
36678
36682
37378
50173
36678
36684
36681
36683
50176
36681
36684
36685
36687
36752
36683
36684
50179
36685
36689
37379
50180
36685
36691
36688
36690
50183
36688
36691
36692
36694
36753
36690
36691
50186
36692
36696
37380
50187
36692
36698
36695
36697
50190
36695
36698
36699
36700
36754
36697
36698
50193
36699
36701
37381
50194
36699
36702
36702
36702
36705
36706
36705
36707
36708
36757
50196
36708
37382
50198
36708
36760
37383
36761
37384
50200
36711
36713
36711
36714
36715
36713
36714
36715
36719
37388
36715
36774
37389
37390
36720
36718
36721
36722
36723
36778
36720
37395
36722
36781
37396
36725
36782
37397
36724
36725
36726
36727
50209
36726
37402
50212
36729
37403
50213
36728
36729
36730
36732
50216
36730
37406
50219
36736
37407
50220
36735
36733
36736
36737
36785
36735
36741
37410
36737
36788
37411
36789
37412
36740
36742
36740
36743
36744
36792
36742
36743
36744
37417
36744
37418
36796
37419
36747
36749
50204
36750
36806
36749
50206
36750
36809
37424
50208
36810
37425
36756
36758
36815
36762
36817
37429
36759
36761
36759
36762
36763
36819
36761
36762
36763
37431
36763
36822
37432
36823
37433
36766
36768
36766
36769
36770
36768
36769
36770
36774
37438
36770
36836
37439
37440
36773
36775
36773
36776
36777
36779
36840
36777
36781
37445
36777
36843
37446
36783
36844
37447
36780
36782
36780
36783
36784
50210
36782
36783
36784
37452
50212
36784
37453
37454
50214
36787
36789
36787
36790
50218
36791
36793
36789
36790
50220
36791
36795
37459
36791
37460
50222
36797
37461
36796
36794
36797
36798
36847
36797
36802
37466
36798
36850
37467
36851
37468
36801
36803
36801
36804
36805
36854
36803
36804
36805
37473
36805
37474
36858
37475
36808
36810
36808
36811
36812
36813
36868
36810
36811
36812
37480
36812
36871
37481
36814
36872
37482
36814
36876
37487
36816
36817
36818
36820
36878
36818
36822
37489
36824
36880
37490
36821
36823
36821
36824
36825
50223
36823
36824
36825
37493
36825
37494
50226
37495
50227
36828
36830
36828
36831
36832
36834
36882
36830
36831
36832
36836
37500
36832
36885
37501
36838
36886
37502
36835
36837
36838
36839
36841
36889
36838
36839
36843
37507
37508
36845
36891
37509
36842
36844
36842
36845
36846
50230
36844
36845
36846
37514
36846
37515
50233
37516
50234
36849
36851
36849
36852
36853
36855
50237
36851
36852
36853
36857
37521
36853
37522
50240
36859
37523
50241
36856
36858
36859
36860
36862
36859
36860
36864
37528
36894
37529
36866
37530
36863
36865
36863
36866
36867
36896
36865
36866
36867
37535
36867
36899
37536
36900
37537
36870
36872
36870
36873
36874
36875
50244
36872
36873
36874
36876
37542
36874
37543
50247
36877
37544
50248
36877
36877
36904
37549
36879
36880
36881
36906
50224
36881
37552
50226
36908
37553
50228
36884
36886
36884
36887
36888
36910
36886
36887
36888
37556
36888
36913
37557
36914
37558
36890
36891
36892
36917
50231
36892
37563
50233
36919
37564
50235
36895
50239
36895
50241
36922
37567
50243
36898
36900
36898
36901
36902
36924
36900
36901
36902
37570
36902
36927
37571
36928
37572
36905
50246
36905
50248
36932
37577
50250
36907
36908
36909
36934
50252
36909
37580
50254
36936
37581
50256
36912
36914
36912
36915
36916
36945
36914
36915
36916
37584
36916
36948
37585
36949
37586
36918
36919
36920
36952
50259
36920
37591
50261
36956
37592
50263
36923
50267
36923
50269
36976
37595
50271
36926
36928
36926
36929
36930
36980
36928
36929
36930
37598
36930
36983
37599
36984
37600
36933
50274
36933
50276
36995
37605
50278
36935
36936
36937
36939
36997
36937
36941
37608
36943
36998
37609
36940
36942
50253
36940
36943
36944
36999
36942
36943
50256
36944
37612
50257
36944
37002
37613
37003
37614
36947
36949
36947
36950
36951
36953
36949
36950
36951
36955
37619
36951
37620
36957
37621
36954
36956
36957
36958
36960
36957
36958
36962
37626
37009
37627
36964
37628
36961
36963
50260
36961
36964
36965
37013
36963
36964
50263
36965
37633
50264
36965
37016
37634
37017
37635
36968
36970
50267
36968
36971
36972
36974
37034
36970
36971
50270
36972
36976
37640
50271
36972
37037
37641
36978
37038
37642
36975
36977
36978
36979
36981
37041
36978
36979
36983
37647
37648
36985
37045
37649
36982
36984
36982
36985
36986
36984
36985
36986
37654
36986
37655
37656
36989
36991
50274
36989
36992
36993
36994
37048
36991
36992
50277
36993
36995
37661
50278
36993
37051
37662
36996
37052
37663
36996
36996
37055
37668
36998
37002
37671
37001
37003
37001
37004
37005
37056
37003
37004
37005
37673
37005
37058
37674
37059
37675
37008
37010
37008
37011
37012
37014
37010
37011
37012
37680
37012
37681
37018
37682
37015
37017
37018
37019
37021
37017
37019
37023
37687
37064
37688
37025
37689
37022
37024
37022
37025
37026
37068
50280
37024
37025
37026
37694
50282
37026
37071
37695
37072
37696
50284
37029
37031
37029
37032
50288
37033
37035
37081
37031
37032
50290
37033
37037
37701
37033
37084
37702
50292
37039
37085
37703
37038
37039
37040
37042
37088
37038
37039
37708
37709
37046
37092
37710
37043
37045
37043
37046
37047
37045
37046
37047
37715
37047
37716
37717
37050
37052
37050
37053
37054
37095
37052
37053
37054
37055
37722
37054
37097
37723
37098
37724
37057
37059
37060
37100
50294
37059
37060
37730
50296
37101
37731
50298
37063
37065
37063
37066
37067
37069
37065
37066
37067
37735
37067
37736
37073
37737
37072
37070
37073
37074
37109
37072
37076
37742
37074
37112
37743
37113
37744
37077
50281
37077
50284
37079
37749
50285
37080
50288
37080
50291
37084
37752
50292
37085
37083
37086
37087
37089
37130
37085
37755
37087
37133
37756
37093
37134
37757
37090
37092
37090
37093
37094
37092
37093
37094
37762
37094
37763
37764
37098
37099
50302
37098
37099
50304
37769
37144
37770
50306
37101
37105
37774
37104
37106
50295
37104
37107
37108
37145
37106
37107
50298
37108
37776
50299
37108
37777
37146
37778
37111
37113
37111
37114
37115
37117
37113
37114
37115
37119
37783
37115
37784
37121
37785
37118
37120
37118
37121
37122
37124
37120
37121
37122
37126
37790
37122
37791
37128
37792
37125
37127
37125
37128
37129
37131
37127
37128
37129
37133
37797
37129
37798
37135
37799
37132
37134
37132
37135
37136
37134
37135
37136
37804
37136
37805
37806
37139
37141
50302
37139
37142
37143
37141
37142
50305
37143
37144
37811
50306
37143
37161
37812
37813
37146
37150
37819
37149
37151
37149
37152
37153
37162
50308
37151
37152
37153
37821
50310
37153
37822
37163
37823
50312
37156
37158
37156
37159
50316
37160
37158
37159
50318
37160
37161
37828
37160
37202
37829
50320
37830
37163
37166
37836
37165
37167
50309
37168
37170
37167
50312
37168
37172
37838
50313
37174
37839
37171
37173
37171
37174
37175
37177
37203
37173
37174
37175
37179
37843
37175
37844
37181
37204
37845
37178
37180
37178
37181
37182
37205
50322
37180
37181
37182
37850
50324
37182
37206
37851
37207
37852
50326
37185
37187
37185
37188
50330
37189
37191
37214
37187
37188
50332
37189
37193
37857
37189
37215
37858
50334
37195
37216
37859
37192
37194
37192
37195
37196
37198
37194
37195
37196
37199
37864
37196
37217
37865
37201
37866
37200
50316
37201
37200
37201
50319
37202
37871
50320
37872
37204
37206
37877
37207
37207
37209
37879
37210
50323
37210
50326
37212
37882
50327
37213
50330
37213
50333
37215
37885
50334
37216
37216
37217
37888
37219
37220
37246
37222
37250
37892
37221
37222
37223
37224
37253
37223
37256
37894
37226
37257
37895
37225
37226
37227
37228
50335
37227
37898
50338
37230
37899
50339
37229
37230
37231
37232
50342
37231
37902
50345
37234
37903
50346
37233
37234
37235
37236
37260
37235
37263
37906
37237
37264
37907
37237
37270
37910
37239
37241
37297
37244
37301
37912
37242
37243
37242
37244
37245
37247
50349
37245
37249
37914
37245
37915
50352
37251
37916
50353
37248
37250
37248
37251
37252
37254
37250
37251
37252
37256
37920
37252
37921
37258
37922
37255
37257
37255
37258
37259
50336
37257
37258
37259
37927
50338
37259
37928
37929
50340
37262
37264
37262
37265
50344
37266
37268
37264
37265
50346
37266
37270
37934
37266
37935
50348
37272
37936
37269
37271
37269
37272
37273
37274
37271
37272
37273
37276
37941
37273
37942
37277
37943
37275
37277
37278
37279
50356
37277
37278
37948
50359
37281
37949
50360
37280
37281
37282
37304
37307
37953
37283
37284
37311
37285
37286
37315
37287
37288
37318
37289
37290
37321
37291
37292
37324
37293
37294
37327
37296
37298
37333
37302
37337
37955
37299
37301
37299
37302
37303
50350
37301
37302
37303
37957
50352
37303
37958
37959
50354
37306
37308
37306
37309
50358
37310
37312
37308
37309
50360
37310
37964
37310
37965
50362
37314
37966
37313
50157
37313
37314
50158
37316
37368
50159
37371
37971
37317
50164
37317
50165
37319
37375
50166
37320
50171
37320
50172
37322
37378
50173
37323
50178
37323
50179
37325
37379
50180
37326
50185
37326
50186
37328
37380
50187
37329
50192
37329
50193
37330
37381
50194
37332
37334
37382
37338
37385
37973
37335
37337
37335
37338
37339
50363
37337
37338
37339
37975
37339
37976
50366
37977
50367
37342
37344
37342
37345
37346
37348
37395
37344
37345
37346
37350
37982
37346
37398
37983
37352
37399
37984
37349
37351
37349
37352
37353
37355
37351
37352
37353
37357
37989
37353
37990
37359
37991
37356
37358
37356
37359
37360
37362
37358
37359
37360
37364
37996
37360
37997
37366
37998
37363
37365
37363
37366
37367
37410
37365
37366
37367
38003
37367
37413
38004
37414
38005
37370
37372
37370
37373
37374
37376
50370
37372
37373
37374
38010
37374
38011
50373
37377
38012
50374
37377
37426
38017
37384
37385
37384
37386
37387
37431
50364
37387
38019
50366
37387
37434
38020
37435
38021
50368
37390
37392
37390
37393
37394
37392
37393
37394
37398
38025
37394
37448
38026
38027
37399
37397
37400
37401
37402
37452
37399
38032
37401
37455
38033
37404
37456
38034
37403
37404
37405
37406
50377
37405
38039
50380
37408
38040
50381
37407
37408
37409
37411
50384
37409
38043
50387
37415
38044
50388
37414
37412
37415
37416
37459
37414
37420
38047
37416
37462
38048
37463
38049
37419
37421
37419
37422
37423
37466
37421
37422
37423
38054
37423
38055
37470
38056
37425
37427
50372
37428
37480
37427
50374
37428
37483
38061
50376
37484
38062
37430
37432
37489
37436
37491
38066
37433
37435
37433
37436
37437
37493
37435
37436
37437
38068
37437
37496
38069
37497
38070
37440
37442
37440
37443
37444
37442
37443
37444
37448
38075
37444
37510
38076
38077
37447
37449
37447
37450
37451
37453
37514
37451
37455
38082
37451
37517
38083
37457
37518
38084
37454
37456
37454
37457
37458
50378
37456
37457
37458
38089
50380
37458
38090
38091
50382
37461
37463
37461
37464
50386
37465
37467
37463
37464
50388
37465
37469
38096
37465
38097
50390
37471
38098
37470
37468
37471
37472
37521
37471
37476
38103
37472
37524
38104
37525
38105
37475
37477
37475
37478
37479
37528
37477
37478
37479
38110
37479
38111
37532
38112
37482
37484
37482
37485
37486
37487
37542
37484
37485
37486
38117
37486
37545
38118
37488
37546
38119
37488
37550
38124
37490
37491
37492
37494
37552
37492
37496
38126
37498
37554
38127
37495
37497
37495
37498
37499
50391
37497
37498
37499
38130
37499
38131
50394
38132
50395
37502
37504
37502
37505
37506
37508
37556
37504
37505
37506
37510
38137
37506
37559
38138
37512
37560
38139
37509
37511
37512
37513
37515
37563
37512
37513
37517
38144
38145
37519
37565
38146
37516
37518
37516
37519
37520
50398
37518
37519
37520
38151
37520
38152
50401
38153
50402
37523
37525
37523
37526
37527
37529
50405
37525
37526
37527
37531
38158
37527
38159
50408
37533
38160
50409
37530
37532
37533
37534
37536
37533
37534
37538
38165
37568
38166
37540
38167
37537
37539
37537
37540
37541
37570
37539
37540
37541
38172
37541
37573
38173
37574
38174
37544
37546
37544
37547
37548
37549
50412
37546
37547
37548
37550
38179
37548
38180
50415
37551
38181
50416
37551
37551
37578
38186
37553
37554
37555
37580
50392
37555
38189
50394
37582
38190
50396
37558
37560
37558
37561
37562
37584
37560
37561
37562
38193
37562
37587
38194
37588
38195
37564
37565
37566
37591
50399
37566
38200
50401
37593
38201
50403
37569
50407
37569
50409
37596
38204
50411
37572
37574
37572
37575
37576
37598
37574
37575
37576
38207
37576
37601
38208
37602
38209
37579
50414
37579
50416
37606
38214
50418
37581
37582
37583
37608
50420
37583
38217
50422
37610
38218
50424
37586
37588
37586
37589
37590
37619
37588
37589
37590
38221
37590
37622
38222
37623
38223
37592
37593
37594
37626
50427
37594
38228
50429
37630
38229
50431
37597
50435
37597
50437
37650
38232
50439
37600
37602
37600
37603
37604
37654
37602
37603
37604
38235
37604
37657
38236
37658
38237
37607
50442
37607
50444
37669
38242
50446
37609
37610
37611
37613
37671
37611
37615
38245
37617
37672
38246
37614
37616
50421
37614
37617
37618
37673
37616
37617
50424
37618
38249
50425
37618
37676
38250
37677
38251
37621
37623
37621
37624
37625
37627
37623
37624
37625
37629
38256
37625
38257
37631
38258
37628
37630
37631
37632
37634
37631
37632
37636
38263
37683
38264
37638
38265
37635
37637
50428
37635
37638
37639
37687
37637
37638
50431
37639
38270
50432
37639
37690
38271
37691
38272
37642
37644
50435
37642
37645
37646
37648
37708
37644
37645
50438
37646
37650
38277
50439
37646
37711
38278
37652
37712
38279
37649
37651
37652
37653
37655
37715
37652
37653
37657
38284
38285
37659
37719
38286
37656
37658
37656
37659
37660
37658
37659
37660
38291
37660
38292
38293
37663
37665
50442
37663
37666
37667
37668
37722
37665
37666
50445
37667
37669
38298
50446
37667
37725
38299
37670
37726
38300
37670
37670
37729
38305
37672
37676
38308
37675
37677
37675
37678
37679
37730
37677
37678
37679
38310
37679
37732
38311
37733
38312
37682
37684
37682
37685
37686
37688
37684
37685
37686
38317
37686
38318
37692
38319
37689
37691
37692
37693
37695
37691
37693
37697
38324
37738
38325
37699
38326
37696
37698
37696
37699
37700
37742
50448
37698
37699
37700
38331
50450
37700
37745
38332
37746
38333
50452
37703
37705
37703
37706
50456
37707
37709
37755
37705
37706
50458
37707
37711
38338
37707
37758
38339
50460
37713
37759
38340
37712
37713
37714
37716
37762
37712
37713
38345
38346
37720
37766
38347
37717
37719
37717
37720
37721
37719
37720
37721
38352
37721
38353
38354
37724
37726
37724
37727
37728
37769
37726
37727
37728
37729
38359
37728
37771
38360
37772
38361
37731
37733
37734
37774
50462
37733
37734
38367
50464
37775
38368
50466
37737
37739
37737
37740
37741
37743
37739
37740
37741
38372
37741
38373
37747
38374
37746
37744
37747
37748
37783
37746
37750
38379
37748
37786
38380
37787
38381
37751
50449
37751
50452
37753
38386
50453
37754
50456
37754
50459
37758
38389
50460
37759
37757
37760
37761
37763
37804
37759
38392
37761
37807
38393
37767
37808
38394
37764
37766
37764
37767
37768
37766
37767
37768
38399
37768
38400
38401
37772
37773
50470
37772
37773
50472
38406
37818
38407
50474
37775
37779
38411
37778
37780
50463
37778
37781
37782
37819
37780
37781
50466
37782
38413
50467
37782
38414
37820
38415
37785
37787
37785
37788
37789
37791
37787
37788
37789
37793
38420
37789
38421
37795
38422
37792
37794
37792
37795
37796
37798
37794
37795
37796
37800
38427
37796
38428
37802
38429
37799
37801
37799
37802
37803
37805
37801
37802
37803
37807
38434
37803
38435
37809
38436
37806
37808
37806
37809
37810
37808
37809
37810
38441
37810
38442
38443
37813
37815
50470
37813
37816
37817
37815
37816
50473
37817
37818
38448
50474
37817
37835
38449
38450
37820
37824
38456
37823
37825
37823
37826
37827
37836
50476
37825
37826
37827
38458
50478
37827
38459
37837
38460
50480
37830
37832
37830
37833
50484
37834
37832
37833
50486
37834
37835
38465
37834
37876
38466
50488
38467
37837
37840
38473
37839
37841
50477
37842
37844
37841
50480
37842
37846
38475
50481
37848
38476
37845
37847
37845
37848
37849
37851
37877
37847
37848
37849
37853
38480
37849
38481
37855
37878
38482
37852
37854
37852
37855
37856
37879
50490
37854
37855
37856
38487
50492
37856
37880
38488
37881
38489
50494
37859
37861
37859
37862
50498
37863
37865
37888
37861
37862
50500
37863
37867
38494
37863
37889
38495
50502
37869
37890
38496
37866
37868
37866
37869
37870
37872
37868
37869
37870
37873
38501
37870
37891
38502
37875
38503
37874
50484
37875
37874
37875
50487
37876
38508
50488
38509
37878
37880
38514
37881
37881
37883
38516
37884
50491
37884
50494
37886
38519
50495
37887
50498
37887
50501
37889
38522
50502
37890
37890
37891
38525
37893
37894
37920
37896
37924
38529
37895
37896
37897
37898
37927
37897
37930
38531
37900
37931
38532
37899
37900
37901
37902
50503
37901
38535
50506
37904
38536
50507
37903
37904
37905
37906
50510
37905
38539
50513
37908
38540
50514
37907
37908
37909
37910
37934
37909
37937
38543
37911
37938
38544
37911
37944
38547
37913
37915
37957
37918
37961
38549
37916
37917
37916
37918
37919
37921
50517
37919
37923
38551
37919
38552
50520
37925
38553
50521
37922
37924
37922
37925
37926
37928
37924
37925
37926
37930
38557
37926
38558
37932
38559
37929
37931
37929
37932
37933
50504
37931
37932
37933
38564
50506
37933
38565
38566
50508
37936
37938
37936
37939
50512
37940
37942
37938
37939
50514
37940
37944
38585
37940
38586
50516
37946
38587
37943
37945
37943
37946
37947
37948
37945
37946
37947
37950
38592
37947
38593
37951
38594
37949
37951
37952
37953
50524
37951
37952
38599
50527
37954
38600
50528
37954
37967
38604
37956
37958
37975
37962
37979
38606
37959
37961
37959
37962
37963
50518
37961
37962
37963
38608
50520
37963
38609
38610
50522
37966
37968
37966
37969
50526
37970
37971
37968
37969
50528
37970
38671
37970
38672
50530
37972
38673
37972
38013
38678
37974
37976
38019
37980
38022
38680
37977
37979
37977
37980
37981
50531
37979
37980
37981
38682
37981
38683
50534
38684
50535
37984
37986
37984
37987
37988
37990
38032
37986
37987
37988
37992
38710
37988
38035
38711
37994
38036
38712
37991
37993
37991
37994
37995
37997
37993
37994
37995
37999
38717
37995
38718
38001
38719
37998
38000
37998
38001
38002
38004
38000
38001
38002
38006
38724
38002
38725
38008
38726
38005
38007
38005
38008
38009
38047
38007
38008
38009
38731
38009
38050
38732
38051
38733
38012
38014
38012
38015
38016
38017
50538
38014
38015
38016
38759
38016
38760
50541
38018
38761
50542
38018
38063
38766
38021
38022
38021
38023
38024
38068
50532
38024
38768
50534
38024
38071
38769
38072
38770
50536
38027
38029
38027
38030
38031
38029
38030
38031
38035
38795
38031
38085
38796
38797
38036
38034
38037
38038
38039
38089
38036
38802
38038
38092
38803
38041
38093
38804
38040
38041
38042
38043
50545
38042
38809
50548
38045
38810
50549
38044
38045
38046
38048
50552
38046
38813
50555
38052
38814
50556
38051
38049
38052
38053
38096
38051
38057
38817
38053
38099
38818
38100
38819
38056
38058
38056
38059
38060
38103
38058
38059
38060
38824
38060
38825
38107
38826
38062
38064
50540
38065
38117
38064
50542
38065
38120
38852
50544
38121
38853
38067
38069
38126
38073
38128
38857
38070
38072
38070
38073
38074
38130
38072
38073
38074
38859
38074
38133
38860
38134
38861
38077
38079
38077
38080
38081
38079
38080
38081
38085
38880
38081
38147
38881
38882
38084
38086
38084
38087
38088
38090
38151
38088
38092
38887
38088
38154
38888
38094
38155
38889
38091
38093
38091
38094
38095
50546
38093
38094
38095
38894
50548
38095
38895
38896
50550
38098
38100
38098
38101
50554
38102
38104
38100
38101
50556
38102
38106
38901
38102
38902
50558
38108
38903
38107
38105
38108
38109
38158
38108
38113
38908
38109
38161
38909
38162
38910
38112
38114
38112
38115
38116
38165
38114
38115
38116
38915
38116
38916
38169
38917
38119
38121
38119
38122
38123
38124
38179
38121
38122
38123
38936
38123
38182
38937
38125
38183
38938
38125
38187
38943
38127
38128
38129
38131
38189
38129
38133
38945
38135
38191
38946
38132
38134
38132
38135
38136
50559
38134
38135
38136
38949
38136
38950
50562
38951
50563
38139
38141
38139
38142
38143
38145
38193
38141
38142
38143
38147
38963
38143
38196
38964
38149
38197
38965
38146
38148
38149
38150
38152
38200
38149
38150
38154
38970
38971
38156
38202
38972
38153
38155
38153
38156
38157
50566
38155
38156
38157
38977
38157
38978
50569
38979
50570
38160
38162
38160
38163
38164
38166
50573
38162
38163
38164
38168
38984
38164
38985
50576
38170
38986
50577
38167
38169
38170
38171
38173
38170
38171
38175
38991
38205
38992
38177
38993
38174
38176
38174
38177
38178
38207
38176
38177
38178
38998
38178
38210
38999
38211
39000
38181
38183
38181
38184
38185
38186
50580
38183
38184
38185
38187
39012
38185
39013
50583
38188
39014
50584
38188
38188
38215
39019
38190
38191
38192
38217
50560
38192
39022
50562
38219
39023
50564
38195
38197
38195
38198
38199
38221
38197
38198
38199
39040
38199
38224
39041
38225
39042
38201
38202
38203
38228
50567
38203
39047
50569
38230
39048
50571
38206
50575
38206
50577
38233
39051
50579
38209
38211
38209
38212
38213
38235
38211
38212
38213
39054
38213
38238
39055
38239
39056
38216
50582
38216
50584
38243
39075
50586
38218
38219
38220
38245
50588
38220
39078
50590
38247
39079
50592
38223
38225
38223
38226
38227
38256
38225
38226
38227
39096
38227
38259
39097
38260
39098
38229
38230
38231
38263
50595
38231
39103
50597
38267
39104
50599
38234
50603
38234
50605
38287
39107
50607
38237
38239
38237
38240
38241
38291
38239
38240
38241
39110
38241
38294
39111
38295
39112
38244
50610
38244
50612
38306
39131
50614
38246
38247
38248
38250
38308
38248
38252
39134
38254
38309
39135
38251
38253
50589
38251
38254
38255
38310
38253
38254
50592
38255
39138
50593
38255
38313
39139
38314
39140
38258
38260
38258
38261
38262
38264
38260
38261
38262
38266
39152
38262
39153
38268
39154
38265
38267
38268
38269
38271
38268
38269
38273
39159
38320
39160
38275
39161
38272
38274
50596
38272
38275
38276
38324
38274
38275
50599
38276
39166
50600
38276
38327
39167
38328
39168
38279
38281
50603
38279
38282
38283
38285
38345
38281
38282
50606
38283
38287
39173
50607
38283
38348
39174
38289
38349
39175
38286
38288
38289
38290
38292
38352
38289
38290
38294
39180
39181
38296
38356
39182
38293
38295
38293
38296
38297
38295
38296
38297
39187
38297
39188
39189
38300
38302
50610
38300
38303
38304
38305
38359
38302
38303
50613
38304
38306
39201
50614
38304
38362
39202
38307
38363
39203
38307
38307
38366
39208
38309
38313
39211
38312
38314
38312
38315
38316
38367
38314
38315
38316
39213
38316
38369
39214
38370
39215
38319
38321
38319
38322
38323
38325
38321
38322
38323
39234
38323
39235
38329
39236
38326
38328
38329
38330
38332
38328
38330
38334
39241
38375
39242
38336
39243
38333
38335
38333
38336
38337
38379
50616
38335
38336
38337
39248
50618
38337
38382
39249
38383
39250
50620
38340
38342
38340
38343
50624
38344
38346
38392
38342
38343
50626
38344
38348
39255
38344
38395
39256
50628
38350
38396
39257
38349
38350
38351
38353
38399
38349
38350
39262
39263
38357
38403
39264
38354
38356
38354
38357
38358
38356
38357
38358
39269
38358
39270
39271
38361
38363
38361
38364
38365
38406
38363
38364
38365
38366
39290
38365
38408
39291
38409
39292
38368
38370
38371
38411
50630
38370
38371
39298
50632
38412
39299
50634
38374
38376
38374
38377
38378
38380
38376
38377
38378
39324
38378
39325
38384
39326
38383
38381
38384
38385
38420
38383
38387
39331
38385
38423
39332
38424
39333
38388
50617
38388
50620
38390
39338
50621
38391
50624
38391
50627
38395
39341
50628
38396
38394
38397
38398
38400
38441
38396
39344
38398
38444
39345
38404
38445
39346
38401
38403
38401
38404
38405
38403
38404
38405
39351
38405
39352
39353
38409
38410
50638
38409
38410
50640
39379
38455
39380
50642
38412
38416
39384
38415
38417
50631
38415
38418
38419
38456
38417
38418
50634
38419
39386
50635
38419
39387
38457
39388
38422
38424
38422
38425
38426
38428
38424
38425
38426
38430
39414
38426
39415
38432
39416
38429
38431
38429
38432
38433
38435
38431
38432
38433
38437
39421
38433
39422
38439
39423
38436
38438
38436
38439
38440
38442
38438
38439
38440
38444
39428
38440
39429
38446
39430
38443
38445
38443
38446
38447
38445
38446
38447
39435
38447
39436
39437
38450
38452
50638
38450
38453
38454
38452
38453
50641
38454
38455
39463
50642
38454
38472
39464
39465
38457
38461
39471
38460
38462
38460
38463
38464
38473
50644
38462
38463
38464
39473
50646
38464
39474
38474
39475
50648
38467
38469
38467
38470
50652
38471
38469
38470
50654
38471
38472
39536
38471
38513
39537
50656
39538
38474
38477
39544
38476
38478
50645
38479
38481
38478
50648
38479
38483
39546
50649
38485
39547
38482
38484
38482
38485
38486
38488
38514
38484
38485
38486
38490
39551
38486
39552
38492
38515
39553
38489
38491
38489
38492
38493
38516
50658
38491
38492
38493
39558
50660
38493
38517
39559
38518
39560
50662
38496
38498
38496
38499
50666
38500
38502
38525
38498
38499
50668
38500
38504
39579
38500
38526
39580
50670
38506
38527
39581
38503
38505
38503
38506
38507
38509
38505
38506
38507
38510
39586
38507
38528
39587
38512
39588
38511
50652
38512
38511
38512
50655
38513
39593
50656
39594
38515
38517
39599
38518
38518
38520
39601
38521
50659
38521
50662
38523
39604
50663
38524
50666
38524
50669
38526
39607
50670
38527
38527
38528
39610
38530
38531
38557
38533
38561
38532
38533
38534
38535
38564
38534
38567
38537
38568
38536
38537
38538
38539
38571
38538
38574
38541
38575
38540
38541
38542
38543
38578
38542
38581
38545
38582
38544
38545
38546
38547
38585
38546
38588
38548
38589
38548
38595
38550
38552
38608
38555
38612
38553
38554
38553
38555
38556
38558
38615
38556
38560
38556
38618
38562
38619
38559
38561
38559
38562
38563
38565
38622
38561
38562
38563
38567
38563
38625
38569
38626
38566
38568
38566
38569
38570
38572
38629
38568
38569
38570
38574
38570
38632
38576
38633
38573
38575
50507
38573
38576
50508
38577
38579
38636
50509
38575
38576
38577
38581
38577
38639
38583
38640
38580
38582
50514
38580
38583
50515
38584
38586
38643
50516
38582
38583
38584
38588
38584
38646
38590
38647
38587
38589
38587
38590
38591
38593
38650
38589
38590
38591
38595
38591
38653
38597
38654
38594
38596
38594
38597
38598
38599
38657
38596
38597
38598
38601
38598
38660
38602
38661
38600
38602
38603
38604
38664
38602
38603
38667
38605
38668
38605
38674
38607
38609
38682
38613
38686
38610
38612
38610
38613
38614
38616
38689
38612
38613
38614
38618
38614
38692
38620
38693
38617
38619
50521
38617
38620
50522
38621
38623
38696
50523
38619
38620
38621
38625
38621
38699
38627
38700
38624
38626
38624
38627
38628
38630
38703
38626
38627
38628
38632
38628
38706
38634
38707
38631
38633
38631
38634
38635
38637
38710
38633
38634
38635
38639
38635
38713
38641
38714
38638
38640
38638
38641
38642
38644
38717
38640
38641
38642
38646
38642
38720
38648
38721
38645
38647
38645
38648
38649
38651
38724
38647
38648
38649
38653
38649
38727
38655
38728
38652
38654
38652
38655
38656
38658
38731
38654
38655
38656
38660
38656
38734
38662
38735
38659
38661
38659
38662
38663
38665
38738
38661
38662
38663
38667
38663
38741
38669
38742
38666
38668
50528
38666
38669
50529
38670
38672
38745
50530
38668
38669
38670
38674
38670
38748
38676
38749
38673
38675
38673
38676
38677
38678
38752
38675
38676
38677
38677
38755
38679
38756
38679
38762
38681
38683
38768
38687
38771
38684
38686
38684
38687
38688
38690
38774
38686
38687
38688
38692
38688
38777
38694
38778
38691
38693
38691
38694
38695
38697
38781
38693
38694
38695
38699
38695
38784
38701
38785
38698
38700
38698
38701
38702
38704
38788
38700
38701
38702
38706
38702
38791
38708
38792
38705
38707
38705
38708
38709
38711
38795
38707
38708
38709
38713
38709
38798
38715
38799
38712
38714
38712
38715
38716
38718
38802
38714
38715
38716
38720
38716
38805
38722
38806
38719
38721
38719
38722
38723
38725
38721
38722
38723
38727
38723
38729
38726
38728
38726
38729
38730
38732
38728
38729
38730
38734
38730
38736
38733
38735
38733
38736
38737
38739
38817
38735
38736
38737
38741
38737
38820
38743
38821
38740
38742
38740
38743
38744
38746
38824
38742
38743
38744
38748
38744
38827
38750
38828
38747
38749
38747
38750
38751
38753
38831
38749
38750
38751
38755
38751
38834
38757
38835
38754
38756
38754
38757
38758
38760
38838
38756
38757
38758
38762
38758
38841
38764
38842
38761
38763
38761
38764
38765
38766
38845
38763
38764
38765
38765
38848
38767
38849
38767
38854
38770
38771
38770
38772
38773
38775
38859
38773
38777
38773
38862
38779
38863
38776
38778
50535
38776
38779
50536
38780
38782
38866
50537
38778
38779
38780
38784
38780
38869
38786
38870
38783
38785
38783
38786
38787
38789
38873
38785
38786
38787
38791
38787
38876
38793
38877
38790
38792
38790
38793
38794
38796
38880
38792
38793
38794
38798
38794
38883
38800
38884
38797
38799
38797
38800
38801
38799
38800
38801
38805
38801
38890
38806
38804
38807
38808
38809
38894
38806
38808
38897
39614
38811
38898
39615
38810
38811
38812
38813
50671
38812
39618
50674
38815
39619
50675
38814
38815
38816
38818
50678
38816
39622
50681
38822
39623
50682
38821
38819
38822
38823
38901
38821
38827
38823
38904
39626
38905
39627
38826
38828
38826
38829
38830
38832
38908
38828
38829
38830
38834
38830
38836
38912
38833
38835
38833
38836
38837
38839
38915
38835
38836
38837
38841
38837
38918
38843
38919
38840
38842
38840
38843
38844
38846
38922
38842
38843
38844
38848
38844
38925
38850
38926
38847
38849
50542
38847
38850
50543
38851
38852
38929
50544
38849
38850
38851
38854
38851
38932
38855
38933
38853
38855
38856
38936
38855
38856
38939
38940
38858
38860
38945
38864
38947
38861
38863
38861
38864
38865
38867
38949
38863
38864
38865
38869
38865
38952
38871
38953
38868
38870
38868
38871
38872
38874
38956
38870
38871
38872
38876
38872
38959
38878
38960
38875
38877
38875
38878
38879
38881
38963
38877
38878
38879
38883
38879
38966
38885
38967
38882
38884
38882
38885
38886
38884
38885
38886
38890
38886
38973
38889
38891
38889
38892
38893
38895
38977
38893
38897
39630
38893
38980
39631
38899
38981
39632
38896
38898
38896
38899
38900
50672
38898
38899
38900
39636
50674
38900
39637
39638
50676
38903
38905
38903
38906
50680
38907
38909
38905
38906
50682
38907
38911
39643
38907
39644
50684
38913
39645
38912
38910
38913
38914
38984
38913
38918
38914
38987
39650
38988
39651
38917
38919
38917
38920
38921
38923
38991
38919
38920
38921
38925
38921
38927
38995
38924
38926
38924
38927
38928
38930
38998
38926
38927
38928
38932
38928
39001
38934
39002
38931
38933
38931
38934
38935
38937
39005
38933
38934
38935
38939
38935
39008
38941
39009
38938
38940
38938
38941
38942
38943
39012
38940
38941
38942
38942
39015
38944
39016
38944
39020
38946
38947
38948
38950
39022
38948
38952
38954
39024
38951
38953
38951
38954
38955
38957
39026
38953
38954
38955
38959
38955
39029
38961
39030
38958
38960
38958
38961
38962
38964
39033
38960
38961
38962
38966
38962
39036
38968
39037
38965
38967
38965
38968
38969
38971
39040
38967
38968
38969
38973
38969
39043
38975
39044
38972
38974
38975
38976
38978
39047
38975
38976
38980
39655
38982
39049
39656
38979
38981
38979
38982
38983
50685
38981
38982
38983
39659
38983
39660
50688
39661
50689
38986
38988
38986
38989
38990
38992
50692
38988
38989
38990
38994
39666
38990
39667
50695
38996
39668
50696
38993
38995
38996
38997
38999
38996
38997
39001
39052
39673
39003
39000
39002
39000
39003
39004
39006
39054
39002
39003
39004
39008
39004
39057
39010
39058
39007
39009
39007
39010
39011
39013
39061
39009
39010
39011
39015
39011
39064
39017
39065
39014
39016
39014
39017
39018
39019
39068
39016
39017
39018
39020
39018
39071
39021
39072
39021
39021
39076
39023
39024
39025
39027
39078
39025
39029
39031
39080
39028
39030
50563
39028
39031
50564
39032
39034
39082
50565
39030
39031
39032
39036
39032
39085
39038
39086
39035
39037
39035
39038
39039
39041
39089
39037
39038
39039
39043
39039
39092
39045
39093
39042
39044
39042
39045
39046
39096
39044
39045
39046
39046
39099
39100
39048
39049
39050
39103
50686
39050
39676
50688
39105
39677
50690
39053
50694
39053
50696
39108
39680
50698
39056
39058
39056
39059
39060
39062
39110
39058
39059
39060
39064
39060
39113
39066
39114
39063
39065
39063
39066
39067
39069
39117
39065
39066
39067
39071
39067
39120
39073
39121
39070
39072
50584
39070
39073
50585
39074
39075
39124
50586
39072
39073
39074
39076
39074
39127
39077
39128
39077
39077
39132
39079
39080
39081
39083
39134
39081
39085
39087
39136
39084
39086
50591
39084
39087
50592
39088
39090
39138
50593
39086
39087
39088
39092
39088
39141
39094
39142
39091
39093
39091
39094
39095
39097
39145
39093
39094
39095
39099
39095
39148
39101
39149
39098
39100
39098
39101
39102
39152
39100
39101
39102
39102
39155
39156
39104
39105
39106
39159
50700
39106
39683
50702
39163
39684
50704
39109
50708
39109
50710
39183
39687
50712
39112
39114
39112
39115
39116
39118
39187
39114
39115
39116
39120
39116
39190
39122
39191
39119
39121
39119
39122
39123
39125
39194
39121
39122
39123
39127
39123
39197
39129
39198
39126
39128
50612
39126
39129
50613
39130
39131
39201
50614
39128
39129
39130
39132
39130
39204
39133
39205
39133
39133
39209
39135
39136
39137
39139
39211
39137
39141
39143
39212
39140
39142
39140
39143
39144
39146
39213
39142
39143
39144
39148
39144
39216
39150
39217
39147
39149
39147
39150
39151
39153
39220
39149
39150
39151
39155
39151
39223
39157
39224
39154
39156
39154
39157
39158
39160
39227
39156
39157
39158
39162
39158
39230
39164
39231
39161
39163
39164
39165
39167
39164
39165
39169
39690
39237
39171
39691
39168
39170
50701
39168
39171
39172
39241
39170
39171
50704
39172
39694
50705
39172
39244
39695
39245
39696
39175
39177
50708
39175
39178
39179
39181
39262
39177
39178
50711
39179
39183
39701
50712
39179
39265
39702
39185
39266
39703
39182
39184
39185
39186
39188
39269
39185
39186
39190
39708
39192
39273
39189
39191
39189
39192
39193
39195
39276
39191
39192
39193
39197
39193
39279
39199
39280
39196
39198
39196
39199
39200
39202
39283
39198
39199
39200
39204
39200
39286
39206
39287
39203
39205
39203
39206
39207
39208
39290
39205
39206
39207
39209
39207
39293
39210
39294
39210
39210
39297
39212
39216
39215
39217
39215
39218
39219
39221
39298
39217
39218
39219
39223
39219
39300
39225
39301
39222
39224
39222
39225
39226
39228
39303
39224
39225
39226
39230
39226
39306
39232
39307
39229
39231
39229
39232
39233
39235
39310
39231
39232
39233
39237
39233
39313
39239
39314
39236
39238
39236
39239
39240
39242
39317
39238
39239
39240
39240
39320
39246
39321
39243
39245
39246
39247
39249
39245
39247
39251
39711
39327
39253
39712
39250
39252
39250
39253
39254
39331
50714
39252
39253
39254
39716
50716
39254
39334
39717
39335
39718
50718
39257
39259
39257
39260
50722
39261
39263
39344
39259
39260
50724
39261
39265
39723
39261
39347
39724
50726
39267
39348
39725
39266
39267
39268
39270
39351
39266
39267
39730
39731
39274
39355
39271
39273
39271
39274
39275
39277
39358
39273
39274
39275
39279
39275
39361
39281
39362
39278
39280
39278
39281
39282
39284
39365
39280
39281
39282
39286
39282
39368
39288
39369
39285
39287
39285
39288
39289
39291
39372
39287
39288
39289
39293
39289
39375
39295
39376
39292
39294
39292
39295
39296
39379
39294
39295
39296
39297
39296
39381
39382
39299
39301
39302
39304
39384
39301
39302
39306
39308
39385
39305
39307
50633
39305
39308
50634
39309
39311
39386
50635
39307
39308
39309
39313
39309
39389
39315
39390
39312
39314
39312
39315
39316
39318
39393
39314
39315
39316
39320
39316
39396
39322
39397
39319
39321
39319
39322
39323
39325
39400
39321
39322
39323
39327
39323
39403
39329
39404
39326
39328
39326
39329
39330
39332
39407
39328
39329
39330
39330
39410
39336
39411
39335
39333
39336
39337
39414
39335
39339
39735
39337
39417
39418
39340
50715
39340
50718
39342
39738
50719
39343
50722
39343
50725
39347
39741
50726
39348
39346
39349
39350
39352
39435
39348
39744
39350
39438
39356
39439
39353
39355
39353
39356
39357
39359
39442
39355
39356
39357
39361
39357
39445
39363
39446
39360
39362
39360
39363
39364
39366
39449
39362
39363
39364
39368
39364
39452
39370
39453
39367
39369
39367
39370
39371
39373
39456
39369
39370
39371
39375
39371
39459
39377
39460
39374
39376
50640
39374
39377
50641
39378
39380
39463
50642
39376
39377
39378
39381
39378
39466
39383
39467
39382
39383
39382
39383
39470
39385
39389
39388
39390
39388
39391
39392
39394
39471
39390
39391
39392
39396
39392
39398
39472
39395
39397
39395
39398
39399
39401
39473
39397
39398
39399
39403
39399
39476
39405
39477
39402
39404
39402
39405
39406
39408
39480
39404
39405
39406
39410
39406
39483
39412
39484
39409
39411
39409
39412
39413
39415
39487
39411
39412
39413
39417
39413
39490
39419
39491
39416
39418
39416
39419
39420
39422
39494
39418
39419
39420
39424
39420
39497
39426
39498
39423
39425
39423
39426
39427
39429
39501
39425
39426
39427
39431
39427
39504
39433
39505
39430
39432
39430
39433
39434
39436
39508
39432
39433
39434
39438
39434
39511
39440
39512
39437
39439
39437
39440
39441
39443
39515
39439
39440
39441
39445
39441
39518
39447
39519
39444
39446
39444
39447
39448
39450
39522
39446
39447
39448
39452
39448
39525
39454
39526
39451
39453
39451
39454
39455
39457
39529
39453
39454
39455
39459
39455
39532
39461
39533
39458
39460
39458
39461
39462
39464
39536
39460
39461
39462
39466
39462
39539
39468
39540
39465
39467
39465
39468
39469
39467
39468
39469
39470
39469
39543
39472
39476
39475
39477
39475
39478
39479
39481
39544
39477
39478
39479
39483
39479
39485
39545
39482
39484
50647
39482
39485
50648
39486
39488
39546
50649
39484
39485
39486
39490
39486
39548
39492
39549
39489
39491
39489
39492
39493
39495
39551
39491
39492
39493
39497
39493
39554
39499
39555
39496
39498
39496
39499
39500
39502
39558
39498
39499
39500
39504
39500
39561
39506
39562
39503
39505
39503
39506
39507
39509
39565
39505
39506
39507
39511
39507
39568
39513
39569
39510
39512
39510
39513
39514
39516
39572
39512
39513
39514
39518
39514
39575
39520
39576
39517
39519
39517
39520
39521
39523
39579
39519
39520
39521
39525
39521
39582
39527
39583
39524
39526
39524
39527
39528
39530
39586
39526
39527
39528
39532
39528
39589
39534
39590
39531
39533
50654
39531
39534
50655
39535
39537
39593
50656
39533
39534
39535
39539
39535
39595
39541
39596
39538
39540
39538
39541
39542
39540
39541
39542
39543
39542
39598
39545
39548
39547
39549
39550
39552
39549
39550
39554
39556
39553
39555
39553
39556
39557
39559
39599
39555
39556
39557
39561
39557
39563
39600
39560
39562
39560
39563
39564
39566
39601
39562
39563
39564
39568
39564
39602
39570
39603
39567
39569
50661
39567
39570
50662
39571
39573
39604
50663
39569
39570
39571
39575
39571
39605
39577
39606
39574
39576
50668
39574
39577
50669
39578
39580
39607
50670
39576
39577
39578
39582
39578
39608
39584
39609
39581
39583
39581
39584
39585
39587
39610
39583
39584
39585
39589
39585
39611
39591
39612
39588
39590
39588
39591
39592
39594
39590
39591
39592
39595
39592
39613
39597
39596
39597
39596
39597
39598
39600
39602
39603
39603
39605
39606
39606
39608
39609
39609
39611
39612
39612
39613
39615
39616
39617
39618
39636
39617
39639
39747
39620
39640
39748
39619
39620
39621
39622
50727
39621
39751
50730
39624
39752
50731
39623
39624
39625
39626
50734
39625
39755
50737
39628
39756
50738
39627
39628
39629
39643
39629
39646
39759
39647
39760
39632
39633
39632
39634
39635
39637
39659
39635
39639
39763
39635
39662
39764
39641
39663
39765
39638
39640
39638
39641
39642
50728
39640
39641
39642
39769
50730
39642
39770
39771
50732
39645
39647
39645
39648
50736
39649
39650
39647
39648
50738
39649
39652
39776
39649
39777
50740
39653
39778
39651
39653
39654
39666
39653
39654
39669
39783
39670
39784
39656
39657
39658
39660
39676
39658
39662
39788
39664
39678
39789
39661
39663
39661
39664
39665
50741
39663
39664
39665
39792
39665
39793
50744
39794
50745
39668
39670
39668
39671
39672
39673
50748
39670
39671
39672
39674
39799
39672
39800
50751
39675
39801
50752
39675
39675
39681
39806
39677
39678
39679
39683
50742
39679
39809
50744
39685
39810
50746
39682
50750
39682
50752
39688
39813
50754
39684
39685
39686
39690
50756
39686
39816
50758
39692
39817
50760
39689
50764
39689
50766
39709
39820
50768
39691
39692
39693
39695
39693
39697
39823
39699
39824
39696
39698
50757
39696
39699
39700
39711
39698
39699
50760
39700
39827
50761
39700
39713
39828
39714
39829
39703
39705
50764
39703
39706
39707
39708
39730
39705
39706
50767
39707
39709
39834
50768
39707
39732
39835
39710
39733
39836
39710
39710
39841
39712
39714
39715
39717
39714
39715
39719
39844
39721
39845
39718
39720
39718
39721
39722
39735
50770
39720
39721
39722
39849
50772
39722
39736
39850
39737
39851
50774
39725
39727
39725
39728
50778
39729
39731
39744
39727
39728
50780
39729
39732
39856
39729
39745
39857
50782
39734
39746
39858
39733
39734
39733
39734
39863
39864
39737
39737
39739
39868
39740
50771
39740
50774
39742
39871
50775
39743
50778
39743
50781
39745
39874
50782
39746
39746
39877
39748
39749
39750
39751
39769
39750
39772
39880
39753
39773
39881
39752
39753
39754
39755
50783
39754
39884
50786
39757
39885
50787
39756
39757
39758
39759
50790
39758
39888
50793
39761
39889
50794
39760
39761
39762
39776
39762
39779
39892
39780
39893
39765
39766
39765
39767
39768
39770
39792
39768
39772
39896
39768
39795
39897
39774
39796
39898
39771
39773
39771
39774
39775
50784
39773
39774
39775
39902
50786
39775
39903
39904
50788
39778
39780
39778
39781
50792
39782
39783
39780
39781
50794
39782
39785
39909
39782
39910
50796
39786
39911
39784
39786
39787
39799
39786
39787
39802
39916
39803
39917
39789
39790
39791
39793
39809
39791
39795
39921
39797
39811
39922
39794
39796
39794
39797
39798
50797
39796
39797
39798
39925
39798
39926
50800
39927
50801
39801
39803
39801
39804
39805
39806
50804
39803
39804
39805
39807
39932
39805
39933
50807
39808
39934
50808
39808
39808
39814
39939
39810
39811
39812
39816
50798
39812
39942
50800
39818
39943
50802
39815
50806
39815
50808
39821
39946
50810
39817
39818
39819
39823
50812
39819
39949
50814
39825
39950
50816
39822
50820
39822
50822
39842
39953
50824
39824
39825
39826
39828
39826
39830
39956
39832
39957
39829
39831
50813
39829
39832
39833
39844
39831
39832
50816
39833
39960
50817
39833
39846
39961
39847
39962
39836
39838
50820
39836
39839
39840
39841
39863
39838
39839
50823
39840
39842
39967
50824
39840
39865
39968
39843
39866
39969
39843
39843
39974
39845
39847
39848
39850
39847
39848
39852
39977
39854
39978
39851
39853
39851
39854
39855
39868
50826
39853
39854
39855
39982
50828
39855
39869
39983
39870
39984
50830
39858
39860
39858
39861
50834
39862
39864
39877
39860
39861
50836
39862
39865
39989
39862
39878
39990
50838
39867
39879
39991
39866
39867
39866
39867
39996
39997
39870
39870
39872
40001
39873
50827
39873
50830
39875
40004
50831
39876
50834
39876
50837
39878
40007
50838
39879
39879
40010
39881
39882
39883
39884
39902
39883
39905
40013
39886
39906
40014
39885
39886
39887
39888
50839
39887
40017
50842
39890
40018
50843
39889
39890
39891
39892
50846
39891
40021
50849
39894
40022
50850
39893
39894
39895
39909
39895
39912
40025
39913
40026
39898
39899
39898
39900
39901
39903
39925
39901
39905
40029
39901
39928
40030
39907
39929
40031
39904
39906
39904
39907
39908
50840
39906
39907
39908
40035
50842
39908
40036
40037
50844
39911
39913
39911
39914
50848
39915
39916
39913
39914
50850
39915
39918
40042
39915
40043
50852
39919
40044
39917
39919
39920
39932
39919
39920
39935
40049
39936
40050
39922
39923
39924
39926
39942
39924
39928
40054
39930
39944
40055
39927
39929
39927
39930
39931
50853
39929
39930
39931
40058
39931
40059
50856
40060
50857
39934
39936
39934
39937
39938
39939
50860
39936
39937
39938
39940
40065
39938
40066
50863
39941
40067
50864
39941
39941
39947
40072
39943
39944
39945
39949
50854
39945
40075
50856
39951
40076
50858
39948
50862
39948
50864
39954
40079
50866
39950
39951
39952
39956
50868
39952
40082
50870
39958
40083
50872
39955
50876
39955
50878
39975
40086
50880
39957
39958
39959
39961
39959
39963
40089
39965
40090
39962
39964
50869
39962
39965
39966
39977
39964
39965
50872
39966
40093
50873
39966
39979
40094
39980
40095
39969
39971
50876
39969
39972
39973
39974
39996
39971
39972
50879
39973
39975
40100
50880
39973
39998
40101
39976
39999
40102
39976
39976
40107
39978
39980
39981
39983
39980
39981
39985
40110
39987
40111
39984
39986
39984
39987
39988
40001
50882
39986
39987
39988
40115
50884
39988
40002
40116
40003
40117
50886
39991
39993
39991
39994
50890
39995
39997
40010
39993
39994
50892
39995
39998
40122
39995
40011
40123
50894
40000
40012
40124
39999
40000
39999
40000
40129
40130
40003
40003
40005
40134
40006
50883
40006
50886
40008
40137
50887
40009
50890
40009
50893
40011
40140
50894
40012
40012
40143
40014
40015
40016
40017
40035
40016
40038
40146
40019
40039
40147
40018
40019
40020
40021
50895
40020
40150
50898
40023
40151
50899
40022
40023
40024
40025
50902
40024
40154
50905
40027
40155
50906
40026
40027
40028
40042
40028
40045
40158
40046
40159
40031
40032
40031
40033
40034
40036
40058
40034
40038
40162
40034
40061
40163
40040
40062
40164
40037
40039
40037
40040
40041
50896
40039
40040
40041
40168
50898
40041
40169
40170
50900
40044
40046
40044
40047
50904
40048
40049
40046
40047
50906
40048
40051
40175
40048
40176
50908
40052
40177
40050
40052
40053
40065
40052
40053
40068
40182
40069
40183
40055
40056
40057
40059
40075
40057
40061
40187
40063
40077
40188
40060
40062
40060
40063
40064
50909
40062
40063
40064
40191
40064
40192
50912
40193
50913
40067
40069
40067
40070
40071
40072
50916
40069
40070
40071
40073
40198
40071
40199
50919
40074
40200
50920
40074
40074
40080
40205
40076
40077
40078
40082
50910
40078
40208
50912
40084
40209
50914
40081
50918
40081
50920
40087
40212
50922
40083
40084
40085
40089
50924
40085
40215
50926
40091
40216
50928
40088
50932
40088
50934
40108
40219
50936
40090
40091
40092
40094
40092
40096
40222
40098
40223
40095
40097
50925
40095
40098
40099
40110
40097
40098
50928
40099
40226
50929
40099
40112
40227
40113
40228
40102
40104
50932
40102
40105
40106
40107
40129
40104
40105
50935
40106
40108
40233
50936
40106
40131
40234
40109
40132
40235
40109
40109
40240
40111
40113
40114
40116
40113
40114
40118
40243
40120
40244
40117
40119
40117
40120
40121
40134
50938
40119
40120
40121
40248
50940
40121
40135
40249
40136
40250
50942
40124
40126
40124
40127
50946
40128
40130
40143
40126
40127
50948
40128
40131
40255
40128
40144
40256
50950
40133
40145
40257
40132
40133
40132
40133
40262
40263
40136
40136
40138
40267
40139
50939
40139
50942
40141
40270
50943
40142
50946
40142
50949
40144
40273
50950
40145
40145
40276
40147
40148
40149
40150
40168
40149
40171
40279
40152
40172
40280
40151
40152
40153
40154
50951
40153
40283
50954
40156
40284
50955
40155
40156
40157
40158
50958
40157
40287
50961
40160
40288
50962
40159
40160
40161
40175
40161
40178
40291
40179
40292
40164
40165
40164
40166
40167
40169
40191
40167
40171
40295
40167
40194
40296
40173
40195
40297
40170
40172
40170
40173
40174
50952
40172
40173
40174
40301
50954
40174
40302
40303
50956
40177
40179
40177
40180
50960
40181
40182
40179
40180
50962
40181
40184
40308
40181
40309
50964
40185
40310
40183
40185
40186
40198
40185
40186
40201
40315
40202
40316
40188
40189
40190
40192
40208
40190
40194
40320
40196
40210
40321
40193
40195
40193
40196
40197
50965
40195
40196
40197
40324
40197
40325
50968
40326
50969
40200
40202
40200
40203
40204
40205
50972
40202
40203
40204
40206
40331
40204
40332
50975
40207
40333
50976
40207
40207
40213
40338
40209
40210
40211
40215
50966
40211
40341
50968
40217
40342
50970
40214
50974
40214
50976
40220
40345
50978
40216
40217
40218
40222
50980
40218
40348
50982
40224
40349
50984
40221
50988
40221
50990
40241
40352
50992
40223
40224
40225
40227
40225
40229
40355
40231
40356
40228
40230
50981
40228
40231
40232
40243
40230
40231
50984
40232
40359
50985
40232
40245
40360
40246
40361
40235
40237
50988
40235
40238
40239
40240
40262
40237
40238
50991
40239
40241
40366
50992
40239
40264
40367
40242
40265
40368
40242
40242
40373
40244
40246
40247
40249
40246
40247
40251
40376
40253
40377
40250
40252
40250
40253
40254
40267
50994
40252
40253
40254
40381
50996
40254
40268
40382
40269
40383
50998
40257
40259
40257
40260
51002
40261
40263
40276
40259
40260
51004
40261
40264
40388
40261
40277
40389
51006
40266
40278
40390
40265
40266
40265
40266
40395
40396
40269
40269
40271
40400
40272
50995
40272
50998
40274
40403
50999
40275
51002
40275
51005
40277
40406
51006
40278
40278
40409
40280
40281
40282
40283
40301
40282
40304
40412
40285
40305
40413
40284
40285
40286
40287
51007
40286
40416
51010
40289
40417
51011
40288
40289
40290
40291
51014
40290
40420
51017
40293
40421
51018
40292
40293
40294
40308
40294
40311
40424
40312
40425
40297
40298
40297
40299
40300
40302
40324
40300
40304
40428
40300
40327
40429
40306
40328
40430
40303
40305
40303
40306
40307
51008
40305
40306
40307
40434
51010
40307
40435
40436
51012
40310
40312
40310
40313
51016
40314
40315
40312
40313
51018
40314
40317
40441
40314
40442
51020
40318
40443
40316
40318
40319
40331
40318
40319
40334
40448
40335
40449
40321
40322
40323
40325
40341
40323
40327
40453
40329
40343
40454
40326
40328
40326
40329
40330
51021
40328
40329
40330
40457
40330
40458
51024
40459
51025
40333
40335
40333
40336
40337
40338
51028
40335
40336
40337
40339
40464
40337
40465
51031
40340
40466
51032
40340
40340
40346
40471
40342
40343
40344
40348
51022
40344
40474
51024
40350
40475
51026
40347
51030
40347
51032
40353
40478
51034
40349
40350
40351
40355
51036
40351
40481
51038
40357
40482
51040
40354
51044
40354
51046
40374
40485
51048
40356
40357
40358
40360
40358
40362
40488
40364
40489
40361
40363
51037
40361
40364
40365
40376
40363
40364
51040
40365
40492
51041
40365
40378
40493
40379
40494
40368
40370
51044
40368
40371
40372
40373
40395
40370
40371
51047
40372
40374
40499
51048
40372
40397
40500
40375
40398
40501
40375
40375
40506
40377
40379
40380
40382
40379
40380
40384
40509
40386
40510
40383
40385
40383
40386
40387
40400
51050
40385
40386
40387
40514
51052
40387
40401
40515
40402
40516
51054
40390
40392
40390
40393
51058
40394
40396
40409
40392
40393
51060
40394
40397
40521
40394
40410
40522
51062
40399
40411
40523
40398
40399
40398
40399
40528
40529
40402
40402
40404
40533
40405
51051
40405
51054
40407
40536
51055
40408
51058
40408
51061
40410
40539
51062
40411
40411
40542
40413
40414
40415
40416
40434
40415
40437
40545
40418
40438
40546
40417
40418
40419
40420
51063
40419
40549
51066
40422
40550
51067
40421
40422
40423
40424
51070
40423
40553
51073
40426
40554
51074
40425
40426
40427
40441
40427
40444
40557
40445
40558
40430
40431
40430
40432
40433
40435
40457
40433
40437
40561
40433
40460
40562
40439
40461
40563
40436
40438
40436
40439
40440
51064
40438
40439
40440
40567
51066
40440
40568
40569
51068
40443
40445
40443
40446
51072
40447
40448
40445
40446
51074
40447
40450
40574
40447
40575
51076
40451
40576
40449
40451
40452
40464
40451
40452
40467
40581
40468
40582
40454
40455
40456
40458
40474
40456
40460
40586
40462
40476
40587
40459
40461
40459
40462
40463
51077
40461
40462
40463
40590
40463
40591
51080
40592
51081
40466
40468
40466
40469
40470
40471
51084
40468
40469
40470
40472
40597
40470
40598
51087
40473
40599
51088
40473
40473
40479
40604
40475
40476
40477
40481
51078
40477
40607
51080
40483
40608
51082
40480
51086
40480
51088
40486
40611
51090
40482
40483
40484
40488
51092
40484
40614
51094
40490
40615
51096
40487
51100
40487
51102
40507
40618
51104
40489
40490
40491
40493
40491
40495
40621
40497
40622
40494
40496
51093
40494
40497
40498
40509
40496
40497
51096
40498
40625
51097
40498
40511
40626
40512
40627
40501
40503
51100
40501
40504
40505
40506
40528
40503
40504
51103
40505
40507
40632
51104
40505
40530
40633
40508
40531
40634
40508
40508
40639
40510
40512
40513
40515
40512
40513
40517
40642
40519
40643
40516
40518
40516
40519
40520
40533
51106
40518
40519
40520
40647
51108
40520
40534
40648
40535
40649
51110
40523
40525
40523
40526
51114
40527
40529
40542
40525
40526
51116
40527
40530
40654
40527
40543
40655
51118
40532
40544
40656
40531
40532
40531
40532
40661
40662
40535
40535
40537
40666
40538
51107
40538
51110
40540
40669
51111
40541
51114
40541
51117
40543
40672
51118
40544
40544
40675
40546
40547
40548
40549
40567
40548
40570
40678
40551
40571
40679
40550
40551
40552
40553
51119
40552
40682
51122
40555
40683
51123
40554
40555
40556
40557
51126
40556
40686
51129
40559
40687
51130
40558
40559
40560
40574
40560
40577
40690
40578
40691
40563
40564
40563
40565
40566
40568
40590
40566
40570
40694
40566
40593
40695
40572
40594
40696
40569
40571
40569
40572
40573
51120
40571
40572
40573
40700
51122
40573
40701
40702
51124
40576
40578
40576
40579
51128
40580
40581
40578
40579
51130
40580
40583
40721
40580
40722
51132
40584
40723
40582
40584
40585
40597
40584
40585
40600
40728
40601
40729
40587
40588
40589
40591
40607
40589
40593
40733
40595
40609
40734
40592
40594
40592
40595
40596
51133
40594
40595
40596
40737
40596
40738
51136
40739
51137
40599
40601
40599
40602
40603
40604
51140
40601
40602
40603
40605
40772
40603
40773
51143
40606
40774
51144
40606
40606
40612
40779
40608
40609
40610
40614
51134
40610
40782
51136
40616
40783
51138
40613
51142
40613
51144
40619
40828
51146
40615
40616
40617
40621
51148
40617
40831
51150
40623
40832
51152
40620
51156
40620
51158
40640
40877
51160
40622
40623
40624
40626
40624
40628
40880
40630
40881
40627
40629
51149
40627
40630
40631
40642
40629
40630
51152
40631
40884
51153
40631
40644
40885
40645
40886
40634
40636
51156
40634
40637
40638
40639
40661
40636
40637
51159
40638
40640
40919
51160
40638
40663
40920
40641
40664
40921
40641
40641
40926
40643
40645
40646
40648
40645
40646
40650
40929
40652
40930
40649
40651
40649
40652
40653
40666
51162
40651
40652
40653
40934
51164
40653
40667
40935
40668
40936
51166
40656
40658
40656
40659
51170
40660
40662
40675
40658
40659
51172
40660
40663
40955
40660
40676
40956
51174
40665
40677
40957
40664
40665
40664
40665
40962
40963
40668
40668
40670
40967
40671
51163
40671
51166
40673
40970
51167
40674
51170
40674
51173
40676
40973
51174
40677
40677
40976
40679
40680
40681
40682
40700
40681
40703
40684
40704
40683
40684
40685
40686
40707
40685
40710
40688
40711
40687
40688
40689
40690
40714
40689
40717
40692
40718
40691
40692
40693
40721
40693
40724
40725
40696
40697
40696
40698
40699
40701
40737
40699
40703
40699
40740
40705
40741
40702
40704
40702
40705
40706
40708
40744
40704
40705
40706
40710
40706
40747
40712
40748
40709
40711
51123
40709
40712
51124
40713
40715
40751
51125
40711
40712
40713
40717
40713
40754
40719
40755
40716
40718
51130
40716
40719
51131
40720
40722
40758
51132
40718
40719
40720
40724
40720
40761
40726
40762
40723
40725
40723
40726
40727
40728
40765
40725
40726
40727
40730
40727
40768
40731
40769
40729
40731
40732
40772
40731
40732
40775
40776
40734
40735
40736
40738
40782
40736
40740
40742
40784
40739
40741
40739
40742
40743
40745
40786
40741
40742
40743
40747
40743
40789
40749
40790
40746
40748
40746
40749
40750
40752
40793
40748
40749
40750
40754
40750
40796
40756
40797
40753
40755
40753
40756
40757
40759
40800
40755
40756
40757
40761
40757
40803
40763
40804
40760
40762
40760
40763
40764
40766
40807
40762
40763
40764
40768
40764
40810
40770
40811
40767
40769
40767
40770
40771
40773
40814
40769
40770
40771
40775
40771
40817
40777
40818
40774
40776
40774
40777
40778
40779
40821
40776
40777
40778
40780
40778
40824
40781
40825
40781
40781
40829
40783
40784
40785
40787
40831
40785
40789
40791
40833
40788
40790
51137
40788
40791
51138
40792
40794
40835
51139
40790
40791
40792
40796
40792
40838
40798
40839
40795
40797
40795
40798
40799
40801
40842
40797
40798
40799
40803
40799
40845
40805
40846
40802
40804
40802
40805
40806
40808
40849
40804
40805
40806
40810
40806
40852
40812
40853
40809
40811
40809
40812
40813
40815
40856
40811
40812
40813
40817
40813
40859
40819
40860
40816
40818
40816
40819
40820
40822
40863
40818
40819
40820
40824
40820
40866
40826
40867
40823
40825
51144
40823
40826
51145
40827
40828
40870
51146
40825
40826
40827
40829
40827
40873
40830
40874
40830
40830
40878
40832
40833
40834
40836
40880
40834
40838
40840
40882
40837
40839
51151
40837
40840
51152
40841
40843
40884
51153
40839
40840
40841
40845
40841
40887
40847
40888
40844
40846
40844
40847
40848
40850
40891
40846
40847
40848
40852
40848
40894
40854
40895
40851
40853
40851
40854
40855
40857
40898
40853
40854
40855
40859
40855
40901
40861
40902
40858
40860
40858
40861
40862
40864
40905
40860
40861
40862
40866
40862
40908
40868
40909
40865
40867
40865
40868
40869
40871
40912
40867
40868
40869
40873
40869
40915
40875
40916
40872
40874
51158
40872
40875
51159
40876
40877
40919
51160
40874
40875
40876
40878
40876
40922
40879
40923
40879
40879
40927
40881
40882
40883
40885
40883
40887
40889
40886
40888
40886
40889
40890
40892
40929
40888
40889
40890
40894
40890
40931
40896
40932
40893
40895
40893
40896
40897
40899
40934
40895
40896
40897
40901
40897
40937
40903
40938
40900
40902
40900
40903
40904
40906
40941
40902
40903
40904
40908
40904
40944
40910
40945
40907
40909
40907
40910
40911
40913
40948
40909
40910
40911
40915
40911
40951
40917
40952
40914
40916
40914
40917
40918
40920
40955
40916
40917
40918
40922
40918
40958
40924
40959
40921
40923
40921
40924
40925
40926
40962
40923
40924
40925
40927
40925
40964
40928
40965
40928
40928
40930
40932
40933
40935
40932
40933
40937
40939
40936
40938
40936
40939
40940
40942
40967
40938
40939
40940
40944
40940
40968
40946
40969
40943
40945
51165
40943
40946
51166
40947
40949
40970
51167
40945
40946
40947
40951
40947
40971
40953
40972
40950
40952
51172
40950
40953
51173
40954
40956
40973
51174
40952
40953
40954
40958
40954
40974
40960
40975
40957
40959
40957
40960
40961
40963
40976
40959
40960
40961
40964
40961
40977
40966
40978
40965
40966
40965
40966
40969
40969
40971
40972
40972
40974
40975
40975
40977
40978
40978
40981
40983
41519
41741
40981
40984
41265
41520
40986
41284
41521
40983
40984
41267
41744
40988
41745
41269
40987
40989
41526
41748
40987
41527
40990
41271
41291
41528
40989
41751
40990
41273
41752
41275
40993
40995
41265
40993
40996
41279
40997
41285
41305
41268
41281
40997
41287
40997
41308
41289
41309
41000
41002
41272
41000
41003
41293
41004
41299
41312
41003
41295
41276
41301
41004
41297
41315
41316
41007
41009
41279
41533
41007
41010
41534
41755
41017
41306
41535
41009
41010
41282
41757
41283
41020
41759
41013
41015
41300
41540
41013
41314
41541
41016
41023
41542
41761
41015
41303
41016
41304
41763
41026
41765
41019
41547
41019
41021
41548
41769
41022
41320
41333
41549
41021
41771
41022
41336
41773
41337
41025
41026
41554
41025
41027
41328
41555
41028
41354
41556
41775
41028
41777
41028
41357
41358
41779
41031
41033
41321
41031
41034
41335
41035
41341
41361
41033
41324
41035
41325
41343
41339
41364
41345
41038
41040
41328
41038
41041
41349
41042
41355
41368
41040
41041
41331
41351
41332
41353
41359
41372
41045
41342
41561
41045
41047
41363
41562
41048
41050
41563
41781
41047
41365
41048
41367
41784
41053
41785
41051
41052
41349
41568
41051
41053
41569
41054
41369
41570
41788
41054
41371
41054
41791
41373
41792
41057
41059
41057
41060
41061
41059
41060
41061
41061
41064
41066
41064
41067
41068
41066
41067
41068
41068
41071
41073
41071
41074
41075
41073
41074
41075
41075
41078
41080
41078
41081
41082
41080
41081
41082
41082
41085
41087
41085
41088
41089
41087
41088
41089
41089
41092
41094
41092
41095
41096
41094
41095
41096
41096
41099
41101
41099
41102
41103
41101
41102
41103
41103
41106
41108
41106
41109
41110
41108
41109
41110
41110
41113
41115
41113
41116
41117
45225
41115
41116
41117
41117
45228
45229
41120
41122
41120
41123
41124
45232
41122
41123
41124
41124
45235
45236
41127
41129
45269
41127
41130
41131
41129
41130
45272
41131
45273
41131
41134
41136
45276
41134
41137
41138
41136
41137
45279
41138
45280
41138
41141
41143
41141
41144
41145
41170
41143
41144
41145
41145
41173
41148
41377
48372
41148
41149
48373
41150
41152
48374
48907
41150
48910
41154
48911
41153
41384
48379
41153
41154
48380
41155
48381
48914
41155
48917
48918
41158
41160
41158
41161
41162
41177
41160
41161
41162
41162
41181
41165
41167
41165
41168
41169
41171
41167
41168
41169
41173
41169
41172
41174
41172
41175
41176
48901
48942
41176
48903
41176
48945
48905
48946
41179
41181
41179
41182
48923
41183
41185
48949
41182
48925
41187
41183
48927
48952
48953
41186
41188
41186
41189
41190
41188
41189
41190
41190
41193
41194
48414
41193
41391
48415
41195
41201
48416
48971
41195
48973
41204
48975
41198
48421
41198
41200
48422
48979
41206
41397
48423
41200
48981
41209
48983
41203
41204
48442
41203
41405
48443
41205
48444
48999
41205
49001
49003
41208
48449
41208
41210
48450
49007
41411
48451
41210
49009
49011
41213
41215
41213
41216
41217
41219
41215
41216
41217
41217
41223
41220
41222
49028
41220
41223
41224
41239
49055
41222
49031
41224
49032
49057
41242
49059
41227
41229
49035
41227
41230
49077
41231
41233
41256
41229
41230
49038
49079
49039
49081
41237
41260
41234
41236
41234
41237
41238
41236
41237
41238
41238
41241
41243
41241
41244
41245
41243
41244
41245
41245
41248
41250
48484
49063
41248
48485
41252
41417
48486
41250
49066
41254
49067
41253
41255
48491
49070
41253
48492
41424
48493
41255
49073
49074
41258
41260
41258
41261
41262
41260
41261
41262
41262
41265
41267
41265
41268
41269
41267
41268
41269
41269
41272
41274
41272
41275
41276
41274
41275
41276
41276
41279
41281
41279
41282
41283
41281
41282
41283
41283
41286
41288
41286
41289
41290
41292
41288
41289
41290
41294
41290
41296
41293
41295
41293
41296
41297
41295
41296
41297
41297
41300
41302
41300
41303
41304
41302
41303
41304
41304
41307
41309
41307
41310
41311
41319
41309
41310
41311
41311
41322
41323
41314
41316
41314
41317
41318
41326
41316
41317
41318
41318
41329
41330
41321
41323
41321
41324
41325
41323
41324
41325
41325
41328
41330
41328
41331
41332
41330
41331
41332
41332
41335
41337
41335
41338
41339
41337
41338
41339
41339
41342
41344
41342
41345
41346
41348
41344
41345
41346
41350
41346
41352
41349
41351
41349
41352
41353
41351
41352
41353
41353
41356
41358
41356
41359
41360
41358
41359
41360
41360
41363
41365
41363
41366
41367
41365
41366
41367
41367
41370
41372
41370
41373
41374
41372
41373
41374
41374
41377
41379
41377
41380
48853
41381
41383
41379
41380
48855
41381
41385
41381
48857
41387
41384
41386
41384
41387
41388
48859
41386
41387
41388
48861
41388
48863
41391
41393
48937
41391
41394
41395
41403
41393
41394
48940
41395
48941
41395
41406
41407
41398
41400
48958
41398
41401
41402
41410
41400
41401
48961
41402
48962
41402
41413
41414
41405
41407
41405
41408
41409
49019
41407
41408
41409
41409
49022
49023
41412
41414
41412
41415
41416
49040
41414
41415
41416
41416
49043
49044
41419
41421
41419
41422
49119
41423
41425
41421
41422
49121
41423
41427
41423
49123
41429
41426
41428
41426
41429
41430
49125
41428
41429
41430
49127
41430
49129
41433
41435
41433
41436
41437
41435
41436
41437
41655
41437
41656
41657
41440
41442
41440
41443
41444
41442
41443
41444
41662
41444
41663
41664
41447
41449
41447
41450
41451
41449
41450
41451
41669
41451
41670
41671
41454
41456
41454
41457
41458
41456
41457
41458
41676
41458
41677
41678
41461
41463
41461
41464
41465
41463
41464
41465
41683
41465
41684
41685
41468
41470
41468
41471
41472
41470
41471
41472
41690
41472
41691
41692
41475
41477
41475
41478
41479
41477
41478
41479
41697
41479
41698
41699
41482
41484
41482
41485
41486
41484
41485
41486
41704
41486
41705
41706
41489
41491
41489
41492
41493
41491
41492
41493
41711
41493
41712
41713
41496
41498
41496
41499
41500
41498
41499
41500
41718
41500
41719
41720
41503
41505
41503
41506
41507
41505
41506
41507
41725
41507
41726
41727
41510
41512
41510
41513
41514
41512
41513
41514
41732
41514
41733
41734
41517
41519
41517
41520
41521
41523
41519
41520
41521
41525
41521
41527
41524
41526
41524
41527
41528
41526
41527
41528
41528
41531
41533
41531
41534
41535
41543
41533
41534
41535
41535
41546
41547
41538
41540
41538
41541
41542
41550
41540
41541
41542
41542
41553
41554
41545
41547
41545
41548
41549
41547
41548
41549
41549
41552
41554
41552
41555
41556
41554
41555
41556
41556
41559
41561
41559
41562
41563
41565
41561
41562
41563
41567
41563
41569
41566
41568
41566
41569
41570
41568
41569
41570
41570
41573
41575
41573
41576
41577
41575
41576
41577
41795
41577
41796
41797
41580
41582
41580
41583
41584
41582
41583
41584
41802
41584
41803
41804
41587
41589
41587
41590
41591
41589
41590
41591
41809
41591
41810
41811
41594
41596
41594
41597
41598
41596
41597
41598
41816
41598
41817
41818
41601
41603
41601
41604
41605
41603
41604
41605
41823
41605
41824
41825
41608
41610
41608
41611
41612
41610
41611
41612
41830
41612
41831
41832
41615
41617
41615
41618
41619
41617
41618
41619
41837
41619
41838
41839
41622
41624
41622
41625
41626
41624
41625
41626
41844
41626
41845
41846
41629
41631
41629
41632
41633
41631
41632
41633
41851
41633
41852
41853
41636
41638
41636
41639
41640
41638
41639
41640
41858
41640
41859
41860
41643
41645
41643
41646
41647
41645
41646
41647
41865
41647
41866
41867
41650
41652
41650
41653
41654
41652
41653
41654
41872
41654
41873
41874
41657
41659
41657
41660
41661
41659
41660
41661
41879
41661
41880
41881
41664
41666
41664
41667
41668
41666
41667
41668
41886
41668
41887
41888
41671
41673
41671
41674
41675
41673
41674
41675
41893
41675
41894
41895
41678
41680
41678
41681
41682
41680
41681
41682
41900
41682
41901
41902
41685
41687
41685
41688
41689
41687
41688
41689
41907
41689
41908
41909
41692
41694
41692
41695
41696
41694
41695
41696
41914
41696
41915
41916
41699
41701
41699
41702
41703
41701
41702
41703
41921
41703
41922
41923
41706
41708
41706
41709
41710
41708
41709
41710
41928
41710
41929
41930
41713
41715
41713
41716
41717
41715
41716
41717
41935
41717
41936
41937
41720
41722
41720
41723
41724
41722
41723
41724
41942
41724
41943
41944
41727
41729
41727
41730
41731
41729
41730
41731
41949
41731
41950
41951
41734
41736
41734
41737
41738
41736
41737
41738
41956
41738
41957
41958
41741
41743
41741
41744
41745
41747
41743
41744
41745
41749
41963
41745
41964
41751
41965
41748
41750
41748
41751
41752
41750
41751
41752
41970
41752
41971
41972
41755
41757
41755
41758
41759
41767
41757
41758
41759
41977
41759
41770
41978
41771
41979
41762
41764
41762
41765
41766
41774
41764
41765
41766
41984
41766
41777
41985
41778
41986
41769
41771
41769
41772
41773
41771
41772
41773
41991
41773
41992
41993
41776
41778
41776
41779
41780
41778
41779
41780
41998
41780
41999
42000
41783
41785
41783
41786
41787
41789
41785
41786
41787
41791
42005
41787
42006
41793
42007
41790
41792
41790
41793
41794
41792
41793
41794
42012
41794
42013
42014
41797
41799
41797
41800
41801
41799
41800
41801
42019
41801
42020
42021
41804
41806
41804
41807
41808
41806
41807
41808
42026
41808
42027
42028
41811
41813
41811
41814
41815
41813
41814
41815
42033
41815
42034
42035
41818
41820
41818
41821
41822
41820
41821
41822
42040
41822
42041
42042
41825
41827
41825
41828
41829
41827
41828
41829
42047
41829
42048
42049
41832
41834
41832
41835
41836
41834
41835
41836
42054
41836
42055
42056
41839
41841
41839
41842
41843
41841
41842
41843
42061
41843
42062
42063
41846
41848
41846
41849
41850
41848
41849
41850
42068
41850
42069
42070
41853
41855
41853
41856
41857
41855
41856
41857
42075
41857
42076
42077
41860
41862
41860
41863
41864
41862
41863
41864
42082
41864
42083
42084
41867
41869
41867
41870
41871
41869
41870
41871
42089
41871
42090
42091
41874
41876
41874
41877
41878
41876
41877
41878
42096
41878
42097
42098
41881
41883
41881
41884
41885
41883
41884
41885
42103
41885
42104
42105
41888
41890
41888
41891
41892
41890
41891
41892
42110
41892
42111
42112
41895
41897
41895
41898
41899
41897
41898
41899
42117
41899
42118
42119
41902
41904
41902
41905
41906
41904
41905
41906
42124
41906
42125
42126
41909
41911
41909
41912
41913
41911
41912
41913
42131
41913
42132
42133
41916
41918
41916
41919
41920
41918
41919
41920
42138
41920
42139
42140
41923
41925
41923
41926
41927
41925
41926
41927
42145
41927
42146
42147
41930
41932
41930
41933
41934
41932
41933
41934
42152
41934
42153
42154
41937
41939
41937
41940
41941
41939
41940
41941
42159
41941
42160
42161
41944
41946
41944
41947
41948
41946
41947
41948
42166
41948
42167
42168
41951
41953
41951
41954
41955
41953
41954
41955
42173
41955
42174
42175
41958
41960
41958
41961
41962
41960
41961
41962
42180
41962
42181
42182
41965
41967
41965
41968
41969
41971
41967
41968
41969
41973
42187
41969
42188
41975
42189
41972
41974
41972
41975
41976
41974
41975
41976
42194
41976
42195
42196
41979
41981
41979
41982
41983
41991
41981
41982
41983
42201
41983
41994
42202
41995
42203
41986
41988
41986
41989
41990
41998
41988
41989
41990
42208
41990
42001
42209
42002
42210
41993
41995
41993
41996
41997
41995
41996
41997
42215
41997
42216
42217
42000
42002
42000
42003
42004
42002
42003
42004
42222
42004
42223
42224
42007
42009
42007
42010
42011
42013
42009
42010
42011
42015
42229
42011
42230
42017
42231
42014
42016
42014
42017
42018
42016
42017
42018
42236
42018
42237
42238
42021
42023
42021
42024
42025
42023
42024
42025
42243
42025
42244
42245
42028
42030
42028
42031
42032
42030
42031
42032
42250
42032
42251
42252
42035
42037
42035
42038
42039
42037
42038
42039
42257
42039
42258
42259
42042
42044
42042
42045
42046
42044
42045
42046
42264
42046
42265
42266
42049
42051
42049
42052
42053
42051
42052
42053
42271
42053
42272
42273
42056
42058
42056
42059
42060
42058
42059
42060
42278
42060
42279
42280
42063
42065
42063
42066
42067
42065
42066
42067
42285
42067
42286
42287
42070
42072
42070
42073
42074
42072
42073
42074
42292
42074
42293
42294
42077
42079
42077
42080
42081
42079
42080
42081
42299
42081
42300
42301
42084
42086
42084
42087
42088
42086
42087
42088
42306
42088
42307
42308
42091
42093
42091
42094
42095
42093
42094
42095
42313
42095
42314
42315
42098
42100
42098
42101
42102
42100
42101
42102
42320
42102
42321
42322
42105
42107
42105
42108
42109
42107
42108
42109
42327
42109
42328
42329
42112
42114
42112
42115
42116
42114
42115
42116
42334
42116
42335
42336
42119
42121
42119
42122
42123
42121
42122
42123
42341
42123
42342
42343
42126
42128
42126
42129
42130
42128
42129
42130
42348
42130
42349
42350
42133
42135
42133
42136
42137
42135
42136
42137
42355
42137
42356
42357
42140
42142
42140
42143
42144
42142
42143
42144
42362
42144
42363
42364
42147
42149
42147
42150
42151
42149
42150
42151
42369
42151
42370
42371
42154
42156
42154
42157
42158
42156
42157
42158
42376
42158
42377
42378
42161
42163
42161
42164
42165
42163
42164
42165
42383
42165
42384
42385
42168
42170
42168
42171
42172
42170
42171
42172
42390
42172
42391
42392
42175
42177
42175
42178
42179
42177
42178
42179
42397
42179
42398
42399
42182
42184
42182
42185
42186
42184
42185
42186
42404
42186
42405
42406
42189
42191
42189
42192
42193
42195
42191
42192
42193
42197
42193
42199
42196
42198
42196
42199
42200
42198
42199
42200
42200
42203
42205
42203
42206
42207
42215
42205
42206
42207
42207
42218
42219
42210
42212
42210
42213
42214
42222
42212
42213
42214
42214
42225
42226
42217
42219
42217
42220
42221
42219
42220
42221
42221
42224
42226
42224
42227
42228
42226
42227
42228
42228
42231
42233
42231
42234
42235
42237
42233
42234
42235
42239
42235
42241
42238
42240
42238
42241
42242
42240
42241
42242
42242
42245
42247
42245
42248
42249
42247
42248
42249
42495
42249
42496
42497
42252
42254
42252
42255
42256
42254
42255
42256
42502
42256
42503
42504
42259
42261
42259
42262
42263
42261
42262
42263
42509
42263
42510
42511
42266
42268
42266
42269
42270
42268
42269
42270
42516
42270
42517
42518
42273
42275
42273
42276
42277
42275
42276
42277
42523
42277
42524
42525
42280
42282
42280
42283
42284
42282
42283
42284
42530
42284
42531
42532
42287
42289
42287
42290
42291
42289
42290
42291
42537
42291
42538
42539
42294
42296
42294
42297
42298
42296
42297
42298
42544
42298
42545
42546
42301
42303
42301
42304
42305
42303
42304
42305
42551
42305
42552
42553
42308
42310
42308
42311
42312
42310
42311
42312
42558
42312
42559
42560
42315
42317
42315
42318
42319
42317
42318
42319
42565
42319
42566
42567
42322
42324
42322
42325
42326
42324
42325
42326
42572
42326
42573
42574
42329
42331
42329
42332
42333
42331
42332
42333
42579
42333
42580
42581
42336
42338
42336
42339
42340
42338
42339
42340
42586
42340
42587
42588
42343
42345
42343
42346
42347
42345
42346
42347
42593
42347
42594
42595
42350
42352
42350
42353
42354
42352
42353
42354
42600
42354
42601
42602
42357
42359
42357
42360
42361
42359
42360
42361
42607
42361
42608
42609
42364
42366
42364
42367
42368
42366
42367
42368
42614
42368
42615
42616
42371
42373
42371
42374
42375
42373
42374
42375
42621
42375
42622
42623
42378
42380
42378
42381
42382
42380
42381
42382
42628
42382
42629
42630
42385
42387
42385
42388
42389
42387
42388
42389
42635
42389
42636
42637
42392
42394
42392
42395
42396
42394
42395
42396
42642
42396
42643
42644
42399
42401
42399
42402
42403
42401
42402
42403
42649
42403
42650
42651
42406
42408
42406
42409
42410
42408
42409
42410
42670
42410
42671
42672
42413
42415
42413
42416
42417
42415
42416
42417
42417
42420
42422
42420
42423
42424
42422
42423
42424
42424
42427
42429
42427
42430
42431
42429
42430
42431
42431
42434
42436
42434
42437
42438
42436
42437
42438
42438
42441
42443
42441
42444
42445
42443
42444
42445
42445
42448
42450
42448
42451
42452
42450
42451
42452
42452
42455
42457
42455
42458
42459
42457
42458
42459
42459
42462
42464
42462
42465
42466
42464
42465
42466
42466
42469
42471
42469
42472
42473
42471
42472
42473
42473
42476
42478
42476
42479
42480
42478
42479
42480
42480
42483
42485
42483
42486
42487
42485
42486
42487
42487
42490
42492
42490
42493
42494
42492
42493
42494
42494
42497
42499
42497
42500
42501
42499
42500
42501
42789
42501
42790
42791
42504
42506
42504
42507
42508
42506
42507
42508
42810
42508
42811
42812
42511
42513
42511
42514
42515
42513
42514
42515
42817
42515
42818
42819
42518
42520
42518
42521
42522
42520
42521
42522
42824
42522
42825
42826
42525
42527
42525
42528
42529
42527
42528
42529
42831
42529
42832
42833
42532
42534
42532
42535
42536
42534
42535
42536
42838
42536
42839
42840
42539
42541
42539
42542
42543
42541
42542
42543
42845
42543
42846
42847
42546
42548
42546
42549
42550
42548
42549
42550
42852
42550
42853
42854
42553
42555
42553
42556
42557
42555
42556
42557
42859
42557
42860
42861
42560
42562
42560
42563
42564
42562
42563
42564
42866
42564
42867
42868
42567
42569
42567
42570
42571
42569
42570
42571
42873
42571
42874
42875
42574
42576
42574
42577
42578
42576
42577
42578
42880
42578
42881
42882
42581
42583
42581
42584
42585
42583
42584
42585
42887
42585
42888
42889
42588
42590
42588
42591
42592
42590
42591
42592
42894
42592
42895
42896
42595
42597
42595
42598
42599
42597
42598
42599
42901
42599
42902
42903
42602
42604
42602
42605
42606
42604
42605
42606
42908
42606
42909
42910
42609
42611
42609
42612
42613
42611
42612
42613
42915
42613
42916
42917
42616
42618
42616
42619
42620
42618
42619
42620
42922
42620
42923
42924
42623
42625
42623
42626
42627
42625
42626
42627
42929
42627
42930
42931
42630
42632
42630
42633
42634
42632
42633
42634
42936
42634
42937
42938
42637
42639
42637
42640
42641
42639
42640
42641
42943
42641
42944
42945
42644
42646
42644
42647
42648
42646
42647
42648
42950
42648
42951
42952
42651
42653
42651
42654
42655
42653
42654
42655
42957
42655
42958
42959
42658
42660
42658
42661
42662
42664
42660
42661
42662
42666
42662
42668
42665
42667
42665
42668
42669
42667
42668
42669
42669
42672
42674
42672
42675
42676
42674
42675
42676
42978
42676
42979
42980
42679
42681
42679
42682
42683
42681
42682
42683
42683
42686
42688
42686
42689
42690
42688
42689
42690
42690
42693
42695
42693
42696
42697
42695
42696
42697
42697
42700
42702
42700
42703
42704
42702
42703
42704
42704
42707
42709
42707
42710
42711
42709
42710
42711
42711
42714
42716
42714
42717
42718
42716
42717
42718
42718
42721
42723
42721
42724
42725
42733
42723
42724
42725
42725
42736
42737
42728
42730
42728
42731
42732
42740
42730
42731
42732
42732
42743
42744
42735
42737
42735
42738
42739
42737
42738
42739
42739
42742
42744
42742
42745
42746
42744
42745
42746
42746
42749
42751
42749
42752
42753
42751
42752
42753
42753
42756
42758
42756
42759
42760
42758
42759
42760
42760
42763
42765
42763
42766
42767
42765
42766
42767
42767
42770
42772
42770
42773
42774
42772
42773
42774
42774
42777
42779
42777
42780
42781
42779
42780
42781
42781
42784
42786
42784
42787
42788
42786
42787
42788
42788
42791
42793
42791
42794
42795
42793
42794
42795
43097
42795
43098
43099
42798
42800
42798
42801
42802
42804
42800
42801
42802
42806
42802
42808
42805
42807
42805
42808
42809
42807
42808
42809
42809
42812
42814
42812
42815
42816
42814
42815
42816
43118
42816
43119
43120
42819
42821
42819
42822
42823
42821
42822
42823
43125
42823
43126
43127
42826
42828
42826
42829
42830
42828
42829
42830
43132
42830
43133
43134
42833
42835
42833
42836
42837
42835
42836
42837
43139
42837
43140
43141
42840
42842
42840
42843
42844
42842
42843
42844
43146
42844
43147
43148
42847
42849
42847
42850
42851
42849
42850
42851
43153
42851
43154
43155
42854
42856
42854
42857
42858
42856
42857
42858
43160
42858
43161
43162
42861
42863
42861
42864
42865
42863
42864
42865
43167
42865
43168
43169
42868
42870
42868
42871
42872
42870
42871
42872
43174
42872
43175
43176
42875
42877
42875
42878
42879
42877
42878
42879
43181
42879
43182
43183
42882
42884
42882
42885
42886
42884
42885
42886
43188
42886
43189
43190
42889
42891
42889
42892
42893
42891
42892
42893
43195
42893
43196
43197
42896
42898
42896
42899
42900
42898
42899
42900
43202
42900
43203
43204
42903
42905
42903
42906
42907
42905
42906
42907
43209
42907
43210
43211
42910
42912
42910
42913
42914
42912
42913
42914
43216
42914
43217
43218
42917
42919
42917
42920
42921
42919
42920
42921
43223
42921
43224
43225
42924
42926
42924
42927
42928
42926
42927
42928
43230
42928
43231
43232
42931
42933
42931
42934
42935
42933
42934
42935
43237
42935
43238
43239
42938
42940
42938
42941
42942
42940
42941
42942
43244
42942
43245
43246
42945
42947
42945
42948
42949
42947
42948
42949
43251
42949
43252
43253
42952
42954
42952
42955
42956
42954
42955
42956
43258
42956
43259
43260
42959
42961
42959
42962
42963
42961
42962
42963
43293
42963
43294
43295
42966
42968
42966
42969
42970
42968
42969
42970
42970
42973
42975
42973
42976
42977
42975
42976
42977
42977
42980
42982
42980
42983
42984
42982
42983
42984
43300
42984
43301
43302
42987
42989
42987
42990
42991
42989
42990
42991
42991
42994
42996
42994
42997
42998
42996
42997
42998
42998
43001
43003
43001
43004
43005
43007
43003
43004
43005
43009
43005
43011
43008
43010
43008
43011
43012
43010
43011
43012
43012
43015
43017
43015
43018
43019
43017
43018
43019
43019
43022
43024
43022
43025
43026
43024
43025
43026
43026
43029
43031
43029
43032
43033
43041
43031
43032
43033
43033
43044
43045
43036
43038
43036
43039
43040
43048
43038
43039
43040
43040
43051
43052
43043
43045
43043
43046
43047
43045
43046
43047
43047
43050
43052
43050
43053
43054
43052
43053
43054
43054
43057
43059
43057
43060
43061
43059
43060
43061
43061
43064
43066
43064
43067
43068
43066
43067
43068
43068
43071
43073
43071
43074
43075
43077
43073
43074
43075
43079
43075
43081
43078
43080
43078
43081
43082
43080
43081
43082
43082
43085
43087
43085
43088
43089
43087
43088
43089
43089
43092
43094
43092
43095
43096
43094
43095
43096
43096
43099
43101
43099
43102
43103
43101
43102
43103
43419
43103
43420
43421
43106
43108
43106
43109
43110
43108
43109
43110
43110
43113
43115
43113
43116
43117
43115
43116
43117
43117
43120
43122
43120
43123
43124
43122
43123
43124
43426
43124
43427
43428
43127
43129
43127
43130
43131
43129
43130
43131
43461
43131
43462
43463
43134
43136
43134
43137
43138
43136
43137
43138
43468
43138
43469
43470
43141
43143
43141
43144
43145
43143
43144
43145
43475
43145
43476
43477
43148
43150
43148
43151
43152
43150
43151
43152
43482
43152
43483
43484
43155
43157
43155
43158
43159
43157
43158
43159
43489
43159
43490
43491
43162
43164
43162
43165
43166
43164
43165
43166
43496
43166
43497
43498
43169
43171
43169
43172
43173
43171
43172
43173
43503
43173
43504
43505
43176
43178
43176
43179
43180
43178
43179
43180
43510
43180
43511
43512
43183
43185
43183
43186
43187
43185
43186
43187
43517
43187
43518
43519
43190
43192
43190
43193
43194
43192
43193
43194
43524
43194
43525
43526
43197
43199
43197
43200
43201
43199
43200
43201
43531
43201
43532
43533
43204
43206
43204
43207
43208
43206
43207
43208
43538
43208
43539
43540
43211
43213
43211
43214
43215
43213
43214
43215
43545
43215
43546
43547
43218
43220
43218
43221
43222
43220
43221
43222
43552
43222
43553
43554
43225
43227
43225
43228
43229
43227
43228
43229
43559
43229
43560
43561
43232
43234
43232
43235
43236
43234
43235
43236
43566
43236
43567
43568
43239
43241
43239
43242
43243
43241
43242
43243
43573
43243
43574
43575
43246
43248
43246
43249
43250
43248
43249
43250
43580
43250
43581
43582
43253
43255
43253
43256
43257
43255
43256
43257
43587
43257
43588
43589
43260
43262
43260
43263
43264
43262
43263
43264
43594
43264
43595
43596
43267
43269
43267
43270
43271
43273
43269
43270
43271
43275
43271
43277
43274
43276
43274
43277
43278
43280
43276
43277
43278
43282
43278
43284
43281
43283
43281
43284
43285
43287
43283
43284
43285
43289
43285
43291
43288
43290
43288
43291
43292
43290
43291
43292
43292
43295
43297
43295
43298
43299
43297
43298
43299
43615
43299
43616
43617
43302
43304
43302
43305
43306
43304
43305
43306
43622
43306
43623
43624
43309
43311
43309
43312
43313
43311
43312
43313
43313
43316
43318
43316
43319
43320
43318
43319
43320
43320
43323
43325
43323
43326
43327
43349
43325
43326
43327
43327
43352
43353
43330
43332
43330
43333
43334
43332
43333
43334
43334
43337
43339
43337
43340
43341
43339
43340
43341
43341
43344
43346
43344
43347
43348
43356
43346
43347
43348
43348
43359
43360
43351
43353
43351
43354
43355
43363
43353
43354
43355
43355
43366
43367
43358
43360
43358
43361
43362
43370
43360
43361
43362
43362
43373
43374
43365
43367
43365
43368
43369
43377
43367
43368
43369
43369
43380
43381
43372
43374
43372
43375
43376
43398
43374
43375
43376
43376
43401
43402
43379
43381
43379
43382
43383
43381
43382
43383
43383
43386
43388
43386
43389
43390
43388
43389
43390
43390
43393
43395
43393
43396
43397
43395
43396
43397
43397
43400
43402
43400
43403
43404
43402
43403
43404
43404
43407
43409
43407
43410
43411
43409
43410
43411
43411
43414
43416
43414
43417
43418
43416
43417
43418
43418
43421
43423
43421
43424
43425
43423
43424
43425
43741
43425
43742
43743
43428
43430
43428
43431
43432
43430
43431
43432
43748
43432
43749
43750
43435
43437
43435
43438
43439
43441
43437
43438
43439
43443
43439
43445
43442
43444
43442
43445
43446
43448
43444
43445
43446
43450
43446
43452
43449
43451
43449
43452
43453
43455
43451
43452
43453
43457
43453
43459
43456
43458
43456
43459
43460
43458
43459
43460
43460
43463
43465
43463
43466
43467
43465
43466
43467
43769
43467
43770
43771
43470
43472
43470
43473
43474
43472
43473
43474
43776
43474
43777
43778
43477
43479
43477
43480
43481
43479
43480
43481
43783
43481
43784
43785
43484
43486
43484
43487
43488
43486
43487
43488
43790
43488
43791
43792
43491
43493
43491
43494
43495
43493
43494
43495
43797
43495
43798
43799
43498
43500
43498
43501
43502
43500
43501
43502
43804
43502
43805
43806
43505
43507
43505
43508
43509
43507
43508
43509
43811
43509
43812
43813
43512
43514
43512
43515
43516
43514
43515
43516
43818
43516
43819
43820
43519
43521
43519
43522
43523
43521
43522
43523
43825
43523
43826
43827
43526
43528
43526
43529
43530
43528
43529
43530
43832
43530
43833
43834
43533
43535
43533
43536
43537
43535
43536
43537
43839
43537
43840
43841
43540
43542
43540
43543
43544
43542
43543
43544
43846
43544
43847
43848
43547
43549
43547
43550
43551
43549
43550
43551
43853
43551
43854
43855
43554
43556
43554
43557
43558
43556
43557
43558
43860
43558
43861
43862
43561
43563
43561
43564
43565
43563
43564
43565
43867
43565
43868
43869
43568
43570
43568
43571
43572
43570
43571
43572
43874
43572
43875
43876
43575
43577
43575
43578
43579
43577
43578
43579
43881
43579
43882
43883
43582
43584
43582
43585
43586
43584
43585
43586
43888
43586
43889
43890
43589
43591
43589
43592
43593
43591
43592
43593
43895
43593
43896
43897
43596
43598
43596
43599
43600
43598
43599
43600
43930
43600
43931
43932
43603
43605
43603
43606
43607
43605
43606
43607
43607
43610
43612
43610
43613
43614
43612
43613
43614
43614
43617
43619
43617
43620
43621
43619
43620
43621
43951
43621
43952
43953
43624
43626
43624
43627
43628
43626
43627
43628
43972
43628
43973
43974
43631
43633
43631
43634
43635
43637
43633
43634
43635
43639
43635
43641
43638
43640
43638
43641
43642
43640
43641
43642
43642
43645
43647
43645
43648
43649
43647
43648
43649
43649
43652
43654
43652
43655
43656
43654
43655
43656
43656
43659
43661
43659
43662
43663
43661
43662
43663
43663
43666
43668
43666
43669
43670
43668
43669
43670
43670
43673
43675
43673
43676
43677
43685
43675
43676
43677
43677
43688
43689
43680
43682
43680
43683
43684
43692
43682
43683
43684
43684
43695
43696
43687
43689
43687
43690
43691
43689
43690
43691
43691
43694
43696
43694
43697
43698
43696
43697
43698
43698
43701
43703
43701
43704
43705
43703
43704
43705
43705
43708
43710
43708
43711
43712
43710
43711
43712
43712
43715
43717
43715
43718
43719
43717
43718
43719
43719
43722
43724
43722
43725
43726
43724
43725
43726
43726
43729
43731
43729
43732
43733
43735
43731
43732
43733
43737
43733
43739
43736
43738
43736
43739
43740
43738
43739
43740
43740
43743
43745
43743
43746
43747
43745
43746
43747
44119
43747
44120
44121
43750
43752
43750
43753
43754
43752
43753
43754
44140
43754
44141
44142
43757
43759
43757
43760
43761
43759
43760
43761
43761
43764
43766
43764
43767
43768
43766
43767
43768
43768
43771
43773
43771
43774
43775
43773
43774
43775
44161
43775
44162
44163
43778
43780
43778
43781
43782
43780
43781
43782
44196
43782
44197
44198
43785
43787
43785
43788
43789
43787
43788
43789
44203
43789
44204
44205
43792
43794
43792
43795
43796
43794
43795
43796
44210
43796
44211
44212
43799
43801
43799
43802
43803
43801
43802
43803
44217
43803
44218
44219
43806
43808
43806
43809
43810
43808
43809
43810
44224
43810
44225
44226
43813
43815
43813
43816
43817
43815
43816
43817
44231
43817
44232
44233
43820
43822
43820
43823
43824
43822
43823
43824
44238
43824
44239
44240
43827
43829
43827
43830
43831
43829
43830
43831
44245
43831
44246
44247
43834
43836
43834
43837
43838
43836
43837
43838
44252
43838
44253
44254
43841
43843
43841
43844
43845
43843
43844
43845
44259
43845
44260
44261
43848
43850
43848
43851
43852
43850
43851
43852
44266
43852
44267
44268
43855
43857
43855
43858
43859
43857
43858
43859
44273
43859
44274
44275
43862
43864
43862
43865
43866
43864
43865
43866
44280
43866
44281
44282
43869
43871
43869
43872
43873
43871
43872
43873
44287
43873
44288
44289
43876
43878
43876
43879
43880
43878
43879
43880
44294
43880
44295
44296
43883
43885
43883
43886
43887
43885
43886
43887
44301
43887
44302
44303
43890
43892
43890
43893
43894
43892
43893
43894
44308
43894
44309
44310
43897
43899
43897
43900
43901
43899
43900
43901
44315
43901
44316
44317
43904
43906
43904
43907
43908
43910
43906
43907
43908
43912
43908
43914
43911
43913
43911
43914
43915
43917
43913
43914
43915
43919
43915
43921
43918
43920
43918
43921
43922
43924
43920
43921
43922
43926
43922
43928
43925
43927
43925
43928
43929
43927
43928
43929
43929
43932
43934
43932
43935
43936
43934
43935
43936
44336
43936
44337
44338
43939
43941
43939
43942
43943
43941
43942
43943
43943
43946
43948
43946
43949
43950
43948
43949
43950
43950
43953
43955
43953
43956
43957
43955
43956
43957
44357
43957
44358
44359
43960
43962
43960
43963
43964
43962
43963
43964
43964
43967
43969
43967
43970
43971
43969
43970
43971
43971
43974
43976
43974
43977
43978
43976
43977
43978
44406
43978
44407
44408
43981
43983
43981
43984
43985
43983
43984
43985
43985
43988
43990
43988
43991
43992
43990
43991
43992
43992
43995
43997
43995
43998
43999
43997
43998
43999
43999
44002
44004
44002
44005
44006
44004
44005
44006
44006
44009
44011
44009
44012
44013
44011
44012
44013
44013
44016
44018
44016
44019
44020
44018
44019
44020
44020
44023
44025
44023
44026
44027
44035
44025
44026
44027
44027
44038
44039
44030
44032
44030
44033
44034
44042
44032
44033
44034
44034
44045
44046
44037
44039
44037
44040
44041
44049
44039
44040
44041
44041
44052
44053
44044
44046
44044
44047
44048
44056
44046
44047
44048
44048
44059
44060
44051
44053
44051
44054
44055
44063
44053
44054
44055
44055
44066
44067
44058
44060
44058
44061
44062
44070
44060
44061
44062
44062
44073
44074
44065
44067
44065
44068
44069
44067
44068
44069
44069
44072
44074
44072
44075
44076
44074
44075
44076
44076
44079
44081
44079
44082
44083
44081
44082
44083
44083
44086
44088
44086
44089
44090
44088
44089
44090
44090
44093
44095
44093
44096
44097
44095
44096
44097
44097
44100
44102
44100
44103
44104
44102
44103
44104
44104
44107
44109
44107
44110
44111
44109
44110
44111
44111
44114
44116
44114
44117
44118
44116
44117
44118
44118
44121
44123
44121
44124
44125
44123
44124
44125
44525
44125
44526
44527
44128
44130
44128
44131
44132
44130
44131
44132
44132
44135
44137
44135
44138
44139
44137
44138
44139
44139
44142
44144
44142
44145
44146
44144
44145
44146
44574
44146
44575
44576
44149
44151
44149
44152
44153
44151
44152
44153
44153
44156
44158
44156
44159
44160
44158
44159
44160
44160
44163
44165
44163
44166
44167
44165
44166
44167
44595
44167
44596
44597
44170
44172
44170
44173
44174
44176
44172
44173
44174
44178
44174
44180
44177
44179
44177
44180
44181
44183
44179
44180
44181
44185
44181
44187
44184
44186
44184
44187
44188
44190
44186
44187
44188
44192
44188
44194
44191
44193
44191
44194
44195
44193
44194
44195
44195
44198
44200
44198
44201
44202
44200
44201
44202
44616
44202
44617
44618
44205
44207
44205
44208
44209
44207
44208
44209
44623
44209
44624
44625
44212
44214
44212
44215
44216
44214
44215
44216
44630
44216
44631
44632
44219
44221
44219
44222
44223
44221
44222
44223
44637
44223
44638
44639
44226
44228
44226
44229
44230
44228
44229
44230
44644
44230
44645
44646
44233
44235
44233
44236
44237
44235
44236
44237
44651
44237
44652
44653
44240
44242
44240
44243
44244
44242
44243
44244
44658
44244
44659
44660
44247
44249
44247
44250
44251
44249
44250
44251
44665
44251
44666
44667
44254
44256
44254
44257
44258
44256
44257
44258
44672
44258
44673
44674
44261
44263
44261
44264
44265
44263
44264
44265
44679
44265
44680
44681
44268
44270
44268
44271
44272
44270
44271
44272
44686
44272
44687
44688
44275
44277
44275
44278
44279
44277
44278
44279
44693
44279
44694
44695
44282
44284
44282
44285
44286
44284
44285
44286
44700
44286
44701
44702
44289
44291
44289
44292
44293
44291
44292
44293
44707
44293
44708
44709
44296
44298
44296
44299
44300
44298
44299
44300
44714
44300
44715
44716
44303
44305
44303
44306
44307
44305
44306
44307
44721
44307
44722
44723
44310
44312
44310
44313
44314
44312
44313
44314
44756
44314
44757
44758
44317
44319
44317
44320
44321
44319
44320
44321
44763
44321
44764
44765
44324
44326
44324
44327
44328
44326
44327
44328
44328
44331
44333
44331
44334
44335
44333
44334
44335
44335
44338
44340
44338
44341
44342
44340
44341
44342
44770
44342
44771
44772
44345
44347
44345
44348
44349
44347
44348
44349
44349
44352
44354
44352
44355
44356
44354
44355
44356
44356
44359
44361
44359
44362
44363
44361
44362
44363
44791
44363
44792
44793
44366
44368
44366
44369
44370
44368
44369
44370
44370
44373
44375
44373
44376
44377
44379
44375
44376
44377
44381
44377
44383
44380
44382
44380
44383
44384
44386
44382
44383
44384
44388
44384
44390
44387
44389
44387
44390
44391
44393
44389
44390
44391
44395
44391
44397
44394
44396
44394
44397
44398
44396
44397
44398
44398
44401
44403
44401
44404
44405
44403
44404
44405
44405
44408
44410
44408
44411
44412
44410
44411
44412
44812
44412
44813
44814
44415
44417
44415
44418
44419
44417
44418
44419
44419
44422
44424
44422
44425
44426
44424
44425
44426
44426
44429
44431
44429
44432
44433
44431
44432
44433
44433
44436
44438
44436
44439
44440
44438
44439
44440
44440
44443
44445
44443
44446
44447
44455
44445
44446
44447
44447
44458
44459
44450
44452
44450
44453
44454
44462
44452
44453
44454
44454
44465
44466
44457
44459
44457
44460
44461
44469
44459
44460
44461
44461
44472
44473
44464
44466
44464
44467
44468
44476
44466
44467
44468
44468
44479
44480
44471
44473
44471
44474
44475
44483
44473
44474
44475
44475
44486
44487
44478
44480
44478
44481
44482
44490
44480
44481
44482
44482
44493
44494
44485
44487
44485
44488
44489
44487
44488
44489
44489
44492
44494
44492
44495
44496
44494
44495
44496
44496
44499
44501
44499
44502
44503
44501
44502
44503
44503
44506
44508
44506
44509
44510
44508
44509
44510
44510
44513
44515
44513
44516
44517
44515
44516
44517
44517
44520
44522
44520
44523
44524
44522
44523
44524
44524
44527
44529
44527
44530
44531
44529
44530
44531
44903
44531
44904
44905
44534
44536
44534
44537
44538
44536
44537
44538
44538
44541
44543
44541
44544
44545
44547
44543
44544
44545
44549
44545
44551
44548
44550
44548
44551
44552
44554
44550
44551
44552
44556
44552
44558
44555
44557
44555
44558
44559
44561
44557
44558
44559
44563
44559
44565
44562
44564
44562
44565
44566
44564
44565
44566
44566
44569
44571
44569
44572
44573
44571
44572
44573
44573
44576
44578
44576
44579
44580
44578
44579
44580
44924
44580
44925
44926
44583
44585
44583
44586
44587
44585
44586
44587
44587
44590
44592
44590
44593
44594
44592
44593
44594
44594
44597
44599
44597
44600
44601
44599
44600
44601
44945
44601
44946
44947
44604
44606
44604
44607
44608
44606
44607
44608
44608
44611
44613
44611
44614
44615
44613
44614
44615
44615
44618
44620
44618
44621
44622
44620
44621
44622
44952
44622
44953
44954
44625
44627
44625
44628
44629
44627
44628
44629
44959
44629
44960
44961
44632
44634
44632
44635
44636
44634
44635
44636
44994
44636
44995
44996
44639
44641
44639
44642
44643
44641
44642
44643
45001
44643
45002
45003
44646
44648
44646
44649
44650
44648
44649
44650
45008
44650
45009
45010
44653
44655
44653
44656
44657
44655
44656
44657
45015
44657
45016
45017
44660
44662
44660
44663
44664
44662
44663
44664
45022
44664
45023
45024
44667
44669
44667
44670
44671
44669
44670
44671
45029
44671
45030
45031
44674
44676
44674
44677
44678
44676
44677
44678
45036
44678
45037
45038
44681
44683
44681
44684
44685
44683
44684
44685
45043
44685
45044
45045
44688
44690
44688
44691
44692
44690
44691
44692
45050
44692
45051
45052
44695
44697
44695
44698
44699
44697
44698
44699
45057
44699
45058
45059
44702
44704
44702
44705
44706
44704
44705
44706
45064
44706
45065
45066
44709
44711
44709
44712
44713
44711
44712
44713
45071
44713
45072
45073
44716
44718
44716
44719
44720
44718
44719
44720
45092
44720
45093
45094
44723
44725
44723
44726
44727
44725
44726
44727
45099
44727
45100
45101
44730
44732
44730
44733
44734
44736
44732
44733
44734
44738
44734
44740
44737
44739
44737
44740
44741
44739
44740
44741
44741
44744
44746
44744
44747
44748
44750
44746
44747
44748
44752
44748
44754
44751
44753
44751
44754
44755
44753
44754
44755
44755
44758
44760
44758
44761
44762
44760
44761
44762
45120
44762
45121
45122
44765
44767
44765
44768
44769
44767
44768
44769
45127
44769
45128
45129
44772
44774
44772
44775
44776
44774
44775
44776
45134
44776
45135
45136
44779
44781
44779
44782
44783
44781
44782
44783
44783
44786
44788
44786
44789
44790
44788
44789
44790
44790
44793
44795
44793
44796
44797
44795
44796
44797
45169
44797
45170
45171
44800
44802
44800
44803
44804
44802
44803
44804
44804
44807
44809
44807
44810
44811
44809
44810
44811
44811
44814
44816
44814
44817
44818
44816
44817
44818
45190
44818
45191
45192
44821
44823
44821
44824
44825
44847
44823
44824
44825
44825
44850
44851
44828
44830
44828
44831
44832
44830
44831
44832
44832
44835
44837
44835
44838
44839
44837
44838
44839
44839
44842
44844
44842
44845
44846
44854
44844
44845
44846
44846
44857
44858
44849
44851
44849
44852
44853
44851
44852
44853
44853
44856
44858
44856
44859
44860
44858
44859
44860
44860
44863
44865
44863
44866
44867
44875
44865
44866
44867
44867
44878
44879
44870
44872
44870
44873
44874
44896
44872
44873
44874
44874
44899
44900
44877
44879
44877
44880
44881
44879
44880
44881
44881
44884
44886
44884
44887
44888
44886
44887
44888
44888
44891
44893
44891
44894
44895
44893
44894
44895
44895
44898
44900
44898
44901
44902
44900
44901
44902
44902
44905
44907
44905
44908
44909
44907
44908
44909
45309
44909
45310
45311
44912
44914
44912
44915
44916
44914
44915
44916
44916
44919
44921
44919
44922
44923
44921
44922
44923
44923
44926
44928
44926
44929
44930
44928
44929
44930
45330
44930
45331
45332
44933
44935
44933
44936
44937
44935
44936
44937
44937
44940
44942
44940
44943
44944
44942
44943
44944
44944
44947
44949
44947
44950
44951
44949
44950
44951
45365
44951
45366
45367
44954
44956
44954
44957
44958
44956
44957
44958
45372
44958
45373
45374
44961
44963
44961
44964
44965
44963
44964
44965
45379
44965
45380
45381
44968
44970
44968
44971
44972
44974
44970
44971
44972
44976
44972
44978
44975
44977
44975
44978
44979
44977
44978
44979
44979
44982
44984
44982
44985
44986
44988
44984
44985
44986
44990
44986
44992
44989
44991
44989
44992
44993
44991
44992
44993
44993
44996
44998
44996
44999
45000
44998
44999
45000
45400
45000
45401
45402
45003
45005
45003
45006
45007
45005
45006
45007
45407
45007
45408
45409
45010
45012
45010
45013
45014
45012
45013
45014
45428
45014
45429
45430
45017
45019
45017
45020
45021
45019
45020
45021
45435
45021
45436
45437
45024
45026
45024
45027
45028
45026
45027
45028
45442
45028
45443
45444
45031
45033
45031
45034
45035
45033
45034
45035
45449
45035
45450
45451
45038
45040
45038
45041
45042
45040
45041
45042
45456
45042
45457
45458
45045
45047
45045
45048
45049
45047
45048
45049
45463
45049
45464
45465
45052
45054
45052
45055
45056
45054
45055
45056
45470
45056
45471
45472
45059
45061
45059
45062
45063
45061
45062
45063
45477
45063
45478
45479
45066
45068
45066
45069
45070
45068
45069
45070
45484
45070
45485
45486
45073
45075
45073
45076
45077
45075
45076
45077
45491
45077
45492
45493
45080
45082
45080
45083
45084
45086
45082
45083
45084
45088
45084
45090
45087
45089
45087
45090
45091
45089
45090
45091
45091
45094
45096
45094
45097
45098
45096
45097
45098
45512
45098
45513
45514
45101
45103
45101
45104
45105
45103
45104
45105
45519
45105
45520
45521
45108
45110
45108
45111
45112
45110
45111
45112
45112
45115
45117
45115
45118
45119
45117
45118
45119
45119
45122
45124
45122
45125
45126
45124
45125
45126
45540
45126
45541
45542
45129
45131
45129
45132
45133
45131
45132
45133
45547
45133
45548
45549
45136
45138
45136
45139
45140
45138
45139
45140
45582
45140
45583
45584
45143
45145
45143
45146
45147
45149
45145
45146
45147
45151
45147
45153
45150
45152
45150
45153
45154
45152
45153
45154
45154
45157
45159
45157
45160
45161
45163
45159
45160
45161
45165
45161
45167
45164
45166
45164
45167
45168
45166
45167
45168
45168
45171
45173
45171
45174
45175
45173
45174
45175
45617
45175
45618
45619
45178
45180
45178
45181
45182
45180
45181
45182
45182
45185
45187
45185
45188
45189
45187
45188
45189
45189
45192
45194
45192
45195
45196
45194
45195
45196
45652
45196
45653
45654
45199
45201
45199
45202
45203
45201
45202
45203
45203
45206
45208
45206
45209
45210
45208
45209
45210
45210
45213
45215
45213
45216
45217
45215
45216
45217
45217
45220
45222
45220
45223
45224
45222
45223
45224
45224
45227
45229
45227
45230
45231
45229
45230
45231
45231
45234
45236
45234
45237
45238
45236
45237
45238
45238
45241
45243
45241
45244
45245
45253
45243
45244
45245
45245
45256
45257
45248
45250
45248
45251
45252
45260
45250
45251
45252
45252
45263
45264
45255
45257
45255
45258
45259
45257
45258
45259
45259
45262
45264
45262
45265
45266
45264
45265
45266
45266
45269
45271
45269
45272
45273
45271
45272
45273
45273
45276
45278
45276
45279
45280
45278
45279
45280
45280
45283
45285
45283
45286
45287
45285
45286
45287
45287
45290
45292
45290
45293
45294
45292
45293
45294
45294
45297
45299
45297
45300
45301
45299
45300
45301
45301
45304
45306
45304
45307
45308
45306
45307
45308
45308
45311
45313
45311
45314
45315
45313
45314
45315
45743
45315
45744
45745
45318
45320
45318
45321
45322
45320
45321
45322
45322
45325
45327
45325
45328
45329
45327
45328
45329
45329
45332
45334
45332
45335
45336
45334
45335
45336
45778
45336
45779
45780
45339
45341
45339
45342
45343
45345
45341
45342
45343
45347
45343
45349
45346
45348
45346
45349
45350
45348
45349
45350
45350
45353
45355
45353
45356
45357
45359
45355
45356
45357
45361
45357
45363
45360
45362
45360
45363
45364
45362
45363
45364
45364
45367
45369
45367
45370
45371
45369
45370
45371
45813
45371
45814
45815
45374
45376
45374
45377
45378
45376
45377
45378
45848
45378
45849
45850
45381
45383
45381
45384
45385
45383
45384
45385
45855
45385
45856
45857
45388
45390
45388
45391
45392
45390
45391
45392
45392
45395
45397
45395
45398
45399
45397
45398
45399
45399
45402
45404
45402
45405
45406
45404
45405
45406
45876
45406
45877
45878
45409
45411
45409
45412
45413
45411
45412
45413
45883
45413
45884
45885
45416
45418
45416
45419
45420
45422
45418
45419
45420
45424
45420
45426
45423
45425
45423
45426
45427
45425
45426
45427
45427
45430
45432
45430
45433
45434
45432
45433
45434
45904
45434
45905
45906
45437
45439
45437
45440
45441
45439
45440
45441
45911
45441
45912
45913
45444
45446
45444
45447
45448
45446
45447
45448
45918
45448
45919
45920
45451
45453
45451
45454
45455
45453
45454
45455
45925
45455
45926
45927
45458
45460
45458
45461
45462
45460
45461
45462
45932
45462
45933
45934
45465
45467
45465
45468
45469
45467
45468
45469
45939
45469
45940
45941
45472
45474
45472
45475
45476
45474
45475
45476
45946
45476
45947
45948
45479
45481
45479
45482
45483
45481
45482
45483
45953
45483
45954
45955
45486
45488
45486
45489
45490
45488
45489
45490
45960
45490
45961
45962
45493
45495
45493
45496
45497
45495
45496
45497
45967
45497
45968
45969
45500
45502
45500
45503
45504
45502
45503
45504
45974
45504
45975
45976
45507
45509
45507
45510
45511
45509
45510
45511
45981
45511
45982
45983
45514
45516
45514
45517
45518
45516
45517
45518
45988
45518
45989
45990
45521
45523
45521
45524
45525
45523
45524
45525
45995
45525
45996
45997
45528
45530
45528
45531
45532
45530
45531
45532
46002
45532
46003
46004
45535
45537
45535
45538
45539
45537
45538
45539
46009
45539
46010
46011
45542
45544
45542
45545
45546
45544
45545
45546
46016
45546
46017
46018
45549
45551
45549
45552
45553
45551
45552
45553
46023
45553
46024
46025
45556
45558
45556
45559
45560
45558
45559
45560
46030
45560
46031
46032
45563
45565
45563
45566
45567
45569
45565
45566
45567
45571
46037
45567
46038
45573
46039
45570
45572
45570
45573
45574
45572
45573
45574
46044
45574
46045
46046
45577
45579
45577
45580
45581
45579
45580
45581
46051
45581
46052
46053
45584
45586
45584
45587
45588
45586
45587
45588
46058
45588
46059
46060
45591
45593
45591
45594
45595
45593
45594
45595
46065
45595
46066
46067
45598
45600
45598
45601
45602
45600
45601
45602
46072
45602
46073
46074
45605
45607
45605
45608
45609
45607
45608
45609
46079
45609
46080
46081
45612
45614
45612
45615
45616
45614
45615
45616
46086
45616
46087
46088
45619
45621
45619
45622
45623
45621
45622
45623
46093
45623
46094
46095
45626
45628
45626
45629
45630
45628
45629
45630
46100
45630
46101
46102
45633
45635
45633
45636
45637
45635
45636
45637
45637
45640
45642
45640
45643
45644
45642
45643
45644
45644
45647
45649
45647
45650
45651
45649
45650
45651
46107
45651
46108
46109
45654
45656
45654
45657
45658
45656
45657
45658
46114
45658
46115
46116
45661
45663
45661
45664
45665
45663
45664
45665
46121
45665
46122
46123
45668
45670
45668
45671
45672
45670
45671
45672
46128
45672
46129
46130
45675
45677
45675
45678
45679
45677
45678
45679
46135
45679
46136
46137
45682
45684
45682
45685
45686
45684
45685
45686
46142
45686
46143
46144
45689
45691
45689
45692
45693
45701
45691
45692
45693
46149
45693
45704
46150
45705
46151
45696
45698
45696
45699
45700
45708
45698
45699
45700
46156
45700
45711
46157
45712
46158
45703
45705
45703
45706
45707
45705
45706
45707
46163
45707
46164
46165
45710
45712
45710
45713
45714
45712
45713
45714
46170
45714
46171
46172
45717
45719
45717
45720
45721
45719
45720
45721
46177
45721
46178
46179
45724
45726
45724
45727
45728
45726
45727
45728
46184
45728
46185
46186
45731
45733
45731
45734
45735
45733
45734
45735
46191
45735
46192
46193
45738
45740
45738
45741
45742
45740
45741
45742
46198
45742
46199
46200
45745
45747
45745
45748
45749
45747
45748
45749
46205
45749
46206
46207
45752
45754
45752
45755
45756
45754
45755
45756
46212
45756
46213
46214
45759
45761
45759
45762
45763
45761
45762
45763
45763
45766
45768
45766
45769
45770
45768
45769
45770
45770
45773
45775
45773
45776
45777
45775
45776
45777
46219
45777
46220
46221
45780
45782
45780
45783
45784
45782
45783
45784
46226
45784
46227
46228
45787
45789
45787
45790
45791
45789
45790
45791
46233
45791
46234
46235
45794
45796
45794
45797
45798
45796
45797
45798
46240
45798
46241
46242
45801
45803
45801
45804
45805
45803
45804
45805
46247
45805
46248
46249
45808
45810
45808
45811
45812
45810
45811
45812
46254
45812
46255
46256
45815
45817
45815
45818
45819
45817
45818
45819
46261
45819
46262
46263
45822
45824
45822
45825
45826
45824
45825
45826
46268
45826
46269
46270
45829
45831
45829
45832
45833
45835
45831
45832
45833
45837
46275
45833
46276
45839
46277
45836
45838
45836
45839
45840
45838
45839
45840
46282
45840
46283
46284
45843
45845
45843
45846
45847
45845
45846
45847
46289
45847
46290
46291
45850
45852
45850
45853
45854
45852
45853
45854
46296
45854
46297
46298
45857
45859
45857
45860
45861
45859
45860
45861
46303
45861
46304
46305
45864
45866
45864
45867
45868
45866
45867
45868
46310
45868
46311
46312
45871
45873
45871
45874
45875
45873
45874
45875
46317
45875
46318
46319
45878
45880
45878
45881
45882
45880
45881
45882
46324
45882
46325
46326
45885
45887
45885
45888
45889
45887
45888
45889
46331
45889
46332
46333
45892
45894
45892
45895
45896
45894
45895
45896
46338
45896
46339
46340
45899
45901
45899
45902
45903
45901
45902
45903
46345
45903
46346
46347
45906
45908
45906
45909
45910
45908
45909
45910
46352
45910
46353
46354
45913
45915
45913
45916
45917
45915
45916
45917
46359
45917
46360
46361
45920
45922
45920
45923
45924
45922
45923
45924
46366
45924
46367
46368
45927
45929
45927
45930
45931
45929
45930
45931
46373
45931
46374
46375
45934
45936
45934
45937
45938
45936
45937
45938
46380
45938
46381
46382
45941
45943
45941
45944
45945
45943
45944
45945
46387
45945
46388
46389
45948
45950
45948
45951
45952
45950
45951
45952
46394
45952
46395
46396
45955
45957
45955
45958
45959
45957
45958
45959
46401
45959
46402
46403
45962
45964
45962
45965
45966
45964
45965
45966
46408
45966
46409
46410
45969
45971
45969
45972
45973
45971
45972
45973
46415
45973
46416
46417
45976
45978
45976
45979
45980
45978
45979
45980
46422
45980
46423
46424
45983
45985
45983
45986
45987
45985
45986
45987
46429
45987
46430
46431
45990
45992
45990
45993
45994
45992
45993
45994
46436
45994
46437
46438
45997
45999
45997
46000
46001
45999
46000
46001
46443
46001
46444
46445
46004
46006
46004
46007
46008
46006
46007
46008
46450
46008
46451
46452
46011
46013
46011
46014
46015
46013
46014
46015
46457
46015
46458
46459
46018
46020
46018
46021
46022
46020
46021
46022
46464
46022
46465
46466
46025
46027
46025
46028
46029
46027
46028
46029
46471
46029
46472
46473
46032
46034
46032
46035
46036
46034
46035
46036
46478
46036
46479
46480
46039
46041
46039
46042
46043
46045
46041
46042
46043
46047
46485
46043
46486
46049
46487
46046
46048
46046
46049
46050
46048
46049
46050
46492
46050
46493
46494
46053
46055
46053
46056
46057
46055
46056
46057
46499
46057
46500
46501
46060
46062
46060
46063
46064
46062
46063
46064
46506
46064
46507
46508
46067
46069
46067
46070
46071
46069
46070
46071
46513
46071
46514
46515
46074
46076
46074
46077
46078
46076
46077
46078
46520
46078
46521
46522
46081
46083
46081
46084
46085
46083
46084
46085
46527
46085
46528
46529
46088
46090
46088
46091
46092
46090
46091
46092
46534
46092
46535
46536
46095
46097
46095
46098
46099
46097
46098
46099
46541
46099
46542
46543
46102
46104
46102
46105
46106
46104
46105
46106
46548
46106
46549
46550
46109
46111
46109
46112
46113
46111
46112
46113
46555
46113
46556
46557
46116
46118
46116
46119
46120
46118
46119
46120
46562
46120
46563
46564
46123
46125
46123
46126
46127
46125
46126
46127
46569
46127
46570
46571
46130
46132
46130
46133
46134
46132
46133
46134
46576
46134
46577
46578
46137
46139
46137
46140
46141
46139
46140
46141
46583
46141
46584
46585
46144
46146
46144
46147
46148
46146
46147
46148
46590
46148
46591
46592
46151
46153
46151
46154
46155
46163
46153
46154
46155
46597
46155
46166
46598
46167
46599
46158
46160
46158
46161
46162
46170
46160
46161
46162
46604
46162
46173
46605
46174
46606
46165
46167
46165
46168
46169
46167
46168
46169
46611
46169
46612
46613
46172
46174
46172
46175
46176
46174
46175
46176
46618
46176
46619
46620
46179
46181
46179
46182
46183
46181
46182
46183
46625
46183
46626
46627
46186
46188
46186
46189
46190
46188
46189
46190
46632
46190
46633
46634
46193
46195
46193
46196
46197
46195
46196
46197
46639
46197
46640
46641
46200
46202
46200
46203
46204
46202
46203
46204
46646
46204
46647
46648
46207
46209
46207
46210
46211
46209
46210
46211
46653
46211
46654
46655
46214
46216
46214
46217
46218
46216
46217
46218
46660
46218
46661
46662
46221
46223
46221
46224
46225
46223
46224
46225
46667
46225
46668
46669
46228
46230
46228
46231
46232
46230
46231
46232
46674
46232
46675
46676
46235
46237
46235
46238
46239
46237
46238
46239
46681
46239
46682
46683
46242
46244
46242
46245
46246
46244
46245
46246
46688
46246
46689
46690
46249
46251
46249
46252
46253
46251
46252
46253
46695
46253
46696
46697
46256
46258
46256
46259
46260
46258
46259
46260
46702
46260
46703
46704
46263
46265
46263
46266
46267
46265
46266
46267
46709
46267
46710
46711
46270
46272
46270
46273
46274
46272
46273
46274
46716
46274
46717
46718
46277
46279
46277
46280
46281
46283
46279
46280
46281
46285
46723
46281
46724
46287
46725
46284
46286
46284
46287
46288
46286
46287
46288
46730
46288
46731
46732
46291
46293
46291
46294
46295
46293
46294
46295
46737
46295
46738
46739
46298
46300
46298
46301
46302
46300
46301
46302
46744
46302
46745
46746
46305
46307
46305
46308
46309
46307
46308
46309
46751
46309
46752
46753
46312
46314
46312
46315
46316
46314
46315
46316
46758
46316
46759
46760
46319
46321
46319
46322
46323
46321
46322
46323
46765
46323
46766
46767
46326
46328
46326
46329
46330
46328
46329
46330
46772
46330
46773
46774
46333
46335
46333
46336
46337
46335
46336
46337
46779
46337
46780
46781
46340
46342
46340
46343
46344
46342
46343
46344
46786
46344
46787
46788
46347
46349
46347
46350
46351
46349
46350
46351
46793
46351
46794
46795
46354
46356
46354
46357
46358
46356
46357
46358
46800
46358
46801
46802
46361
46363
46361
46364
46365
46363
46364
46365
46807
46365
46808
46809
46368
46370
46368
46371
46372
46370
46371
46372
46814
46372
46815
46816
46375
46377
46375
46378
46379
46377
46378
46379
46821
46379
46822
46823
46382
46384
46382
46385
46386
46384
46385
46386
46828
46386
46829
46830
46389
46391
46389
46392
46393
46391
46392
46393
46835
46393
46836
46837
46396
46398
46396
46399
46400
46398
46399
46400
46842
46400
46843
46844
46403
46405
46403
46406
46407
46405
46406
46407
46849
46407
46850
46851
46410
46412
46410
46413
46414
46412
46413
46414
46856
46414
46857
46858
46417
46419
46417
46420
46421
46419
46420
46421
46863
46421
46864
46865
46424
46426
46424
46427
46428
46426
46427
46428
46870
46428
46871
46872
46431
46433
46431
46434
46435
46433
46434
46435
46877
46435
46878
46879
46438
46440
46438
46441
46442
46440
46441
46442
46884
46442
46885
46886
46445
46447
46445
46448
46449
46447
46448
46449
46891
46449
46892
46893
46452
46454
46452
46455
46456
46454
46455
46456
46898
46456
46899
46900
46459
46461
46459
46462
46463
46461
46462
46463
46905
46463
46906
46907
46466
46468
46466
46469
46470
46468
46469
46470
46912
46470
46913
46914
46473
46475
46473
46476
46477
46475
46476
46477
46919
46477
46920
46921
46480
46482
46480
46483
46484
46482
46483
46484
46926
46484
46927
46928
46487
46489
46487
46490
46491
46493
46489
46490
46491
46495
46933
46491
46934
46497
46935
46494
46496
46494
46497
46498
46496
46497
46498
46940
46498
46941
46942
46501
46503
46501
46504
46505
46503
46504
46505
46947
46505
46948
46949
46508
46510
46508
46511
46512
46510
46511
46512
46954
46512
46955
46956
46515
46517
46515
46518
46519
46517
46518
46519
46961
46519
46962
46963
46522
46524
46522
46525
46526
46524
46525
46526
46968
46526
46969
46970
46529
46531
46529
46532
46533
46531
46532
46533
46975
46533
46976
46977
46536
46538
46536
46539
46540
46538
46539
46540
46982
46540
46983
46984
46543
46545
46543
46546
46547
46545
46546
46547
46989
46547
46990
46991
46550
46552
46550
46553
46554
46552
46553
46554
46996
46554
46997
46998
46557
46559
46557
46560
46561
46559
46560
46561
47003
46561
47004
47005
46564
46566
46564
46567
46568
46566
46567
46568
47010
46568
47011
47012
46571
46573
46571
46574
46575
46573
46574
46575
47017
46575
47018
47019
46578
46580
46578
46581
46582
46580
46581
46582
47024
46582
47025
47026
46585
46587
46585
46588
46589
46587
46588
46589
47031
46589
47032
47033
46592
46594
46592
46595
46596
46594
46595
46596
47038
46596
47039
47040
46599
46601
46599
46602
46603
46611
46601
46602
46603
47045
46603
46614
47046
46615
47047
46606
46608
46606
46609
46610
46618
46608
46609
46610
47052
46610
46621
47053
46622
47054
46613
46615
46613
46616
46617
46615
46616
46617
47059
46617
47060
47061
46620
46622
46620
46623
46624
46622
46623
46624
47066
46624
47067
47068
46627
46629
46627
46630
46631
46629
46630
46631
47073
46631
47074
47075
46634
46636
46634
46637
46638
46636
46637
46638
47080
46638
47081
47082
46641
46643
46641
46644
46645
46643
46644
46645
47087
46645
47088
47089
46648
46650
46648
46651
46652
46650
46651
46652
47094
46652
47095
47096
46655
46657
46655
46658
46659
46657
46658
46659
47101
46659
47102
47103
46662
46664
46662
46665
46666
46664
46665
46666
47108
46666
47109
47110
46669
46671
46669
46672
46673
46671
46672
46673
47115
46673
47116
47117
46676
46678
46676
46679
46680
46678
46679
46680
47122
46680
47123
47124
46683
46685
46683
46686
46687
46685
46686
46687
47129
46687
47130
47131
46690
46692
46690
46693
46694
46692
46693
46694
47136
46694
47137
47138
46697
46699
46697
46700
46701
46699
46700
46701
47143
46701
47144
47145
46704
46706
46704
46707
46708
46706
46707
46708
47150
46708
47151
47152
46711
46713
46711
46714
46715
46713
46714
46715
47157
46715
47158
47159
46718
46720
46718
46721
46722
46720
46721
46722
47164
46722
47165
47166
46725
46727
46725
46728
46729
46731
46727
46728
46729
46733
47171
46729
47172
46735
47173
46732
46734
46732
46735
46736
46734
46735
46736
47178
46736
47179
47180
46739
46741
46739
46742
46743
46741
46742
46743
47185
46743
47186
47187
46746
46748
46746
46749
46750
46748
46749
46750
47192
46750
47193
47194
46753
46755
46753
46756
46757
46755
46756
46757
47199
46757
47200
47201
46760
46762
46760
46763
46764
46762
46763
46764
47206
46764
47207
47208
46767
46769
46767
46770
46771
46769
46770
46771
47213
46771
47214
47215
46774
46776
46774
46777
46778
46776
46777
46778
47220
46778
47221
47222
46781
46783
46781
46784
46785
46783
46784
46785
47227
46785
47228
47229
46788
46790
46788
46791
46792
46790
46791
46792
47234
46792
47235
47236
46795
46797
46795
46798
46799
46797
46798
46799
47241
46799
47242
47243
46802
46804
46802
46805
46806
46804
46805
46806
47248
46806
47249
47250
46809
46811
46809
46812
46813
46811
46812
46813
47255
46813
47256
47257
46816
46818
46816
46819
46820
46818
46819
46820
47262
46820
47263
47264
46823
46825
46823
46826
46827
46825
46826
46827
47269
46827
47270
47271
46830
46832
46830
46833
46834
46832
46833
46834
47276
46834
47277
47278
46837
46839
46837
46840
46841
46839
46840
46841
47283
46841
47284
47285
46844
46846
46844
46847
46848
46846
46847
46848
47290
46848
47291
47292
46851
46853
46851
46854
46855
46853
46854
46855
47297
46855
47298
47299
46858
46860
46858
46861
46862
46860
46861
46862
47304
46862
47305
47306
46865
46867
46865
46868
46869
46867
46868
46869
47311
46869
47312
47313
46872
46874
46872
46875
46876
46874
46875
46876
47318
46876
47319
47320
46879
46881
46879
46882
46883
46881
46882
46883
47325
46883
47326
47327
46886
46888
46886
46889
46890
46888
46889
46890
47332
46890
47333
47334
46893
46895
46893
46896
46897
46895
46896
46897
47339
46897
47340
47341
46900
46902
46900
46903
46904
46902
46903
46904
47346
46904
47347
47348
46907
46909
46907
46910
46911
46909
46910
46911
47353
46911
47354
47355
46914
46916
46914
46917
46918
46916
46917
46918
47360
46918
47361
47362
46921
46923
46921
46924
46925
46923
46924
46925
47367
46925
47368
47369
46928
46930
46928
46931
46932
46930
46931
46932
47374
46932
47375
47376
46935
46937
46935
46938
46939
46941
46937
46938
46939
46943
47381
46939
47382
46945
47383
46942
46944
46942
46945
46946
46944
46945
46946
47388
46946
47389
47390
46949
46951
46949
46952
46953
46951
46952
46953
47395
46953
47396
47397
46956
46958
46956
46959
46960
46958
46959
46960
47402
46960
47403
47404
46963
46965
46963
46966
46967
46965
46966
46967
47409
46967
47410
47411
46970
46972
46970
46973
46974
46972
46973
46974
47416
46974
47417
47418
46977
46979
46977
46980
46981
46979
46980
46981
47423
46981
47424
47425
46984
46986
46984
46987
46988
46986
46987
46988
47430
46988
47431
47432
46991
46993
46991
46994
46995
46993
46994
46995
47437
46995
47438
47439
46998
47000
46998
47001
47002
47000
47001
47002
47444
47002
47445
47446
47005
47007
47005
47008
47009
47007
47008
47009
47451
47009
47452
47453
47012
47014
47012
47015
47016
47014
47015
47016
47458
47016
47459
47460
47019
47021
47019
47022
47023
47021
47022
47023
47465
47023
47466
47467
47026
47028
47026
47029
47030
47028
47029
47030
47472
47030
47473
47474
47033
47035
47033
47036
47037
47035
47036
47037
47479
47037
47480
47481
47040
47042
47040
47043
47044
47042
47043
47044
47486
47044
47487
47488
47047
47049
47047
47050
47051
47059
47049
47050
47051
47493
47051
47062
47494
47063
47495
47054
47056
47054
47057
47058
47066
47056
47057
47058
47500
47058
47069
47501
47070
47502
47061
47063
47061
47064
47065
47063
47064
47065
47507
47065
47508
47509
47068
47070
47068
47071
47072
47070
47071
47072
47514
47072
47515
47516
47075
47077
47075
47078
47079
47077
47078
47079
47521
47079
47522
47523
47082
47084
47082
47085
47086
47084
47085
47086
47528
47086
47529
47530
47089
47091
47089
47092
47093
47091
47092
47093
47535
47093
47536
47537
47096
47098
47096
47099
47100
47098
47099
47100
47542
47100
47543
47544
47103
47105
47103
47106
47107
47105
47106
47107
47549
47107
47550
47551
47110
47112
47110
47113
47114
47112
47113
47114
47556
47114
47557
47558
47117
47119
47117
47120
47121
47119
47120
47121
47563
47121
47564
47565
47124
47126
47124
47127
47128
47126
47127
47128
47570
47128
47571
47572
47131
47133
47131
47134
47135
47133
47134
47135
47577
47135
47578
47579
47138
47140
47138
47141
47142
47140
47141
47142
47584
47142
47585
47586
47145
47147
47145
47148
47149
47147
47148
47149
47591
47149
47592
47593
47152
47154
47152
47155
47156
47154
47155
47156
47598
47156
47599
47600
47159
47161
47159
47162
47163
47161
47162
47163
47605
47163
47606
47607
47166
47168
47166
47169
47170
47168
47169
47170
47612
47170
47613
47614
47173
47175
47173
47176
47177
47179
47175
47176
47177
47181
47619
47177
47620
47183
47621
47180
47182
47180
47183
47184
47182
47183
47184
47626
47184
47627
47628
47187
47189
47187
47190
47191
47189
47190
47191
47633
47191
47634
47635
47194
47196
47194
47197
47198
47196
47197
47198
47640
47198
47641
47642
47201
47203
47201
47204
47205
47203
47204
47205
47647
47205
47648
47649
47208
47210
47208
47211
47212
47210
47211
47212
47654
47212
47655
47656
47215
47217
47215
47218
47219
47217
47218
47219
47661
47219
47662
47663
47222
47224
47222
47225
47226
47224
47225
47226
47668
47226
47669
47670
47229
47231
47229
47232
47233
47231
47232
47233
47675
47233
47676
47677
47236
47238
47236
47239
47240
47238
47239
47240
47682
47240
47683
47684
47243
47245
47243
47246
47247
47245
47246
47247
47689
47247
47690
47691
47250
47252
47250
47253
47254
47252
47253
47254
47696
47254
47697
47698
47257
47259
47257
47260
47261
47259
47260
47261
47703
47261
47704
47705
47264
47266
47264
47267
47268
47266
47267
47268
47710
47268
47711
47712
47271
47273
47271
47274
47275
47273
47274
47275
47717
47275
47718
47719
47278
47280
47278
47281
47282
47280
47281
47282
47724
47282
47725
47726
47285
47287
47285
47288
47289
47287
47288
47289
47731
47289
47732
47733
47292
47294
47292
47295
47296
47294
47295
47296
47738
47296
47739
47740
47299
47301
47299
47302
47303
47301
47302
47303
47745
47303
47746
47747
47306
47308
47306
47309
47310
47308
47309
47310
47752
47310
47753
47754
47313
47315
47313
47316
47317
47315
47316
47317
47759
47317
47760
47761
47320
47322
47320
47323
47324
47322
47323
47324
47766
47324
47767
47768
47327
47329
47327
47330
47331
47329
47330
47331
47773
47331
47774
47775
47334
47336
47334
47337
47338
47336
47337
47338
47780
47338
47781
47782
47341
47343
47341
47344
47345
47343
47344
47345
47787
47345
47788
47789
47348
47350
47348
47351
47352
47350
47351
47352
47794
47352
47795
47796
47355
47357
47355
47358
47359
47357
47358
47359
47801
47359
47802
47803
47362
47364
47362
47365
47366
47364
47365
47366
47808
47366
47809
47810
47369
47371
47369
47372
47373
47371
47372
47373
47815
47373
47816
47817
47376
47378
47376
47379
47380
47378
47379
47380
47822
47380
47823
47824
47383
47385
47383
47386
47387
47389
47385
47386
47387
47391
47829
47387
47830
47393
47831
47390
47392
47390
47393
47394
47392
47393
47394
47836
47394
47837
47838
47397
47399
47397
47400
47401
47399
47400
47401
47843
47401
47844
47845
47404
47406
47404
47407
47408
47406
47407
47408
47850
47408
47851
47852
47411
47413
47411
47414
47415
47413
47414
47415
47857
47415
47858
47859
47418
47420
47418
47421
47422
47420
47421
47422
47864
47422
47865
47866
47425
47427
47425
47428
47429
47427
47428
47429
47871
47429
47872
47873
47432
47434
47432
47435
47436
47434
47435
47436
47878
47436
47879
47880
47439
47441
47439
47442
47443
47441
47442
47443
47885
47443
47886
47887
47446
47448
47446
47449
47450
47448
47449
47450
47892
47450
47893
47894
47453
47455
47453
47456
47457
47455
47456
47457
47899
47457
47900
47901
47460
47462
47460
47463
47464
47462
47463
47464
47906
47464
47907
47908
47467
47469
47467
47470
47471
47469
47470
47471
47913
47471
47914
47915
47474
47476
47474
47477
47478
47476
47477
47478
47920
47478
47921
47922
47481
47483
47481
47484
47485
47483
47484
47485
47927
47485
47928
47929
47488
47490
47488
47491
47492
47490
47491
47492
47934
47492
47935
47936
47495
47497
47495
47498
47499
47507
47497
47498
47499
47941
47499
47510
47942
47511
47943
47502
47504
47502
47505
47506
47514
47504
47505
47506
47948
47506
47517
47949
47518
47950
47509
47511
47509
47512
47513
47511
47512
47513
47955
47513
47956
47957
47516
47518
47516
47519
47520
47518
47519
47520
47962
47520
47963
47964
47523
47525
47523
47526
47527
47525
47526
47527
47969
47527
47970
47971
47530
47532
47530
47533
47534
47532
47533
47534
47976
47534
47977
47978
47537
47539
47537
47540
47541
47539
47540
47541
47983
47541
47984
47985
47544
47546
47544
47547
47548
47546
47547
47548
47990
47548
47991
47992
47551
47553
47551
47554
47555
47553
47554
47555
47997
47555
47998
47999
47558
47560
47558
47561
47562
47560
47561
47562
48004
47562
48005
48006
47565
47567
47565
47568
47569
47567
47568
47569
48011
47569
48012
48013
47572
47574
47572
47575
47576
47574
47575
47576
48018
47576
48019
48020
47579
47581
47579
47582
47583
47581
47582
47583
48025
47583
48026
48027
47586
47588
47586
47589
47590
47588
47589
47590
48032
47590
48033
48034
47593
47595
47593
47596
47597
47595
47596
47597
48039
47597
48040
48041
47600
47602
47600
47603
47604
47602
47603
47604
48046
47604
48047
48048
47607
47609
47607
47610
47611
47609
47610
47611
48053
47611
48054
48055
47614
47616
47614
47617
47618
47616
47617
47618
48060
47618
48061
48062
47621
47623
47621
47624
47625
47627
47623
47624
47625
47629
48067
47625
48068
47631
48069
47628
47630
47628
47631
47632
47630
47631
47632
48074
47632
48075
48076
47635
47637
47635
47638
47639
47637
47638
47639
48081
47639
48082
48083
47642
47644
47642
47645
47646
47644
47645
47646
48088
47646
48089
48090
47649
47651
47649
47652
47653
47651
47652
47653
48095
47653
48096
48097
47656
47658
47656
47659
47660
47658
47659
47660
48102
47660
48103
48104
47663
47665
47663
47666
47667
47665
47666
47667
48109
47667
48110
48111
47670
47672
47670
47673
47674
47672
47673
47674
48116
47674
48117
48118
47677
47679
47677
47680
47681
47679
47680
47681
48123
47681
48124
48125
47684
47686
47684
47687
47688
47686
47687
47688
48130
47688
48131
48132
47691
47693
47691
47694
47695
47693
47694
47695
48137
47695
48138
48139
47698
47700
47698
47701
47702
47700
47701
47702
48144
47702
48145
48146
47705
47707
47705
47708
47709
47707
47708
47709
48151
47709
48152
48153
47712
47714
47712
47715
47716
47714
47715
47716
48158
47716
48159
48160
47719
47721
47719
47722
47723
47721
47722
47723
48165
47723
48166
48167
47726
47728
47726
47729
47730
47728
47729
47730
48172
47730
48173
48174
47733
47735
47733
47736
47737
47735
47736
47737
48179
47737
48180
48181
47740
47742
47740
47743
47744
47742
47743
47744
48186
47744
48187
48188
47747
47749
47747
47750
47751
47749
47750
47751
48193
47751
48194
48195
47754
47756
47754
47757
47758
47756
47757
47758
48200
47758
48201
48202
47761
47763
47761
47764
47765
47763
47764
47765
48207
47765
48208
48209
47768
47770
47768
47771
47772
47770
47771
47772
48214
47772
48215
48216
47775
47777
47775
47778
47779
47777
47778
47779
48221
47779
48222
48223
47782
47784
47782
47785
47786
47784
47785
47786
48228
47786
48229
48230
47789
47791
47789
47792
47793
47791
47792
47793
48235
47793
48236
48237
47796
47798
47796
47799
47800
47798
47799
47800
48242
47800
48243
48244
47803
47805
47803
47806
47807
47805
47806
47807
48249
47807
48250
48251
47810
47812
47810
47813
47814
47812
47813
47814
48256
47814
48257
48258
47817
47819
47817
47820
47821
47819
47820
47821
48263
47821
48264
48265
47824
47826
47824
47827
47828
47826
47827
47828
48270
47828
48271
48272
47831
47833
47831
47834
47835
47837
47833
47834
47835
47839
48277
47835
48278
47841
48279
47838
47840
47838
47841
47842
47840
47841
47842
48284
47842
48285
48286
47845
47847
47845
47848
47849
47847
47848
47849
48291
47849
48292
48293
47852
47854
47852
47855
47856
47854
47855
47856
48298
47856
48299
48300
47859
47861
47859
47862
47863
47861
47862
47863
48305
47863
48306
48307
47866
47868
47866
47869
47870
47868
47869
47870
48312
47870
48313
48314
47873
47875
47873
47876
47877
47875
47876
47877
48319
47877
48320
48321
47880
47882
47880
47883
47884
47882
47883
47884
48326
47884
48327
48328
47887
47889
47887
47890
47891
47889
47890
47891
48333
47891
48334
48335
47894
47896
47894
47897
47898
47896
47897
47898
48340
47898
48341
48342
47901
47903
47901
47904
47905
47903
47904
47905
48347
47905
48348
48349
47908
47910
47908
47911
47912
47910
47911
47912
48354
47912
48355
48356
47915
47917
47915
47918
47919
47917
47918
47919
48361
47919
48362
48363
47922
47924
47922
47925
47926
47924
47925
47926
48382
47926
48383
48384
47929
47931
47929
47932
47933
47931
47932
47933
48389
47933
48390
48391
47936
47938
47936
47939
47940
47938
47939
47940
48396
47940
48397
48398
47943
47945
47943
47946
47947
47955
47945
47946
47947
48403
47947
47958
48404
47959
48405
47950
47952
47950
47953
47954
47962
47952
47953
47954
48424
47954
47965
48425
47966
48426
47957
47959
47957
47960
47961
47959
47960
47961
48431
47961
48432
48433
47964
47966
47964
47967
47968
47966
47967
47968
48452
47968
48453
48454
47971
47973
47971
47974
47975
47973
47974
47975
48459
47975
48460
48461
47978
47980
47978
47981
47982
47980
47981
47982
48466
47982
48467
48468
47985
47987
47985
47988
47989
47987
47988
47989
48473
47989
48474
48475
47992
47994
47992
47995
47996
47994
47995
47996
48494
47996
48495
48496
47999
48001
47999
48002
48003
48001
48002
48003
48501
48003
48502
48503
48006
48008
48006
48009
48010
48008
48009
48010
48508
48010
48509
48510
48013
48015
48013
48016
48017
48015
48016
48017
48515
48017
48516
48517
48020
48022
48020
48023
48024
48022
48023
48024
48522
48024
48523
48524
48027
48029
48027
48030
48031
48029
48030
48031
48529
48031
48530
48531
48034
48036
48034
48037
48038
48036
48037
48038
48536
48038
48537
48538
48041
48043
48041
48044
48045
48043
48044
48045
48543
48045
48544
48545
48048
48050
48048
48051
48052
48050
48051
48052
48550
48052
48551
48552
48055
48057
48055
48058
48059
48057
48058
48059
48557
48059
48558
48559
48062
48064
48062
48065
48066
48064
48065
48066
48564
48066
48565
48566
48069
48071
48069
48072
48073
48075
48071
48072
48073
48077
48571
48073
48572
48079
48573
48076
48078
48076
48079
48080
48078
48079
48080
48578
48080
48579
48580
48083
48085
48083
48086
48087
48085
48086
48087
48585
48087
48586
48587
48090
48092
48090
48093
48094
48092
48093
48094
48592
48094
48593
48594
48097
48099
48097
48100
48101
48099
48100
48101
48599
48101
48600
48601
48104
48106
48104
48107
48108
48106
48107
48108
48606
48108
48607
48608
48111
48113
48111
48114
48115
48113
48114
48115
48613
48115
48614
48615
48118
48120
48118
48121
48122
48120
48121
48122
48620
48122
48621
48622
48125
48127
48125
48128
48129
48127
48128
48129
48627
48129
48628
48629
48132
48134
48132
48135
48136
48134
48135
48136
48634
48136
48635
48636
48139
48141
48139
48142
48143
48141
48142
48143
48641
48143
48642
48643
48146
48148
48146
48149
48150
48148
48149
48150
48648
48150
48649
48650
48153
48155
48153
48156
48157
48155
48156
48157
48655
48157
48656
48657
48160
48162
48160
48163
48164
48162
48163
48164
48662
48164
48663
48664
48167
48169
48167
48170
48171
48169
48170
48171
48669
48171
48670
48671
48174
48176
48174
48177
48178
48176
48177
48178
48676
48178
48677
48678
48181
48183
48181
48184
48185
48183
48184
48185
48683
48185
48684
48685
48188
48190
48188
48191
48192
48190
48191
48192
48690
48192
48691
48692
48195
48197
48195
48198
48199
48197
48198
48199
48697
48199
48698
48699
48202
48204
48202
48205
48206
48204
48205
48206
48704
48206
48705
48706
48209
48211
48209
48212
48213
48211
48212
48213
48711
48213
48712
48713
48216
48218
48216
48219
48220
48218
48219
48220
48718
48220
48719
48720
48223
48225
48223
48226
48227
48225
48226
48227
48725
48227
48726
48727
48230
48232
48230
48233
48234
48232
48233
48234
48732
48234
48733
48734
48237
48239
48237
48240
48241
48239
48240
48241
48739
48241
48740
48741
48244
48246
48244
48247
48248
48246
48247
48248
48746
48248
48747
48748
48251
48253
48251
48254
48255
48253
48254
48255
48753
48255
48754
48755
48258
48260
48258
48261
48262
48260
48261
48262
48760
48262
48761
48762
48265
48267
48265
48268
48269
48267
48268
48269
48767
48269
48768
48769
48272
48274
48272
48275
48276
48274
48275
48276
48774
48276
48775
48776
48279
48281
48279
48282
48283
48285
48281
48282
48283
48287
48781
48283
48782
48289
48783
48286
48288
48286
48289
48290
48288
48289
48290
48788
48290
48789
48790
48293
48295
48293
48296
48297
48295
48296
48297
48795
48297
48796
48797
48300
48302
48300
48303
48304
48302
48303
48304
48802
48304
48803
48804
48307
48309
48307
48310
48311
48309
48310
48311
48809
48311
48810
48811
48314
48316
48314
48317
48318
48316
48317
48318
48816
48318
48817
48818
48321
48323
48321
48324
48325
48323
48324
48325
48823
48325
48824
48825
48328
48330
48328
48331
48332
48330
48331
48332
48830
48332
48831
48832
48335
48337
48335
48338
48339
48337
48338
48339
48837
48339
48838
48839
48342
48344
48342
48345
48346
48344
48345
48346
48844
48346
48845
48846
48349
48351
48349
48352
48353
48351
48352
48353
48865
48353
48866
48867
48356
48358
48356
48359
48360
48358
48359
48360
48872
48360
48873
48874
48363
48365
48363
48366
48367
48365
48366
48367
48879
48367
48880
48881
48370
48372
48370
48373
48374
48376
48372
48373
48374
48378
48374
48380
48377
48379
48377
48380
48381
48379
48380
48381
48381
48384
48386
48384
48387
48388
48386
48387
48388
48886
48388
48887
48888
48391
48393
48391
48394
48395
48393
48394
48395
48893
48395
48894
48895
48398
48400
48398
48401
48402
48400
48401
48402
48928
48402
48929
48930
48405
48407
48405
48408
48409
48431
48407
48408
48409
48963
48409
48434
48964
48435
48965
48412
48414
48412
48415
48416
48438
48414
48415
48416
48416
48441
48442
48419
48421
48419
48422
48423
48445
48421
48422
48423
48423
48448
48449
48426
48428
48426
48429
48430
48452
48428
48429
48430
48984
48430
48455
48985
48456
48986
48433
48435
48433
48436
48437
48435
48436
48437
48991
48437
48992
48993
48440
48442
48440
48443
48444
48442
48443
48444
48444
48447
48449
48447
48450
48451
48449
48450
48451
48451
48454
48456
48454
48457
48458
48456
48457
48458
49012
48458
49013
49014
48461
48463
48461
48464
48465
48463
48464
48465
49047
48465
49048
49049
48468
48470
48468
48471
48472
48470
48471
48472
49082
48472
49083
49084
48475
48477
48475
48478
48479
48477
48478
48479
49089
48479
49090
49091
48482
48484
48482
48485
48486
48488
48484
48485
48486
48490
48486
48492
48489
48491
48489
48492
48493
48491
48492
48493
48493
48496
48498
48496
48499
48500
48498
48499
48500
49096
48500
49097
49098
48503
48505
48503
48506
48507
48505
48506
48507
49103
48507
49104
49105
48510
48512
48510
48513
48514
48512
48513
48514
49110
48514
49111
49112
48517
48519
48517
48520
48521
48519
48520
48521
49131
48521
49132
49133
48524
48526
48524
48527
48528
48526
48527
48528
49138
48528
49139
49140
48531
48533
48531
48534
48535
48533
48534
48535
49145
48535
49146
49147
48538
48540
48538
48541
48542
48540
48541
48542
49152
48542
49153
49154
48545
48547
48545
48548
48549
48547
48548
48549
49159
48549
49160
49161
48552
48554
48552
48555
48556
48554
48555
48556
49166
48556
49167
49168
48559
48561
48559
48562
48563
48561
48562
48563
49173
48563
49174
49175
48566
48568
48566
48569
48570
48568
48569
48570
49180
48570
49181
49182
48573
48575
48573
48576
48577
48579
48575
48576
48577
48581
49187
48577
49188
48583
49189
48580
48582
48580
48583
48584
48582
48583
48584
49194
48584
49195
49196
48587
48589
48587
48590
48591
48589
48590
48591
49201
48591
49202
49203
48594
48596
48594
48597
48598
48596
48597
48598
49208
48598
49209
49210
48601
48603
48601
48604
48605
48603
48604
48605
49215
48605
49216
49217
48608
48610
48608
48611
48612
48610
48611
48612
49222
48612
49223
49224
48615
48617
48615
48618
48619
48617
48618
48619
49229
48619
49230
49231
48622
48624
48622
48625
48626
48624
48625
48626
49236
48626
49237
49238
48629
48631
48629
48632
48633
48631
48632
48633
49243
48633
49244
49245
48636
48638
48636
48639
48640
48638
48639
48640
49250
48640
49251
49252
48643
48645
48643
48646
48647
48645
48646
48647
49257
48647
49258
49259
48650
48652
48650
48653
48654
48652
48653
48654
49264
48654
49265
49266
48657
48659
48657
48660
48661
48659
48660
48661
49271
48661
49272
49273
48664
48666
48664
48667
48668
48666
48667
48668
49278
48668
49279
49280
48671
48673
48671
48674
48675
48673
48674
48675
49285
48675
49286
49287
48678
48680
48678
48681
48682
48680
48681
48682
49292
48682
49293
49294
48685
48687
48685
48688
48689
48687
48688
48689
48689
48692
48694
48692
48695
48696
48694
48695
48696
48696
48699
48701
48699
48702
48703
48701
48702
48703
48703
48706
48708
48706
48709
48710
48708
48709
48710
48710
48713
48715
48713
48716
48717
48715
48716
48717
48717
48720
48722
48720
48723
48724
48722
48723
48724
48724
48727
48729
48727
48730
48731
48729
48730
48731
48731
48734
48736
48734
48737
48738
48736
48737
48738
48738
48741
48743
48741
48744
48745
48743
48744
48745
48745
48748
48750
48748
48751
48752
48750
48751
48752
48752
48755
48757
48755
48758
48759
48757
48758
48759
48759
48762
48764
48762
48765
48766
48764
48765
48766
48766
48769
48771
48769
48772
48773
48771
48772
48773
48773
48776
48778
48776
48779
48780
48778
48779
48780
48780
48783
48785
48783
48786
48787
48789
48785
48786
48787
48791
49299
48787
49300
48793
49301
48790
48792
48790
48793
48794
48792
48793
48794
49306
48794
49307
49308
48797
48799
48797
48800
48801
48799
48800
48801
48801
48804
48806
48804
48807
48808
48806
48807
48808
48808
48811
48813
48811
48814
48815
48813
48814
48815
48815
48818
48820
48818
48821
48822
48820
48821
48822
49313
48822
49314
49315
48825
48827
48825
48828
48829
48827
48828
48829
49320
48829
49321
49322
48832
48834
48832
48835
48836
48834
48835
48836
48836
48839
48841
48839
48842
48843
48841
48842
48843
48843
48846
48848
48846
48849
48850
48848
48849
48850
48850
48853
48855
48853
48856
48857
48855
48856
48857
48857
48860
48862
48860
48863
48864
48862
48863
48864
48864
48867
48869
48867
48870
48871
48869
48870
48871
48871
48874
48876
48874
48877
48878
48876
48877
48878
48878
48881
48883
48881
48884
48885
48883
48884
48885
49327
48885
49328
49329
48888
48890
48888
48891
48892
48890
48891
48892
49334
48892
49335
49336
48895
48897
48895
48898
48899
48897
48898
48899
48899
48902
48904
48902
48905
48906
48908
48904
48905
48906
48910
48906
48912
48909
48911
48909
48912
48913
48915
48911
48912
48913
48917
49341
48913
49342
48919
49343
48916
48918
48916
48919
48920
48922
48918
48919
48920
48924
49348
48920
49349
48926
49350
48923
48925
48923
48926
48927
48925
48926
48927
48927
48930
48932
48930
48933
48934
48932
48933
48934
48934
48937
48939
48937
48940
48941
48939
48940
48941
48941
48944
48946
48944
48947
48948
48970
48946
48947
48948
48948
48973
48974
48951
48953
48951
48954
48955
48977
48953
48954
48955
48955
48980
48981
48958
48960
48958
48961
48962
48960
48961
48962
48962
48965
48967
48965
48968
48969
48991
48967
48968
48969
49355
48969
48994
49356
48995
49357
48972
48974
48972
48975
48976
48998
48974
48975
48976
49362
48976
49001
49363
49002
49364
48979
48981
48979
48982
48983
49005
48981
48982
48983
49369
48983
49008
49370
49009
49371
48986
48988
48986
48989
48990
49012
48988
48989
48990
49376
48990
49015
49377
49016
49378
48993
48995
48993
48996
48997
48995
48996
48997
49383
48997
49384
49385
49000
49002
49000
49003
49004
49026
49002
49003
49004
49390
49004
49029
49391
49030
49392
49007
49009
49007
49010
49011
49033
49009
49010
49011
49397
49011
49036
49398
49037
49399
49014
49016
49014
49017
49018
49016
49017
49018
49404
49018
49405
49406
49021
49023
49021
49024
49025
49023
49024
49025
49025
49028
49030
49028
49031
49032
49030
49031
49032
49032
49035
49037
49035
49038
49039
49037
49038
49039
49039
49042
49044
49042
49045
49046
49044
49045
49046
49046
49049
49051
49049
49052
49053
49051
49052
49053
49053
49056
49058
49056
49059
49060
49062
49058
49059
49060
49064
49060
49066
49063
49065
49063
49066
49067
49069
49065
49066
49067
49071
49411
49067
49412
49073
49413
49070
49072
49070
49073
49074
49076
49072
49073
49074
49078
49418
49074
49419
49080
49420
49077
49079
49077
49080
49081
49079
49080
49081
49081
49084
49086
49084
49087
49088
49086
49087
49088
49088
49091
49093
49091
49094
49095
49093
49094
49095
49425
49095
49426
49427
49098
49100
49098
49101
49102
49100
49101
49102
49432
49102
49433
49434
49105
49107
49105
49108
49109
49107
49108
49109
49109
49112
49114
49112
49115
49116
49114
49115
49116
49116
49119
49121
49119
49122
49123
49121
49122
49123
49123
49126
49128
49126
49129
49130
49128
49129
49130
49130
49133
49135
49133
49136
49137
49135
49136
49137
49137
49140
49142
49140
49143
49144
49142
49143
49144
49144
49147
49149
49147
49150
49151
49149
49150
49151
49151
49154
49156
49154
49157
49158
49156
49157
49158
49439
49158
49440
49441
49161
49163
49161
49164
49165
49163
49164
49165
49446
49165
49447
49448
49168
49170
49168
49171
49172
49170
49171
49172
49172
49175
49177
49175
49178
49179
49177
49178
49179
49179
49182
49184
49182
49185
49186
49184
49185
49186
49186
49189
49191
49189
49192
49193
49195
49191
49192
49193
49197
49453
49193
49454
49199
49455
49196
49198
49196
49199
49200
49198
49199
49200
49460
49200
49461
49462
49203
49205
49203
49206
49207
49205
49206
49207
49207
49210
49212
49210
49213
49214
49212
49213
49214
49214
49217
49219
49217
49220
49221
49219
49220
49221
49221
49224
49226
49224
49227
49228
49226
49227
49228
49228
49231
49233
49231
49234
49235
49233
49234
49235
49235
49238
49240
49238
49241
49242
49240
49241
49242
49242
49245
49247
49245
49248
49249
49247
49248
49249
49249
49252
49254
49252
49255
49256
49254
49255
49256
49256
49259
49261
49259
49262
49263
49261
49262
49263
49263
49266
49268
49266
49269
49270
49268
49269
49270
49270
49273
49275
49273
49276
49277
49275
49276
49277
49277
49280
49282
49280
49283
49284
49282
49283
49284
49284
49287
49289
49287
49290
49291
49289
49290
49291
49291
49294
49296
49294
49297
49298
49296
49297
49298
49298
49301
49303
49301
49304
49305
49307
49303
49304
49305
49309
49467
49305
49468
49311
49469
49308
49310
49308
49311
49312
49310
49311
49312
49474
49312
49475
49476
49315
49317
49315
49318
49319
49317
49318
49319
49481
49319
49482
49483
49322
49324
49322
49325
49326
49324
49325
49326
49488
49326
49489
49490
49329
49331
49329
49332
49333
49331
49332
49333
49495
49333
49496
49497
49336
49338
49336
49339
49340
49338
49339
49340
49502
49340
49503
49504
49343
49345
49343
49346
49347
49349
49345
49346
49347
49351
49509
49347
49510
49353
49511
49350
49352
49350
49353
49354
49352
49353
49354
49516
49354
49517
49518
49357
49359
49357
49360
49361
49383
49359
49360
49361
49523
49361
49386
49524
49387
49525
49364
49366
49364
49367
49368
49390
49366
49367
49368
49530
49368
49393
49531
49394
49532
49371
49373
49371
49374
49375
49397
49373
49374
49375
49537
49375
49400
49538
49401
49539
49378
49380
49378
49381
49382
49404
49380
49381
49382
49544
49382
49407
49545
49408
49546
49385
49387
49385
49388
49389
49387
49388
49389
49551
49389
49552
49553
49392
49394
49392
49395
49396
49394
49395
49396
49558
49396
49559
49560
49399
49401
49399
49402
49403
49401
49402
49403
49565
49403
49566
49567
49406
49408
49406
49409
49410
49408
49409
49410
49572
49410
49573
49574
49413
49415
49413
49416
49417
49419
49415
49416
49417
49421
49579
49417
49580
49423
49581
49420
49422
49420
49423
49424
49422
49423
49424
49586
49424
49587
49588
49427
49429
49427
49430
49431
49429
49430
49431
49593
49431
49594
49595
49434
49436
49434
49437
49438
49436
49437
49438
49600
49438
49601
49602
49441
49443
49441
49444
49445
49443
49444
49445
49607
49445
49608
49609
49448
49450
49448
49451
49452
49450
49451
49452
49614
49452
49615
49616
49455
49457
49455
49458
49459
49461
49457
49458
49459
49463
49621
49459
49622
49465
49623
49462
49464
49462
49465
49466
49464
49465
49466
49628
49466
49629
49630
49469
49471
49469
49472
49473
49475
49471
49472
49473
49477
49635
49473
49636
49479
49637
49476
49478
49476
49479
49480
49478
49479
49480
49642
49480
49643
49644
49483
49485
49483
49486
49487
49485
49486
49487
49649
49487
49650
49651
49490
49492
49490
49493
49494
49492
49493
49494
49656
49494
49657
49658
49497
49499
49497
49500
49501
49499
49500
49501
49663
49501
49664
49665
49504
49506
49504
49507
49508
49506
49507
49508
49670
49508
49671
49672
49511
49513
49511
49514
49515
49517
49513
49514
49515
49519
49677
49515
49678
49521
49679
49518
49520
49518
49521
49522
49520
49521
49522
49684
49522
49685
49686
49525
49527
49525
49528
49529
49551
49527
49528
49529
49691
49529
49554
49692
49555
49693
49532
49534
49532
49535
49536
49558
49534
49535
49536
49698
49536
49561
49699
49562
49700
49539
49541
49539
49542
49543
49565
49541
49542
49543
49705
49543
49568
49706
49569
49707
49546
49548
49546
49549
49550
49572
49548
49549
49550
49712
49550
49575
49713
49576
49714
49553
49555
49553
49556
49557
49555
49556
49557
49719
49557
49720
49721
49560
49562
49560
49563
49564
49562
49563
49564
49726
49564
49727
49728
49567
49569
49567
49570
49571
49569
49570
49571
49733
49571
49734
49735
49574
49576
49574
49577
49578
49576
49577
49578
49740
49578
49741
49742
49581
49583
49581
49584
49585
49587
49583
49584
49585
49589
49747
49585
49748
49591
49749
49588
49590
49588
49591
49592
49590
49591
49592
49754
49592
49755
49756
49595
49597
49595
49598
49599
49597
49598
49599
49761
49599
49762
49763
49602
49604
49602
49605
49606
49604
49605
49606
49768
49606
49769
49770
49609
49611
49609
49612
49613
49611
49612
49613
49775
49613
49776
49777
49616
49618
49616
49619
49620
49618
49619
49620
49782
49620
49783
49784
49623
49625
49623
49626
49627
49629
49625
49626
49627
49631
49789
49627
49790
49633
49791
49630
49632
49630
49633
49634
49632
49633
49634
49796
49634
49797
49798
49637
49639
49637
49640
49641
49643
49639
49640
49641
49645
49803
49641
49804
49647
49805
49644
49646
49644
49647
49648
49646
49647
49648
49810
49648
49811
49812
49651
49653
49651
49654
49655
49653
49654
49655
49817
49655
49818
49819
49658
49660
49658
49661
49662
49660
49661
49662
49662
49665
49667
49665
49668
49669
49667
49668
49669
49831
49669
49832
49833
49672
49674
49672
49675
49676
49674
49675
49676
49838
49676
49839
49840
49679
49681
49679
49682
49683
49685
49681
49682
49683
49687
49845
49683
49846
49689
49847
49686
49688
49686
49689
49690
49688
49689
49690
49852
49690
49853
49854
49693
49695
49693
49696
49697
49719
49695
49696
49697
49859
49697
49722
49860
49723
49861
49700
49702
49700
49703
49704
49726
49702
49703
49704
49866
49704
49729
49867
49730
49868
49707
49709
49707
49710
49711
49733
49709
49710
49711
49873
49711
49736
49874
49737
49875
49714
49716
49714
49717
49718
49740
49716
49717
49718
49880
49718
49743
49881
49744
49882
49721
49723
49721
49724
49725
49723
49724
49725
49887
49725
49888
49889
49728
49730
49728
49731
49732
49730
49731
49732
49894
49732
49895
49896
49735
49737
49735
49738
49739
49737
49738
49739
49901
49739
49902
49903
49742
49744
49742
49745
49746
49744
49745
49746
49908
49746
49909
49910
49749
49751
49749
49752
49753
49755
49751
49752
49753
49757
49915
49753
49916
49759
49917
49756
49758
49756
49759
49760
49758
49759
49760
49922
49760
49923
49924
49763
49765
49763
49766
49767
49765
49766
49767
49929
49767
49930
49931
49770
49772
49770
49773
49774
49772
49773
49774
49936
49774
49937
49938
49777
49779
49777
49780
49781
49779
49780
49781
49943
49781
49944
49945
49784
49786
49784
49787
49788
49786
49787
49788
49950
49788
49951
49952
49791
49793
49791
49794
49795
49797
49793
49794
49795
49799
49957
49795
49958
49801
49959
49798
49800
49798
49801
49802
49800
49801
49802
49964
49802
49965
49966
49805
49807
49805
49808
49809
49811
49807
49808
49809
49813
49971
49809
49972
49815
49973
49812
49814
49812
49815
49816
49814
49815
49816
49978
49816
49979
49980
49819
49821
49819
49822
49823
49821
49822
49823
49985
49823
49986
49987
49826
49828
49826
49829
49830
49828
49829
49830
49830
49833
49835
49833
49836
49837
49835
49836
49837
49999
49837
50000
50001
49840
49842
49840
49843
49844
49842
49843
49844
49844
49847
49849
49847
49850
49851
49853
49849
49850
49851
49855
50006
49851
50007
49857
50008
49854
49856
49854
49857
49858
49856
49857
49858
50013
49858
50014
50015
49861
49863
49861
49864
49865
49887
49863
49864
49865
50020
49865
49890
50021
49891
50022
49868
49870
49868
49871
49872
49894
49870
49871
49872
50027
49872
49897
50028
49898
50029
49875
49877
49875
49878
49879
49901
49877
49878
49879
50034
49879
49904
50035
49905
50036
49882
49884
49882
49885
49886
49908
49884
49885
49886
50041
49886
49911
50042
49912
50043
49889
49891
49889
49892
49893
49891
49892
49893
50048
49893
50049
50050
49896
49898
49896
49899
49900
49898
49899
49900
50055
49900
50056
50057
49903
49905
49903
49906
49907
49905
49906
49907
50062
49907
50063
50064
49910
49912
49910
49913
49914
49912
49913
49914
50069
49914
50070
50071
49917
49919
49917
49920
49921
49923
49919
49920
49921
49925
50076
49921
50077
49927
50078
49924
49926
49924
49927
49928
49926
49927
49928
50083
49928
50084
50085
49931
49933
49931
49934
49935
49933
49934
49935
50090
49935
50091
50092
49938
49940
49938
49941
49942
49940
49941
49942
50097
49942
50098
50099
49945
49947
49945
49948
49949
49947
49948
49949
50104
49949
50105
50106
49952
49954
49952
49955
49956
49954
49955
49956
50111
49956
50112
50113
49959
49961
49959
49962
49963
49965
49961
49962
49963
49967
50118
49963
50119
49969
50120
49966
49968
49966
49969
49970
49968
49969
49970
50125
49970
50126
50127
49973
49975
49973
49976
49977
49979
49975
49976
49977
49981
50132
49977
50133
49983
50134
49980
49982
49980
49983
49984
49982
49983
49984
50139
49984
50140
50141
49987
49989
49987
49990
49991
49989
49990
49991
50146
49991
50147
50148
49994
49996
49994
49997
51177
49998
49996
49997
51179
49998
50188
49998
50189
51181
50190
50001
50003
50001
50004
50005
50003
50004
50005
50195
50005
50196
50197
50008
50010
50008
50011
50012
50014
50010
50011
50012
50016
50209
50012
50210
50018
50211
50015
50017
50015
50018
50019
50017
50018
50019
50216
50019
50217
50218
50022
50024
50022
50025
50026
50048
50024
50025
50026
50223
50026
50051
50224
50052
50225
50029
50031
50029
50032
50033
50055
50031
50032
50033
50230
50033
50058
50231
50059
50232
50036
50038
50036
50039
50040
50062
50038
50039
50040
50237
50040
50065
50238
50066
50239
50043
50045
50043
50046
50047
50069
50045
50046
50047
50244
50047
50072
50245
50073
50246
50050
50052
50050
50053
50054
50052
50053
50054
50251
50054
50252
50253
50057
50059
50057
50060
50061
50059
50060
50061
50258
50061
50259
50260
50064
50066
50064
50067
50068
50066
50067
50068
50265
50068
50266
50267
50071
50073
50071
50074
50075
50073
50074
50075
50272
50075
50273
50274
50078
50080
50078
50081
50082
50084
50080
50081
50082
50086
50279
50082
50280
50088
50281
50085
50087
50085
50088
50089
50087
50088
50089
50286
50089
50287
50288
50092
50094
50092
50095
50096
50094
50095
50096
50293
50096
50294
50295
50099
50101
50099
50102
50103
50101
50102
50103
50300
50103
50301
50302
50106
50108
50106
50109
50110
50108
50109
50110
50307
50110
50308
50309
50113
50115
50113
50116
50117
50115
50116
50117
50314
50117
50315
50316
50120
50122
50120
50123
50124
50126
50122
50123
50124
50128
50321
50124
50322
50130
50323
50127
50129
50127
50130
50131
50129
50130
50131
50328
50131
50329
50330
50134
50136
50134
50137
50138
50140
50136
50137
50138
50142
50335
50138
50336
50144
50337
50141
50143
50141
50144
50145
50143
50144
50145
50342
50145
50343
50344
50148
50150
50148
50151
50152
50150
50151
50152
50349
50152
50350
50351
50155
50157
50155
50158
50159
50161
50157
50158
50159
50163
50159
50165
50162
50164
50162
50165
50166
50168
50164
50165
50166
50170
50166
50172
50169
50171
51193
50169
50172
51194
50173
50175
51195
50171
50172
50173
50177
50173
50179
50176
50178
51186
50176
50179
51187
50180
50182
51188
50178
50179
50180
50184
50180
50186
50183
50185
51179
50183
50186
51180
50187
50189
51181
50185
50186
50187
50191
50187
50193
50190
50192
50190
50193
50194
50192
50193
50194
50194
50197
50199
50197
50200
50201
50199
50200
50201
50363
50201
50364
50365
50204
50206
50204
50207
50208
50206
50207
50208
50370
50208
50371
50372
50211
50213
50211
50214
50215
50217
50213
50214
50215
50219
50377
50215
50378
50221
50379
50218
50220
50218
50221
50222
50220
50221
50222
50384
50222
50385
50386
50225
50227
50225
50228
50229
50251
50227
50228
50229
50391
50229
50254
50392
50255
50393
50232
50234
50232
50235
50236
50258
50234
50235
50236
50398
50236
50261
50399
50262
50400
50239
50241
50239
50242
50243
50265
50241
50242
50243
50405
50243
50268
50406
50269
50407
50246
50248
50246
50249
50250
50272
50248
50249
50250
50412
50250
50275
50413
50276
50414
50253
50255
50253
50256
50257
50255
50256
50257
50419
50257
50420
50421
50260
50262
50260
50263
50264
50262
50263
50264
50426
50264
50427
50428
50267
50269
50267
50270
50271
50269
50270
50271
50433
50271
50434
50435
50274
50276
50274
50277
50278
50276
50277
50278
50440
50278
50441
50442
50281
50283
50281
50284
50285
50287
50283
50284
50285
50289
50447
50285
50448
50291
50449
50288
50290
50288
50291
50292
50290
50291
50292
50454
50292
50455
50456
50295
50297
50295
50298
50299
50297
50298
50299
50461
50299
50462
50463
50302
50304
50302
50305
50306
50304
50305
50306
50468
50306
50469
50470
50309
50311
50309
50312
50313
50311
50312
50313
50475
50313
50476
50477
50316
50318
50316
50319
50320
50318
50319
50320
50482
50320
50483
50484
50323
50325
50323
50326
50327
50329
50325
50326
50327
50331
50489
50327
50490
50333
50491
50330
50332
50330
50333
50334
50332
50333
50334
50496
50334
50497
50498
50337
50339
50337
50340
50341
50343
50339
50340
50341
50345
50503
50341
50504
50347
50505
50344
50346
50344
50347
50348
50346
50347
50348
50510
50348
50511
50512
50351
50353
50351
50354
50355
50353
50354
50355
50517
50355
50518
50519
50358
50360
50358
50361
50362
50360
50361
50362
50524
50362
50525
50526
50365
50367
50365
50368
50369
50367
50368
50369
50531
50369
50532
50533
50372
50374
50372
50375
50376
50374
50375
50376
50538
50376
50539
50540
50379
50381
50379
50382
50383
50385
50381
50382
50383
50387
50545
50383
50546
50389
50547
50386
50388
50386
50389
50390
50388
50389
50390
50552
50390
50553
50554
50393
50395
50393
50396
50397
50419
50395
50396
50397
50559
50397
50422
50560
50423
50561
50400
50402
50400
50403
50404
50426
50402
50403
50404
50566
50404
50429
50567
50430
50568
50407
50409
50407
50410
50411
50433
50409
50410
50411
50573
50411
50436
50574
50437
50575
50414
50416
50414
50417
50418
50440
50416
50417
50418
50580
50418
50443
50581
50444
50582
50421
50423
50421
50424
50425
50423
50424
50425
50587
50425
50588
50589
50428
50430
50428
50431
50432
50430
50431
50432
50594
50432
50595
50596
50435
50437
50435
50438
50439
50437
50438
50439
50601
50439
50602
50603
50442
50444
50442
50445
50446
50444
50445
50446
50608
50446
50609
50610
50449
50451
50449
50452
50453
50455
50451
50452
50453
50457
50615
50453
50616
50459
50617
50456
50458
50456
50459
50460
50458
50459
50460
50622
50460
50623
50624
50463
50465
50463
50466
50467
50465
50466
50467
50629
50467
50630
50631
50470
50472
50470
50473
50474
50472
50473
50474
50636
50474
50637
50638
50477
50479
50477
50480
50481
50479
50480
50481
50643
50481
50644
50645
50484
50486
50484
50487
50488
50486
50487
50488
50650
50488
50651
50652
50491
50493
50491
50494
50495
50497
50493
50494
50495
50499
50657
50495
50658
50501
50659
50498
50500
50498
50501
50502
50500
50501
50502
50664
50502
50665
50666
50505
50507
50505
50508
50509
50511
50507
50508
50509
50513
50509
50515
50512
50514
50512
50515
50516
50514
50515
50516
50516
50519
50521
50519
50522
50523
50521
50522
50523
50523
50526
50528
50526
50529
50530
50528
50529
50530
50530
50533
50535
50533
50536
50537
50535
50536
50537
50537
50540
50542
50540
50543
50544
50542
50543
50544
50544
50547
50549
50547
50550
50551
50553
50549
50550
50551
50555
50671
50551
50672
50557
50673
50554
50556
50554
50557
50558
50556
50557
50558
50678
50558
50679
50680
50561
50563
50561
50564
50565
50587
50563
50564
50565
50565
50590
50591
50568
50570
50568
50571
50572
50594
50570
50571
50572
50685
50572
50597
50686
50598
50687
50575
50577
50575
50578
50579
50601
50577
50578
50579
50692
50579
50604
50693
50605
50694
50582
50584
50582
50585
50586
50608
50584
50585
50586
50586
50611
50612
50589
50591
50589
50592
50593
50591
50592
50593
50593
50596
50598
50596
50599
50600
50598
50599
50600
50699
50600
50700
50701
50603
50605
50603
50606
50607
50605
50606
50607
50706
50607
50707
50708
50610
50612
50610
50613
50614
50612
50613
50614
50614
50617
50619
50617
50620
50621
50623
50619
50620
50621
50625
50713
50621
50714
50627
50715
50624
50626
50624
50627
50628
50626
50627
50628
50720
50628
50721
50722
50631
50633
50631
50634
50635
50633
50634
50635
50635
50638
50640
50638
50641
50642
50640
50641
50642
50642
50645
50647
50645
50648
50649
50647
50648
50649
50649
50652
50654
50652
50655
50656
50654
50655
50656
50656
50659
50661
50659
50662
50663
50665
50661
50662
50663
50667
50663
50669
50666
50668
50666
50669
50670
50668
50669
50670
50670
50673
50675
50673
50676
50677
50679
50675
50676
50677
50681
50727
50677
50728
50683
50729
50680
50682
50680
50683
50684
50682
50683
50684
50734
50684
50735
50736
50687
50689
50687
50690
50691
50699
50689
50690
50691
50741
50691
50702
50742
50703
50743
50694
50696
50694
50697
50698
50706
50696
50697
50698
50748
50698
50709
50749
50710
50750
50701
50703
50701
50704
50705
50703
50704
50705
50755
50705
50756
50757
50708
50710
50708
50711
50712
50710
50711
50712
50762
50712
50763
50764
50715
50717
50715
50718
50719
50721
50717
50718
50719
50723
50769
50719
50770
50725
50771
50722
50724
50722
50725
50726
50724
50725
50726
50776
50726
50777
50778
50729
50731
50729
50732
50733
50735
50731
50732
50733
50737
50783
50733
50784
50739
50785
50736
50738
50736
50739
50740
50738
50739
50740
50790
50740
50791
50792
50743
50745
50743
50746
50747
50755
50745
50746
50747
50797
50747
50758
50798
50759
50799
50750
50752
50750
50753
50754
50762
50752
50753
50754
50804
50754
50765
50805
50766
50806
50757
50759
50757
50760
50761
50759
50760
50761
50811
50761
50812
50813
50764
50766
50764
50767
50768
50766
50767
50768
50818
50768
50819
50820
50771
50773
50771
50774
50775
50777
50773
50774
50775
50779
50825
50775
50826
50781
50827
50778
50780
50778
50781
50782
50780
50781
50782
50832
50782
50833
50834
50785
50787
50785
50788
50789
50791
50787
50788
50789
50793
50839
50789
50840
50795
50841
50792
50794
50792
50795
50796
50794
50795
50796
50846
50796
50847
50848
50799
50801
50799
50802
50803
50811
50801
50802
50803
50853
50803
50814
50854
50815
50855
50806
50808
50806
50809
50810
50818
50808
50809
50810
50860
50810
50821
50861
50822
50862
50813
50815
50813
50816
50817
50815
50816
50817
50867
50817
50868
50869
50820
50822
50820
50823
50824
50822
50823
50824
50874
50824
50875
50876
50827
50829
50827
50830
50831
50833
50829
50830
50831
50835
50881
50831
50882
50837
50883
50834
50836
50834
50837
50838
50836
50837
50838
50888
50838
50889
50890
50841
50843
50841
50844
50845
50847
50843
50844
50845
50849
50895
50845
50896
50851
50897
50848
50850
50848
50851
50852
50850
50851
50852
50902
50852
50903
50904
50855
50857
50855
50858
50859
50867
50857
50858
50859
50909
50859
50870
50910
50871
50911
50862
50864
50862
50865
50866
50874
50864
50865
50866
50916
50866
50877
50917
50878
50918
50869
50871
50869
50872
50873
50871
50872
50873
50923
50873
50924
50925
50876
50878
50876
50879
50880
50878
50879
50880
50930
50880
50931
50932
50883
50885
50883
50886
50887
50889
50885
50886
50887
50891
50937
50887
50938
50893
50939
50890
50892
50890
50893
50894
50892
50893
50894
50944
50894
50945
50946
50897
50899
50897
50900
50901
50903
50899
50900
50901
50905
50951
50901
50952
50907
50953
50904
50906
50904
50907
50908
50906
50907
50908
50958
50908
50959
50960
50911
50913
50911
50914
50915
50923
50913
50914
50915
50965
50915
50926
50966
50927
50967
50918
50920
50918
50921
50922
50930
50920
50921
50922
50972
50922
50933
50973
50934
50974
50925
50927
50925
50928
50929
50927
50928
50929
50979
50929
50980
50981
50932
50934
50932
50935
50936
50934
50935
50936
50986
50936
50987
50988
50939
50941
50939
50942
50943
50945
50941
50942
50943
50947
50993
50943
50994
50949
50995
50946
50948
50946
50949
50950
50948
50949
50950
51000
50950
51001
51002
50953
50955
50953
50956
50957
50959
50955
50956
50957
50961
51007
50957
51008
50963
51009
50960
50962
50960
50963
50964
50962
50963
50964
51014
50964
51015
51016
50967
50969
50967
50970
50971
50979
50969
50970
50971
51021
50971
50982
51022
50983
51023
50974
50976
50974
50977
50978
50986
50976
50977
50978
51028
50978
50989
51029
50990
51030
50981
50983
50981
50984
50985
50983
50984
50985
51035
50985
51036
51037
50988
50990
50988
50991
50992
50990
50991
50992
51042
50992
51043
51044
50995
50997
50995
50998
50999
51001
50997
50998
50999
51003
51049
50999
51050
51005
51051
51002
51004
51002
51005
51006
51004
51005
51006
51056
51006
51057
51058
51009
51011
51009
51012
51013
51015
51011
51012
51013
51017
51063
51013
51064
51019
51065
51016
51018
51016
51019
51020
51018
51019
51020
51070
51020
51071
51072
51023
51025
51023
51026
51027
51035
51025
51026
51027
51077
51027
51038
51078
51039
51079
51030
51032
51030
51033
51034
51042
51032
51033
51034
51084
51034
51045
51085
51046
51086
51037
51039
51037
51040
51041
51039
51040
51041
51091
51041
51092
51093
51044
51046
51044
51047
51048
51046
51047
51048
51098
51048
51099
51100
51051
51053
51051
51054
51055
51057
51053
51054
51055
51059
51105
51055
51106
51061
51107
51058
51060
51058
51061
51062
51060
51061
51062
51112
51062
51113
51114
51065
51067
51065
51068
51069
51071
51067
51068
51069
51073
51119
51069
51120
51075
51121
51072
51074
51072
51075
51076
51074
51075
51076
51126
51076
51127
51128
51079
51081
51079
51082
51083
51091
51081
51082
51083
51133
51083
51094
51134
51095
51135
51086
51088
51086
51089
51090
51098
51088
51089
51090
51140
51090
51101
51141
51102
51142
51093
51095
51093
51096
51097
51095
51096
51097
51147
51097
51148
51149
51100
51102
51100
51103
51104
51102
51103
51104
51154
51104
51155
51156
51107
51109
51107
51110
51111
51113
51109
51110
51111
51115
51161
51111
51162
51117
51163
51114
51116
51114
51117
51118
51116
51117
51118
51168
51118
51169
51170
51121
51123
51121
51124
51125
51127
51123
51124
51125
51129
51125
51131
51128
51130
51128
51131
51132
51130
51131
51132
51132
51135
51137
51135
51138
51139
51147
51137
51138
51139
51139
51150
51151
51142
51144
51142
51145
51146
51154
51144
51145
51146
51146
51157
51158
51149
51151
51149
51152
51153
51151
51152
51153
51153
51156
51158
51156
51159
51160
51158
51159
51160
51160
51163
51165
51163
51166
51167
51169
51165
51166
51167
51171
51167
51173
51170
51172
51170
51173
51174
51172
51173
51174
51174
51177
51179
51177
51180
51184
51181
51179
51180
51186
51181
51181
51188
51184
51186
51184
51187
51191
51188
51186
51187
51193
51188
51188
51195
51191
51193
51191
51194
51195
51193
51194
51195
51195
)


// ************************************************************************* //
